0
SECTION
2
HEADER
9
$ACADVER
1
AC1009
9
$DWGCODEPAGE
3
ANSI_1252
9
$INSBASE
10
0.0
20
0.0
30
0.0
9
$EXTMIN
10
0.000000
20
0.000000
30
0.0
9
$EXTMAX
10
108.899500
20
22.505000
30
0.0
9
$LIMMIN
10
0.000000
20
0.000000
9
$LIMMAX
10
108.899500
20
22.505000
9
$LTSCALE
40
1.0
9
$TEXTSTYLE
7
STANDARD
9
$CLAYER
8
0
9
$LUNITS
70
2
9
$LUPREC
70
3
0
ENDSEC
0
SECTION
2
TABLES
0
TABLE
2
VPORT
70
1
0
VPORT
2
*ACTIVE
70
0
10
0.0
20
0.0
11
1.0
21
1.0
12
54.449750
22
11.252500
13
0.0
23
0.0
14
0.5
24
0.5
15
0.0
25
0.0
16
0.0
26
0.0
36
1.0
17
0.0
27
0.0
37
0.0
40
24.755500
41
1.5
42
50.0
43
0.0
44
0.0
50
0.0
51
0.0
71
0
72
1000
73
1
74
3
75
0
76
1
77
0
78
0
0
ENDTAB
0
TABLE
2
LTYPE
70
4
0
LTYPE
2
CONTINUOUS
70
0
3
Trait continu
72
65
73
0
40
0.000000
0
LTYPE
2
AXE
70
0
3
Axe ____ _ ____ _ ____
72
65
73
4
40
0.960000
49
0.600000
49
-0.120000
49
0.120000
49
-0.120000
0
LTYPE
2
TIRETS
70
0
3
Tirets __ __ __ __ __
72
65
73
2
40
0.370000
49
0.250000
49
-0.120000
0
LTYPE
2
POINTILLE
70
0
3
Pointille . . . . . .
72
65
73
2
40
0.150000
49
0.000000
49
-0.150000
0
ENDTAB
0
TABLE
2
LAYER
70
18
0
LAYER
2
0
70
0
62
7
6
CONTINUOUS
0
LAYER
2
00_CARTOUCHE
70
0
62
7
6
CONTINUOUS
0
LAYER
2
01_AXES
70
0
62
1
6
AXE
0
LAYER
2
02_BETON
70
0
62
7
6
CONTINUOUS
0
LAYER
2
03_BETON_CACHE
70
0
62
8
6
TIRETS
0
LAYER
2
04_HACHURES
70
0
62
9
6
CONTINUOUS
0
LAYER
2
05_TERRAIN
70
0
62
3
6
CONTINUOUS
0
LAYER
2
06_REMBLAI
70
0
62
42
6
CONTINUOUS
0
LAYER
2
07_CHAUSSEE
70
0
62
8
6
CONTINUOUS
0
LAYER
2
08_ACIER_LONG
70
0
62
1
6
CONTINUOUS
0
LAYER
2
09_ACIER_COUPE
70
0
62
2
6
CONTINUOUS
0
LAYER
2
10_COTATION
70
0
62
4
6
CONTINUOUS
0
LAYER
2
11_TEXTE
70
0
62
7
6
CONTINUOUS
0
LAYER
2
12_TABLEAU
70
0
62
7
6
CONTINUOUS
0
LAYER
2
13_EAU
70
0
62
5
6
CONTINUOUS
0
LAYER
2
14_ENROCHEMENT
70
0
62
8
6
CONTINUOUS
0
LAYER
2
15_VU_ARRIERE
70
0
62
8
6
CONTINUOUS
0
LAYER
2
16_BETON_FIN
70
0
62
8
6
CONTINUOUS
0
ENDTAB
0
TABLE
2
STYLE
70
1
0
STYLE
2
STANDARD
70
0
40
0.0
41
0.85
50
0.0
71
0
42
2.5
3
txt
4

0
ENDTAB
0
ENDSEC
0
SECTION
2
BLOCKS
0
ENDSEC
0
SECTION
2
ENTITIES
0
POLYLINE
8
02_BETON
66
1
10
0.0
20
0.0
30
0.0
70
1
0
VERTEX
8
02_BETON
10
6.595000
20
7.605000
30
0.0
0
VERTEX
8
02_BETON
10
5.095000
20
5.006924
30
0.0
0
VERTEX
8
02_BETON
10
4.878494
20
5.131924
30
0.0
0
VERTEX
8
02_BETON
10
6.378494
20
7.730000
30
0.0
0
SEQEND
8
02_BETON
0
LINE
8
04_HACHURES
10
5.045688
20
5.035394
30
0.0
11
5.201252
21
5.190957
31
0.0
0
LINE
8
04_HACHURES
10
4.947065
20
5.092334
30
0.0
11
5.413756
21
5.559025
31
0.0
0
LINE
8
04_HACHURES
10
4.943247
20
5.244079
30
0.0
11
5.626259
21
5.927092
31
0.0
0
LINE
8
04_HACHURES
10
5.155750
20
5.612146
30
0.0
11
5.838763
21
6.295159
31
0.0
0
LINE
8
04_HACHURES
10
5.368254
20
5.980213
30
0.0
11
6.051267
21
6.663226
31
0.0
0
LINE
8
04_HACHURES
10
5.580758
20
6.348281
30
0.0
11
6.263770
21
7.031293
31
0.0
0
LINE
8
04_HACHURES
10
5.793261
20
6.716348
30
0.0
11
6.476274
21
7.399360
31
0.0
0
LINE
8
04_HACHURES
10
6.005765
20
7.084415
30
0.0
11
6.551478
21
7.630128
31
0.0
0
LINE
8
04_HACHURES
10
6.218269
20
7.452482
30
0.0
11
6.452854
21
7.687068
31
0.0
0
POLYLINE
8
03_BETON_CACHE
66
1
10
0.0
20
0.0
30
0.0
70
1
0
VERTEX
8
03_BETON_CACHE
10
6.941410
20
7.405000
30
0.0
0
VERTEX
8
03_BETON_CACHE
10
5.441410
20
4.806924
30
0.0
0
VERTEX
8
03_BETON_CACHE
10
3.709359
20
5.806924
30
0.0
0
VERTEX
8
03_BETON_CACHE
10
5.209359
20
8.405000
30
0.0
0
SEQEND
8
03_BETON_CACHE
0
POLYLINE
8
02_BETON
66
1
10
0.0
20
0.0
30
0.0
70
1
0
VERTEX
8
02_BETON
10
8.595000
20
7.605000
30
0.0
0
VERTEX
8
02_BETON
10
10.095000
20
5.006924
30
0.0
0
VERTEX
8
02_BETON
10
10.311506
20
5.131924
30
0.0
0
VERTEX
8
02_BETON
10
8.811506
20
7.730000
30
0.0
0
SEQEND
8
02_BETON
0
LINE
8
04_HACHURES
10
10.127473
20
5.025672
30
0.0
11
10.283036
21
5.181235
31
0.0
0
LINE
8
04_HACHURES
10
10.043083
20
5.096846
30
0.0
11
10.226096
21
5.279859
31
0.0
0
LINE
8
04_HACHURES
10
9.986143
20
5.195469
30
0.0
11
10.169156
21
5.378482
31
0.0
0
LINE
8
04_HACHURES
10
9.929203
20
5.294093
30
0.0
11
10.112216
21
5.477105
31
0.0
0
LINE
8
04_HACHURES
10
9.872263
20
5.392716
30
0.0
11
10.055275
21
5.575729
31
0.0
0
LINE
8
04_HACHURES
10
9.815323
20
5.491339
30
0.0
11
9.998335
21
5.674352
31
0.0
0
LINE
8
04_HACHURES
10
9.758382
20
5.589963
30
0.0
11
9.941395
21
5.772975
31
0.0
0
LINE
8
04_HACHURES
10
9.701442
20
5.688586
30
0.0
11
9.884455
21
5.871599
31
0.0
0
LINE
8
04_HACHURES
10
9.644502
20
5.787209
30
0.0
11
9.827515
21
5.970222
31
0.0
0
LINE
8
04_HACHURES
10
9.587562
20
5.885832
30
0.0
11
9.770575
21
6.068845
31
0.0
0
LINE
8
04_HACHURES
10
9.530622
20
5.984456
30
0.0
11
9.713634
21
6.167468
31
0.0
0
LINE
8
04_HACHURES
10
9.473681
20
6.083079
30
0.0
11
9.656694
21
6.266092
31
0.0
0
LINE
8
04_HACHURES
10
9.416741
20
6.181702
30
0.0
11
9.599754
21
6.364715
31
0.0
0
LINE
8
04_HACHURES
10
9.359801
20
6.280326
30
0.0
11
9.542814
21
6.463338
31
0.0
0
LINE
8
04_HACHURES
10
9.302861
20
6.378949
30
0.0
11
9.485874
21
6.561962
31
0.0
0
LINE
8
04_HACHURES
10
9.245921
20
6.477572
30
0.0
11
9.428933
21
6.660585
31
0.0
0
LINE
8
04_HACHURES
10
9.188981
20
6.576196
30
0.0
11
9.371993
21
6.759208
31
0.0
0
LINE
8
04_HACHURES
10
9.132040
20
6.674819
30
0.0
11
9.315053
21
6.857832
31
0.0
0
LINE
8
04_HACHURES
10
9.075100
20
6.773442
30
0.0
11
9.258113
21
6.956455
31
0.0
0
LINE
8
04_HACHURES
10
9.018160
20
6.872065
30
0.0
11
9.201173
21
7.055078
31
0.0
0
LINE
8
04_HACHURES
10
8.961220
20
6.970689
30
0.0
11
9.144232
21
7.153701
31
0.0
0
LINE
8
04_HACHURES
10
8.904280
20
7.069312
30
0.0
11
9.087292
21
7.252325
31
0.0
0
LINE
8
04_HACHURES
10
8.847339
20
7.167935
30
0.0
11
9.030352
21
7.350948
31
0.0
0
LINE
8
04_HACHURES
10
8.790399
20
7.266559
30
0.0
11
8.973412
21
7.449571
31
0.0
0
LINE
8
04_HACHURES
10
8.733459
20
7.365182
30
0.0
11
8.916472
21
7.548195
31
0.0
0
LINE
8
04_HACHURES
10
8.676519
20
7.463805
30
0.0
11
8.859532
21
7.646818
31
0.0
0
LINE
8
04_HACHURES
10
8.619579
20
7.562429
30
0.0
11
8.753879
21
7.696729
31
0.0
0
POLYLINE
8
03_BETON_CACHE
66
1
10
0.0
20
0.0
30
0.0
70
1
0
VERTEX
8
03_BETON_CACHE
10
8.248590
20
7.405000
30
0.0
0
VERTEX
8
03_BETON_CACHE
10
9.748590
20
4.806924
30
0.0
0
VERTEX
8
03_BETON_CACHE
10
11.480641
20
5.806924
30
0.0
0
VERTEX
8
03_BETON_CACHE
10
9.980641
20
8.405000
30
0.0
0
SEQEND
8
03_BETON_CACHE
0
POLYLINE
8
02_BETON
66
1
10
0.0
20
0.0
30
0.0
70
1
0
VERTEX
8
02_BETON
10
6.595000
20
16.605000
30
0.0
0
VERTEX
8
02_BETON
10
5.095000
20
19.203076
30
0.0
0
VERTEX
8
02_BETON
10
4.878494
20
19.078076
30
0.0
0
VERTEX
8
02_BETON
10
6.378494
20
16.480000
30
0.0
0
SEQEND
8
02_BETON
0
LINE
8
04_HACHURES
10
6.410966
20
16.498748
30
0.0
11
6.566530
21
16.654312
31
0.0
0
LINE
8
04_HACHURES
10
6.326577
20
16.569922
30
0.0
11
6.509590
21
16.752935
31
0.0
0
LINE
8
04_HACHURES
10
6.269637
20
16.668546
30
0.0
11
6.452650
21
16.851558
31
0.0
0
LINE
8
04_HACHURES
10
6.212697
20
16.767169
30
0.0
11
6.395709
21
16.950182
31
0.0
0
LINE
8
04_HACHURES
10
6.155756
20
16.865792
30
0.0
11
6.338769
21
17.048805
31
0.0
0
LINE
8
04_HACHURES
10
6.098816
20
16.964415
30
0.0
11
6.281829
21
17.147428
31
0.0
0
LINE
8
04_HACHURES
10
6.041876
20
17.063039
30
0.0
11
6.224889
21
17.246051
31
0.0
0
LINE
8
04_HACHURES
10
5.984936
20
17.161662
30
0.0
11
6.167949
21
17.344675
31
0.0
0
LINE
8
04_HACHURES
10
5.927996
20
17.260285
30
0.0
11
6.111008
21
17.443298
31
0.0
0
LINE
8
04_HACHURES
10
5.871055
20
17.358909
30
0.0
11
6.054068
21
17.541921
31
0.0
0
LINE
8
04_HACHURES
10
5.814115
20
17.457532
30
0.0
11
5.997128
21
17.640545
31
0.0
0
LINE
8
04_HACHURES
10
5.757175
20
17.556155
30
0.0
11
5.940188
21
17.739168
31
0.0
0
LINE
8
04_HACHURES
10
5.700235
20
17.654779
30
0.0
11
5.883248
21
17.837791
31
0.0
0
LINE
8
04_HACHURES
10
5.643295
20
17.753402
30
0.0
11
5.826307
21
17.936415
31
0.0
0
LINE
8
04_HACHURES
10
5.586355
20
17.852025
30
0.0
11
5.769367
21
18.035038
31
0.0
0
LINE
8
04_HACHURES
10
5.529414
20
17.950648
30
0.0
11
5.712427
21
18.133661
31
0.0
0
LINE
8
04_HACHURES
10
5.472474
20
18.049272
30
0.0
11
5.655487
21
18.232284
31
0.0
0
LINE
8
04_HACHURES
10
5.415534
20
18.147895
30
0.0
11
5.598547
21
18.330908
31
0.0
0
LINE
8
04_HACHURES
10
5.358594
20
18.246518
30
0.0
11
5.541606
21
18.429531
31
0.0
0
LINE
8
04_HACHURES
10
5.301654
20
18.345142
30
0.0
11
5.484666
21
18.528154
31
0.0
0
LINE
8
04_HACHURES
10
5.244713
20
18.443765
30
0.0
11
5.427726
21
18.626778
31
0.0
0
LINE
8
04_HACHURES
10
5.187773
20
18.542388
30
0.0
11
5.370786
21
18.725401
31
0.0
0
LINE
8
04_HACHURES
10
5.130833
20
18.641012
30
0.0
11
5.313846
21
18.824024
31
0.0
0
LINE
8
04_HACHURES
10
5.073893
20
18.739635
30
0.0
11
5.256906
21
18.922648
31
0.0
0
LINE
8
04_HACHURES
10
5.016953
20
18.838258
30
0.0
11
5.199965
21
19.021271
31
0.0
0
LINE
8
04_HACHURES
10
4.960012
20
18.936881
30
0.0
11
5.143025
21
19.119894
31
0.0
0
LINE
8
04_HACHURES
10
4.903072
20
19.035505
30
0.0
11
5.037372
21
19.169805
31
0.0
0
POLYLINE
8
03_BETON_CACHE
66
1
10
0.0
20
0.0
30
0.0
70
1
0
VERTEX
8
03_BETON_CACHE
10
6.941410
20
16.805000
30
0.0
0
VERTEX
8
03_BETON_CACHE
10
5.441410
20
19.403076
30
0.0
0
VERTEX
8
03_BETON_CACHE
10
3.709359
20
18.403076
30
0.0
0
VERTEX
8
03_BETON_CACHE
10
5.209359
20
15.805000
30
0.0
0
SEQEND
8
03_BETON_CACHE
0
POLYLINE
8
02_BETON
66
1
10
0.0
20
0.0
30
0.0
70
1
0
VERTEX
8
02_BETON
10
8.595000
20
16.605000
30
0.0
0
VERTEX
8
02_BETON
10
10.095000
20
19.203076
30
0.0
0
VERTEX
8
02_BETON
10
10.311506
20
19.078076
30
0.0
0
VERTEX
8
02_BETON
10
8.811506
20
16.480000
30
0.0
0
SEQEND
8
02_BETON
0
LINE
8
04_HACHURES
10
8.762195
20
16.508470
30
0.0
11
8.917758
21
16.664034
31
0.0
0
LINE
8
04_HACHURES
10
8.663571
20
16.565410
30
0.0
11
9.130262
21
17.032101
31
0.0
0
LINE
8
04_HACHURES
10
8.659753
20
16.717155
30
0.0
11
9.342766
21
17.400168
31
0.0
0
LINE
8
04_HACHURES
10
8.872257
20
17.085222
30
0.0
11
9.555269
21
17.768235
31
0.0
0
LINE
8
04_HACHURES
10
9.084760
20
17.453290
30
0.0
11
9.767773
21
18.136302
31
0.0
0
LINE
8
04_HACHURES
10
9.297264
20
17.821357
30
0.0
11
9.980277
21
18.504369
31
0.0
0
LINE
8
04_HACHURES
10
9.509768
20
18.189424
30
0.0
11
10.192780
21
18.872437
31
0.0
0
LINE
8
04_HACHURES
10
9.722271
20
18.557491
30
0.0
11
10.267984
21
19.103204
31
0.0
0
LINE
8
04_HACHURES
10
9.934775
20
18.925558
30
0.0
11
10.169361
21
19.160144
31
0.0
0
POLYLINE
8
03_BETON_CACHE
66
1
10
0.0
20
0.0
30
0.0
70
1
0
VERTEX
8
03_BETON_CACHE
10
8.248590
20
16.805000
30
0.0
0
VERTEX
8
03_BETON_CACHE
10
9.748590
20
19.403076
30
0.0
0
VERTEX
8
03_BETON_CACHE
10
11.480641
20
18.403076
30
0.0
0
VERTEX
8
03_BETON_CACHE
10
9.980641
20
15.805000
30
0.0
0
SEQEND
8
03_BETON_CACHE
0
POLYLINE
8
02_BETON
66
1
10
0.0
20
0.0
30
0.0
70
1
0
VERTEX
8
02_BETON
10
6.345000
20
7.605000
30
0.0
0
VERTEX
8
02_BETON
10
8.845000
20
7.605000
30
0.0
0
VERTEX
8
02_BETON
10
8.845000
20
16.605000
30
0.0
0
VERTEX
8
02_BETON
10
6.345000
20
16.605000
30
0.0
0
SEQEND
8
02_BETON
0
POLYLINE
8
03_BETON_CACHE
66
1
10
0.0
20
0.0
30
0.0
70
1
0
VERTEX
8
03_BETON_CACHE
10
6.595000
20
7.605000
30
0.0
0
VERTEX
8
03_BETON_CACHE
10
8.595000
20
7.605000
30
0.0
0
VERTEX
8
03_BETON_CACHE
10
8.595000
20
16.605000
30
0.0
0
VERTEX
8
03_BETON_CACHE
10
6.595000
20
16.605000
30
0.0
0
SEQEND
8
03_BETON_CACHE
0
LINE
8
02_BETON
10
6.345000
20
7.855000
30
0.0
11
8.845000
21
7.855000
31
0.0
0
LINE
8
02_BETON
10
6.345000
20
16.355000
30
0.0
11
8.845000
21
16.355000
31
0.0
0
LINE
8
04_HACHURES
10
8.767218
20
7.605000
30
0.0
11
8.845000
21
7.682782
31
0.0
0
LINE
8
04_HACHURES
10
8.611655
20
7.605000
30
0.0
11
8.845000
21
7.838345
31
0.0
0
LINE
8
04_HACHURES
10
8.595000
20
7.743909
30
0.0
11
8.845000
21
7.993909
31
0.0
0
LINE
8
04_HACHURES
10
8.595000
20
7.899472
30
0.0
11
8.845000
21
8.149472
31
0.0
0
LINE
8
04_HACHURES
10
8.595000
20
8.055036
30
0.0
11
8.845000
21
8.305036
31
0.0
0
LINE
8
04_HACHURES
10
8.595000
20
8.210599
30
0.0
11
8.845000
21
8.460599
31
0.0
0
LINE
8
04_HACHURES
10
8.595000
20
8.366163
30
0.0
11
8.845000
21
8.616163
31
0.0
0
LINE
8
04_HACHURES
10
8.595000
20
8.521726
30
0.0
11
8.845000
21
8.771726
31
0.0
0
LINE
8
04_HACHURES
10
8.595000
20
8.677290
30
0.0
11
8.845000
21
8.927290
31
0.0
0
LINE
8
04_HACHURES
10
8.595000
20
8.832853
30
0.0
11
8.845000
21
9.082853
31
0.0
0
LINE
8
04_HACHURES
10
8.595000
20
8.988417
30
0.0
11
8.845000
21
9.238417
31
0.0
0
LINE
8
04_HACHURES
10
8.595000
20
9.143980
30
0.0
11
8.845000
21
9.393980
31
0.0
0
LINE
8
04_HACHURES
10
8.595000
20
9.299544
30
0.0
11
8.845000
21
9.549544
31
0.0
0
LINE
8
04_HACHURES
10
8.595000
20
9.455107
30
0.0
11
8.845000
21
9.705107
31
0.0
0
LINE
8
04_HACHURES
10
6.589329
20
7.605000
30
0.0
11
6.595000
21
7.610671
31
0.0
0
LINE
8
04_HACHURES
10
8.595000
20
9.610671
30
0.0
11
8.845000
21
9.860671
31
0.0
0
LINE
8
04_HACHURES
10
6.433766
20
7.605000
30
0.0
11
6.595000
21
7.766234
31
0.0
0
LINE
8
04_HACHURES
10
8.595000
20
9.766234
30
0.0
11
8.845000
21
10.016234
31
0.0
0
LINE
8
04_HACHURES
10
6.345000
20
7.671798
30
0.0
11
6.595000
21
7.921798
31
0.0
0
LINE
8
04_HACHURES
10
8.595000
20
9.921798
30
0.0
11
8.845000
21
10.171798
31
0.0
0
LINE
8
04_HACHURES
10
6.345000
20
7.827361
30
0.0
11
6.595000
21
8.077361
31
0.0
0
LINE
8
04_HACHURES
10
8.595000
20
10.077361
30
0.0
11
8.845000
21
10.327361
31
0.0
0
LINE
8
04_HACHURES
10
6.345000
20
7.982925
30
0.0
11
6.595000
21
8.232925
31
0.0
0
LINE
8
04_HACHURES
10
8.595000
20
10.232925
30
0.0
11
8.845000
21
10.482925
31
0.0
0
LINE
8
04_HACHURES
10
6.345000
20
8.138488
30
0.0
11
6.595000
21
8.388488
31
0.0
0
LINE
8
04_HACHURES
10
8.595000
20
10.388488
30
0.0
11
8.845000
21
10.638488
31
0.0
0
LINE
8
04_HACHURES
10
6.345000
20
8.294052
30
0.0
11
6.595000
21
8.544052
31
0.0
0
LINE
8
04_HACHURES
10
8.595000
20
10.544052
30
0.0
11
8.845000
21
10.794052
31
0.0
0
LINE
8
04_HACHURES
10
6.345000
20
8.449615
30
0.0
11
6.595000
21
8.699615
31
0.0
0
LINE
8
04_HACHURES
10
8.595000
20
10.699615
30
0.0
11
8.845000
21
10.949615
31
0.0
0
LINE
8
04_HACHURES
10
6.345000
20
8.605179
30
0.0
11
6.595000
21
8.855179
31
0.0
0
LINE
8
04_HACHURES
10
8.595000
20
10.855179
30
0.0
11
8.845000
21
11.105179
31
0.0
0
LINE
8
04_HACHURES
10
6.345000
20
8.760742
30
0.0
11
6.595000
21
9.010742
31
0.0
0
LINE
8
04_HACHURES
10
8.595000
20
11.010742
30
0.0
11
8.845000
21
11.260742
31
0.0
0
LINE
8
04_HACHURES
10
6.345000
20
8.916306
30
0.0
11
6.595000
21
9.166306
31
0.0
0
LINE
8
04_HACHURES
10
8.595000
20
11.166306
30
0.0
11
8.845000
21
11.416306
31
0.0
0
LINE
8
04_HACHURES
10
6.345000
20
9.071869
30
0.0
11
6.595000
21
9.321869
31
0.0
0
LINE
8
04_HACHURES
10
8.595000
20
11.321869
30
0.0
11
8.845000
21
11.571869
31
0.0
0
LINE
8
04_HACHURES
10
6.345000
20
9.227433
30
0.0
11
6.595000
21
9.477433
31
0.0
0
LINE
8
04_HACHURES
10
8.595000
20
11.477433
30
0.0
11
8.845000
21
11.727433
31
0.0
0
LINE
8
04_HACHURES
10
6.345000
20
9.382996
30
0.0
11
6.595000
21
9.632996
31
0.0
0
LINE
8
04_HACHURES
10
8.595000
20
11.632996
30
0.0
11
8.845000
21
11.882996
31
0.0
0
LINE
8
04_HACHURES
10
6.345000
20
9.538560
30
0.0
11
6.595000
21
9.788560
31
0.0
0
LINE
8
04_HACHURES
10
8.595000
20
11.788560
30
0.0
11
8.845000
21
12.038560
31
0.0
0
LINE
8
04_HACHURES
10
6.345000
20
9.694123
30
0.0
11
6.595000
21
9.944123
31
0.0
0
LINE
8
04_HACHURES
10
8.595000
20
11.944123
30
0.0
11
8.845000
21
12.194123
31
0.0
0
LINE
8
04_HACHURES
10
6.345000
20
9.849687
30
0.0
11
6.595000
21
10.099687
31
0.0
0
LINE
8
04_HACHURES
10
8.595000
20
12.099687
30
0.0
11
8.845000
21
12.349687
31
0.0
0
LINE
8
04_HACHURES
10
6.345000
20
10.005250
30
0.0
11
6.595000
21
10.255250
31
0.0
0
LINE
8
04_HACHURES
10
8.595000
20
12.255250
30
0.0
11
8.845000
21
12.505250
31
0.0
0
LINE
8
04_HACHURES
10
6.345000
20
10.160813
30
0.0
11
6.595000
21
10.410813
31
0.0
0
LINE
8
04_HACHURES
10
8.595000
20
12.410813
30
0.0
11
8.845000
21
12.660813
31
0.0
0
LINE
8
04_HACHURES
10
6.345000
20
10.316377
30
0.0
11
6.595000
21
10.566377
31
0.0
0
LINE
8
04_HACHURES
10
8.595000
20
12.566377
30
0.0
11
8.845000
21
12.816377
31
0.0
0
LINE
8
04_HACHURES
10
6.345000
20
10.471940
30
0.0
11
6.595000
21
10.721940
31
0.0
0
LINE
8
04_HACHURES
10
8.595000
20
12.721940
30
0.0
11
8.845000
21
12.971940
31
0.0
0
LINE
8
04_HACHURES
10
6.345000
20
10.627504
30
0.0
11
6.595000
21
10.877504
31
0.0
0
LINE
8
04_HACHURES
10
8.595000
20
12.877504
30
0.0
11
8.845000
21
13.127504
31
0.0
0
LINE
8
04_HACHURES
10
6.345000
20
10.783067
30
0.0
11
6.595000
21
11.033067
31
0.0
0
LINE
8
04_HACHURES
10
8.595000
20
13.033067
30
0.0
11
8.845000
21
13.283067
31
0.0
0
LINE
8
04_HACHURES
10
6.345000
20
10.938631
30
0.0
11
6.595000
21
11.188631
31
0.0
0
LINE
8
04_HACHURES
10
8.595000
20
13.188631
30
0.0
11
8.845000
21
13.438631
31
0.0
0
LINE
8
04_HACHURES
10
6.345000
20
11.094194
30
0.0
11
6.595000
21
11.344194
31
0.0
0
LINE
8
04_HACHURES
10
8.595000
20
13.344194
30
0.0
11
8.845000
21
13.594194
31
0.0
0
LINE
8
04_HACHURES
10
6.345000
20
11.249758
30
0.0
11
6.595000
21
11.499758
31
0.0
0
LINE
8
04_HACHURES
10
8.595000
20
13.499758
30
0.0
11
8.845000
21
13.749758
31
0.0
0
LINE
8
04_HACHURES
10
6.345000
20
11.405321
30
0.0
11
6.595000
21
11.655321
31
0.0
0
LINE
8
04_HACHURES
10
8.595000
20
13.655321
30
0.0
11
8.845000
21
13.905321
31
0.0
0
LINE
8
04_HACHURES
10
6.345000
20
11.560885
30
0.0
11
6.595000
21
11.810885
31
0.0
0
LINE
8
04_HACHURES
10
8.595000
20
13.810885
30
0.0
11
8.845000
21
14.060885
31
0.0
0
LINE
8
04_HACHURES
10
6.345000
20
11.716448
30
0.0
11
6.595000
21
11.966448
31
0.0
0
LINE
8
04_HACHURES
10
8.595000
20
13.966448
30
0.0
11
8.845000
21
14.216448
31
0.0
0
LINE
8
04_HACHURES
10
6.345000
20
11.872012
30
0.0
11
6.595000
21
12.122012
31
0.0
0
LINE
8
04_HACHURES
10
8.595000
20
14.122012
30
0.0
11
8.845000
21
14.372012
31
0.0
0
LINE
8
04_HACHURES
10
6.345000
20
12.027575
30
0.0
11
6.595000
21
12.277575
31
0.0
0
LINE
8
04_HACHURES
10
8.595000
20
14.277575
30
0.0
11
8.845000
21
14.527575
31
0.0
0
LINE
8
04_HACHURES
10
6.345000
20
12.183139
30
0.0
11
6.595000
21
12.433139
31
0.0
0
LINE
8
04_HACHURES
10
8.595000
20
14.433139
30
0.0
11
8.845000
21
14.683139
31
0.0
0
LINE
8
04_HACHURES
10
6.345000
20
12.338702
30
0.0
11
6.595000
21
12.588702
31
0.0
0
LINE
8
04_HACHURES
10
8.595000
20
14.588702
30
0.0
11
8.845000
21
14.838702
31
0.0
0
LINE
8
04_HACHURES
10
6.345000
20
12.494266
30
0.0
11
6.595000
21
12.744266
31
0.0
0
LINE
8
04_HACHURES
10
8.595000
20
14.744266
30
0.0
11
8.845000
21
14.994266
31
0.0
0
LINE
8
04_HACHURES
10
6.345000
20
12.649829
30
0.0
11
6.595000
21
12.899829
31
0.0
0
LINE
8
04_HACHURES
10
8.595000
20
14.899829
30
0.0
11
8.845000
21
15.149829
31
0.0
0
LINE
8
04_HACHURES
10
6.345000
20
12.805393
30
0.0
11
6.595000
21
13.055393
31
0.0
0
LINE
8
04_HACHURES
10
8.595000
20
15.055393
30
0.0
11
8.845000
21
15.305393
31
0.0
0
LINE
8
04_HACHURES
10
6.345000
20
12.960956
30
0.0
11
6.595000
21
13.210956
31
0.0
0
LINE
8
04_HACHURES
10
8.595000
20
15.210956
30
0.0
11
8.845000
21
15.460956
31
0.0
0
LINE
8
04_HACHURES
10
6.345000
20
13.116520
30
0.0
11
6.595000
21
13.366520
31
0.0
0
LINE
8
04_HACHURES
10
8.595000
20
15.366520
30
0.0
11
8.845000
21
15.616520
31
0.0
0
LINE
8
04_HACHURES
10
6.345000
20
13.272083
30
0.0
11
6.595000
21
13.522083
31
0.0
0
LINE
8
04_HACHURES
10
8.595000
20
15.522083
30
0.0
11
8.845000
21
15.772083
31
0.0
0
LINE
8
04_HACHURES
10
6.345000
20
13.427647
30
0.0
11
6.595000
21
13.677647
31
0.0
0
LINE
8
04_HACHURES
10
8.595000
20
15.677647
30
0.0
11
8.845000
21
15.927647
31
0.0
0
LINE
8
04_HACHURES
10
6.345000
20
13.583210
30
0.0
11
6.595000
21
13.833210
31
0.0
0
LINE
8
04_HACHURES
10
8.595000
20
15.833210
30
0.0
11
8.845000
21
16.083210
31
0.0
0
LINE
8
04_HACHURES
10
6.345000
20
13.738774
30
0.0
11
6.595000
21
13.988774
31
0.0
0
LINE
8
04_HACHURES
10
8.595000
20
15.988774
30
0.0
11
8.845000
21
16.238774
31
0.0
0
LINE
8
04_HACHURES
10
6.345000
20
13.894337
30
0.0
11
6.595000
21
14.144337
31
0.0
0
LINE
8
04_HACHURES
10
8.595000
20
16.144337
30
0.0
11
8.845000
21
16.394337
31
0.0
0
LINE
8
04_HACHURES
10
6.345000
20
14.049901
30
0.0
11
6.595000
21
14.299901
31
0.0
0
LINE
8
04_HACHURES
10
8.595000
20
16.299901
30
0.0
11
8.845000
21
16.549901
31
0.0
0
LINE
8
04_HACHURES
10
6.345000
20
14.205464
30
0.0
11
6.595000
21
14.455464
31
0.0
0
LINE
8
04_HACHURES
10
8.595000
20
16.455464
30
0.0
11
8.744536
21
16.605000
31
0.0
0
LINE
8
04_HACHURES
10
6.345000
20
14.361028
30
0.0
11
6.595000
21
14.611028
31
0.0
0
LINE
8
04_HACHURES
10
6.345000
20
14.516591
30
0.0
11
6.595000
21
14.766591
31
0.0
0
LINE
8
04_HACHURES
10
6.345000
20
14.672155
30
0.0
11
6.595000
21
14.922155
31
0.0
0
LINE
8
04_HACHURES
10
6.345000
20
14.827718
30
0.0
11
6.595000
21
15.077718
31
0.0
0
LINE
8
04_HACHURES
10
6.345000
20
14.983282
30
0.0
11
6.595000
21
15.233282
31
0.0
0
LINE
8
04_HACHURES
10
6.345000
20
15.138845
30
0.0
11
6.595000
21
15.388845
31
0.0
0
LINE
8
04_HACHURES
10
6.345000
20
15.294409
30
0.0
11
6.595000
21
15.544409
31
0.0
0
LINE
8
04_HACHURES
10
6.345000
20
15.449972
30
0.0
11
6.595000
21
15.699972
31
0.0
0
LINE
8
04_HACHURES
10
6.345000
20
15.605536
30
0.0
11
6.595000
21
15.855536
31
0.0
0
LINE
8
04_HACHURES
10
6.345000
20
15.761099
30
0.0
11
6.595000
21
16.011099
31
0.0
0
LINE
8
04_HACHURES
10
6.345000
20
15.916663
30
0.0
11
6.595000
21
16.166663
31
0.0
0
LINE
8
04_HACHURES
10
6.345000
20
16.072226
30
0.0
11
6.595000
21
16.322226
31
0.0
0
LINE
8
04_HACHURES
10
6.345000
20
16.227790
30
0.0
11
6.595000
21
16.477790
31
0.0
0
LINE
8
04_HACHURES
10
6.345000
20
16.383353
30
0.0
11
6.566647
21
16.605000
31
0.0
0
LINE
8
04_HACHURES
10
6.345000
20
16.538917
30
0.0
11
6.411083
21
16.605000
31
0.0
0
LINE
8
07_CHAUSSEE
10
1.645000
20
7.605000
30
0.0
11
13.545000
21
7.605000
31
0.0
0
LINE
8
07_CHAUSSEE
10
1.645000
20
16.605000
30
0.0
11
13.545000
21
16.605000
31
0.0
0
LINE
8
07_CHAUSSEE
6
TIRETS
10
1.645000
20
8.605000
30
0.0
11
13.545000
21
8.605000
31
0.0
0
LINE
8
07_CHAUSSEE
6
TIRETS
10
1.645000
20
15.605000
30
0.0
11
13.545000
21
15.605000
31
0.0
0
LINE
8
05_TERRAIN
10
4.545000
20
4.105000
30
0.0
11
1.645000
21
4.105000
31
0.0
0
LINE
8
06_REMBLAI
10
4.545000
20
4.105000
30
0.0
11
4.545000
21
7.605000
31
0.0
0
LINE
8
06_REMBLAI
10
3.445000
20
4.105000
30
0.0
11
3.445000
21
7.605000
31
0.0
0
LINE
8
06_REMBLAI
10
2.345000
20
4.105000
30
0.0
11
2.345000
21
7.605000
31
0.0
0
LINE
8
05_TERRAIN
10
10.645000
20
4.105000
30
0.0
11
13.545000
21
4.105000
31
0.0
0
LINE
8
06_REMBLAI
10
10.645000
20
4.105000
30
0.0
11
10.645000
21
7.605000
31
0.0
0
LINE
8
06_REMBLAI
10
11.745000
20
4.105000
30
0.0
11
11.745000
21
7.605000
31
0.0
0
LINE
8
06_REMBLAI
10
12.845000
20
4.105000
30
0.0
11
12.845000
21
7.605000
31
0.0
0
LINE
8
05_TERRAIN
10
4.545000
20
20.105000
30
0.0
11
1.645000
21
20.105000
31
0.0
0
LINE
8
06_REMBLAI
10
4.545000
20
20.105000
30
0.0
11
4.545000
21
16.605000
31
0.0
0
LINE
8
06_REMBLAI
10
3.445000
20
20.105000
30
0.0
11
3.445000
21
16.605000
31
0.0
0
LINE
8
06_REMBLAI
10
2.345000
20
20.105000
30
0.0
11
2.345000
21
16.605000
31
0.0
0
LINE
8
05_TERRAIN
10
10.645000
20
20.105000
30
0.0
11
13.545000
21
20.105000
31
0.0
0
LINE
8
06_REMBLAI
10
10.645000
20
20.105000
30
0.0
11
10.645000
21
16.605000
31
0.0
0
LINE
8
06_REMBLAI
10
11.745000
20
20.105000
30
0.0
11
11.745000
21
16.605000
31
0.0
0
LINE
8
06_REMBLAI
10
12.845000
20
20.105000
30
0.0
11
12.845000
21
16.605000
31
0.0
0
TEXT
8
05_TERRAIN
10
13.245000
20
5.855000
30
0.0
40
0.100000
1
PIED DE TALUS
41
0.850000
7
STANDARD
72
2
11
13.245000
21
5.855000
31
0.0
73
1
0
LINE
8
01_AXES
10
1.345000
20
12.105000
30
0.0
11
13.845000
21
12.105000
31
0.0
0
TEXT
8
01_AXES
10
14.025000
20
12.105000
30
0.0
40
0.125000
1
AXE ROUTE
41
0.850000
7
STANDARD
72
0
11
14.025000
21
12.105000
31
0.0
73
2
0
LINE
8
01_AXES
10
7.595000
20
2.205000
30
0.0
11
7.595000
21
22.005000
31
0.0
0
TEXT
8
01_AXES
10
7.695000
20
22.505000
30
0.0
40
0.100000
1
AXE HYDRAULIQUE
50
90.000000
41
0.850000
7
STANDARD
72
1
11
7.695000
21
22.505000
31
0.0
73
1
0
LINE
8
13_EAU
10
5.045000
20
20.105000
30
0.0
11
5.045000
21
21.705000
31
0.0
0
SOLID
8
11_TEXTE
10
5.045000
20
21.705000
30
0.0
11
5.005000
21
21.505000
31
0.0
12
5.085000
22
21.505000
32
0.0
13
5.085000
23
21.505000
33
0.0
0
TEXT
8
13_EAU
10
4.745000
20
20.905000
30
0.0
40
0.100000
1
SENS D'ECOULEMENT
50
90.000000
41
0.850000
7
STANDARD
72
1
11
4.745000
21
20.905000
31
0.0
73
3
0
LINE
8
01_AXES
10
2.045000
20
12.105000
30
0.0
11
13.145000
21
12.105000
31
0.0
0
LINE
8
01_AXES
10
2.045000
20
12.105000
30
0.0
11
2.045000
21
11.605000
31
0.0
0
SOLID
8
11_TEXTE
10
2.045000
20
11.605000
30
0.0
11
2.067500
21
11.730000
31
0.0
12
2.022500
22
11.730000
32
0.0
13
2.022500
23
11.730000
33
0.0
0
TEXT
8
11_TEXTE
10
2.045000
20
11.405000
30
0.0
40
0.175000
1
B
41
0.850000
7
STANDARD
72
1
11
2.045000
21
11.405000
31
0.0
73
2
0
LINE
8
01_AXES
10
13.145000
20
12.105000
30
0.0
11
13.145000
21
11.605000
31
0.0
0
SOLID
8
11_TEXTE
10
13.145000
20
11.605000
30
0.0
11
13.167500
21
11.730000
31
0.0
12
13.122500
22
11.730000
32
0.0
13
13.122500
23
11.730000
33
0.0
0
TEXT
8
11_TEXTE
10
13.145000
20
11.405000
30
0.0
40
0.175000
1
B
41
0.850000
7
STANDARD
72
1
11
13.145000
21
11.405000
31
0.0
73
2
0
LINE
8
01_AXES
10
7.595000
20
3.305000
30
0.0
11
7.595000
21
20.905000
31
0.0
0
LINE
8
01_AXES
10
7.595000
20
3.305000
30
0.0
11
7.095000
21
3.305000
31
0.0
0
SOLID
8
11_TEXTE
10
7.095000
20
3.305000
30
0.0
11
7.220000
21
3.282500
31
0.0
12
7.220000
22
3.327500
32
0.0
13
7.220000
23
3.327500
33
0.0
0
TEXT
8
11_TEXTE
10
6.895000
20
3.305000
30
0.0
40
0.175000
1
A
41
0.850000
7
STANDARD
72
1
11
6.895000
21
3.305000
31
0.0
73
2
0
LINE
8
01_AXES
10
7.595000
20
20.905000
30
0.0
11
7.095000
21
20.905000
31
0.0
0
SOLID
8
11_TEXTE
10
7.095000
20
20.905000
30
0.0
11
7.220000
21
20.882500
31
0.0
12
7.220000
22
20.927500
32
0.0
13
7.220000
23
20.927500
33
0.0
0
TEXT
8
11_TEXTE
10
6.895000
20
20.905000
30
0.0
40
0.175000
1
A
41
0.850000
7
STANDARD
72
1
11
6.895000
21
20.905000
31
0.0
73
2
0
LINE
8
10_COTATION
10
6.345000
20
7.555000
30
0.0
11
6.345000
21
1.630000
31
0.0
0
LINE
8
10_COTATION
10
6.595000
20
7.555000
30
0.0
11
6.595000
21
1.630000
31
0.0
0
LINE
8
10_COTATION
10
6.345000
20
1.705000
30
0.0
11
6.595000
21
1.705000
31
0.0
0
LINE
8
10_COTATION
10
6.300806
20
1.660806
30
0.0
11
6.389194
21
1.749194
31
0.0
0
LINE
8
10_COTATION
10
6.550806
20
1.660806
30
0.0
11
6.639194
21
1.749194
31
0.0
0
TEXT
8
10_COTATION
10
6.470000
20
1.745000
30
0.0
40
0.100000
1
0.25
41
0.850000
7
STANDARD
72
1
11
6.470000
21
1.745000
31
0.0
73
1
0
LINE
8
10_COTATION
10
6.595000
20
7.555000
30
0.0
11
6.595000
21
1.630000
31
0.0
0
LINE
8
10_COTATION
10
8.595000
20
7.555000
30
0.0
11
8.595000
21
1.630000
31
0.0
0
LINE
8
10_COTATION
10
6.595000
20
1.705000
30
0.0
11
8.595000
21
1.705000
31
0.0
0
LINE
8
10_COTATION
10
6.550806
20
1.660806
30
0.0
11
6.639194
21
1.749194
31
0.0
0
LINE
8
10_COTATION
10
8.550806
20
1.660806
30
0.0
11
8.639194
21
1.749194
31
0.0
0
TEXT
8
10_COTATION
10
7.595000
20
1.745000
30
0.0
40
0.100000
1
2.00
41
0.850000
7
STANDARD
72
1
11
7.595000
21
1.745000
31
0.0
73
1
0
LINE
8
10_COTATION
10
8.595000
20
7.555000
30
0.0
11
8.595000
21
1.630000
31
0.0
0
LINE
8
10_COTATION
10
8.845000
20
7.555000
30
0.0
11
8.845000
21
1.630000
31
0.0
0
LINE
8
10_COTATION
10
8.595000
20
1.705000
30
0.0
11
8.845000
21
1.705000
31
0.0
0
LINE
8
10_COTATION
10
8.550806
20
1.660806
30
0.0
11
8.639194
21
1.749194
31
0.0
0
LINE
8
10_COTATION
10
8.800806
20
1.660806
30
0.0
11
8.889194
21
1.749194
31
0.0
0
TEXT
8
10_COTATION
10
8.720000
20
1.745000
30
0.0
40
0.100000
1
0.25
41
0.850000
7
STANDARD
72
1
11
8.720000
21
1.745000
31
0.0
73
1
0
LINE
8
10_COTATION
10
6.345000
20
7.555000
30
0.0
11
6.345000
21
0.830000
31
0.0
0
LINE
8
10_COTATION
10
8.845000
20
7.555000
30
0.0
11
8.845000
21
0.830000
31
0.0
0
LINE
8
10_COTATION
10
6.345000
20
0.905000
30
0.0
11
8.845000
21
0.905000
31
0.0
0
LINE
8
10_COTATION
10
6.300806
20
0.860806
30
0.0
11
6.389194
21
0.949194
31
0.0
0
LINE
8
10_COTATION
10
8.800806
20
0.860806
30
0.0
11
8.889194
21
0.949194
31
0.0
0
TEXT
8
10_COTATION
10
7.595000
20
0.945000
30
0.0
40
0.100000
1
2.50
41
0.850000
7
STANDARD
72
1
11
7.595000
21
0.945000
31
0.0
73
1
0
LINE
8
10_COTATION
10
8.895000
20
7.605000
30
0.0
11
14.520000
21
7.605000
31
0.0
0
LINE
8
10_COTATION
10
8.895000
20
8.605000
30
0.0
11
14.520000
21
8.605000
31
0.0
0
LINE
8
10_COTATION
10
14.445000
20
7.605000
30
0.0
11
14.445000
21
8.605000
31
0.0
0
LINE
8
10_COTATION
10
14.400806
20
7.560806
30
0.0
11
14.489194
21
7.649194
31
0.0
0
LINE
8
10_COTATION
10
14.400806
20
8.560806
30
0.0
11
14.489194
21
8.649194
31
0.0
0
TEXT
8
10_COTATION
10
14.405000
20
8.105000
30
0.0
40
0.100000
1
1.00
50
90.000000
41
0.850000
7
STANDARD
72
1
11
14.405000
21
8.105000
31
0.0
73
3
0
LINE
8
10_COTATION
10
8.895000
20
8.605000
30
0.0
11
14.520000
21
8.605000
31
0.0
0
LINE
8
10_COTATION
10
8.895000
20
15.605000
30
0.0
11
14.520000
21
15.605000
31
0.0
0
LINE
8
10_COTATION
10
14.445000
20
8.605000
30
0.0
11
14.445000
21
15.605000
31
0.0
0
LINE
8
10_COTATION
10
14.400806
20
8.560806
30
0.0
11
14.489194
21
8.649194
31
0.0
0
LINE
8
10_COTATION
10
14.400806
20
15.560806
30
0.0
11
14.489194
21
15.649194
31
0.0
0
TEXT
8
10_COTATION
10
14.405000
20
12.105000
30
0.0
40
0.100000
1
7.00
50
90.000000
41
0.850000
7
STANDARD
72
1
11
14.405000
21
12.105000
31
0.0
73
3
0
LINE
8
10_COTATION
10
8.895000
20
15.605000
30
0.0
11
14.520000
21
15.605000
31
0.0
0
LINE
8
10_COTATION
10
8.895000
20
16.605000
30
0.0
11
14.520000
21
16.605000
31
0.0
0
LINE
8
10_COTATION
10
14.445000
20
15.605000
30
0.0
11
14.445000
21
16.605000
31
0.0
0
LINE
8
10_COTATION
10
14.400806
20
15.560806
30
0.0
11
14.489194
21
15.649194
31
0.0
0
LINE
8
10_COTATION
10
14.400806
20
16.560806
30
0.0
11
14.489194
21
16.649194
31
0.0
0
TEXT
8
10_COTATION
10
14.405000
20
16.105000
30
0.0
40
0.100000
1
1.00
50
90.000000
41
0.850000
7
STANDARD
72
1
11
14.405000
21
16.105000
31
0.0
73
3
0
LINE
8
10_COTATION
10
8.895000
20
7.605000
30
0.0
11
15.420000
21
7.605000
31
0.0
0
LINE
8
10_COTATION
10
8.895000
20
16.605000
30
0.0
11
15.420000
21
16.605000
31
0.0
0
LINE
8
10_COTATION
10
15.345000
20
7.605000
30
0.0
11
15.345000
21
16.605000
31
0.0
0
LINE
8
10_COTATION
10
15.300806
20
7.560806
30
0.0
11
15.389194
21
7.649194
31
0.0
0
LINE
8
10_COTATION
10
15.300806
20
16.560806
30
0.0
11
15.389194
21
16.649194
31
0.0
0
TEXT
8
10_COTATION
10
15.305000
20
12.105000
30
0.0
40
0.100000
1
9.00
50
90.000000
41
0.850000
7
STANDARD
72
1
11
15.305000
21
12.105000
31
0.0
73
3
0
LINE
8
11_TEXTE
10
5.845000
20
6.305962
30
0.0
11
1.645000
21
5.805000
31
0.0
0
LINE
8
11_TEXTE
10
1.645000
20
5.805000
30
0.0
11
1.445000
21
5.805000
31
0.0
0
SOLID
8
11_TEXTE
10
5.845000
20
6.305962
30
0.0
11
5.718215
21
6.313499
31
0.0
12
5.723545
22
6.268816
32
0.0
13
5.723545
23
6.268816
33
0.0
0
TEXT
8
11_TEXTE
10
1.395000
20
5.805000
30
0.0
40
0.125000
1
MUR EN AILE L=3.00
41
0.850000
7
STANDARD
72
2
11
1.395000
21
5.805000
31
0.0
73
2
0
ARC
8
10_COTATION
10
6.595000
20
7.605000
30
0.0
40
1.000000
50
240.000000
51
270.000000
0
LINE
8
01_AXES
10
6.595000
20
7.605000
30
0.0
11
6.595000
21
6.305000
31
0.0
0
TEXT
8
10_COTATION
10
6.219712
20
6.204408
30
0.0
40
0.100000
1
30 deg
41
0.850000
7
STANDARD
72
1
11
6.219712
21
6.204408
31
0.0
73
2
0
LINE
8
11_TEXTE
10
8.720000
20
13.705000
30
0.0
11
13.645000
21
14.905000
31
0.0
0
LINE
8
11_TEXTE
10
13.645000
20
14.905000
30
0.0
11
13.845000
21
14.905000
31
0.0
0
SOLID
8
11_TEXTE
10
8.720000
20
13.705000
30
0.0
11
8.846773
21
13.712731
31
0.0
12
8.836121
22
13.756452
32
0.0
13
8.836121
23
13.756452
33
0.0
0
TEXT
8
11_TEXTE
10
13.895000
20
14.905000
30
0.0
40
0.125000
1
SEMELLE D'AILE (VUE EN PLAN CACHEE)
41
0.850000
7
STANDARD
72
0
11
13.895000
21
14.905000
31
0.0
73
2
0
TEXT
8
11_TEXTE
10
7.595000
20
12.105000
30
0.0
40
0.150000
1
1 x (2.00 x 1.50)
41
0.850000
7
STANDARD
72
1
11
7.595000
21
12.105000
31
0.0
73
2
0
TEXT
8
11_TEXTE
10
0.000000
20
0.230000
30
0.0
40
0.250000
1
VUE EN PLAN
41
0.850000
7
STANDARD
72
0
11
0.000000
21
0.230000
31
0.0
73
1
0
LINE
8
11_TEXTE
10
0.000000
20
0.150000
30
0.0
11
1.705000
21
0.150000
31
0.0
0
TEXT
8
11_TEXTE
10
0.000000
20
0.000000
30
0.0
40
0.125000
1
Traverse superieure arrachee - Ech. 1:50
41
0.850000
7
STANDARD
72
0
11
0.000000
21
0.000000
31
0.0
73
1
0
LINE
8
06_REMBLAI
10
40.647468
20
3.169600
30
0.0
11
40.716721
21
3.238853
31
0.0
0
LINE
8
06_REMBLAI
10
40.227405
20
3.173801
30
0.0
11
40.462162
21
3.408558
31
0.0
0
LINE
8
06_REMBLAI
10
39.807341
20
3.178002
30
0.0
11
40.207604
21
3.578264
31
0.0
0
LINE
8
06_REMBLAI
10
39.387278
20
3.182202
30
0.0
11
39.953045
21
3.747970
31
0.0
0
LINE
8
06_REMBLAI
10
38.967215
20
3.186403
30
0.0
11
39.698487
21
3.917675
31
0.0
0
LINE
8
06_REMBLAI
10
38.547151
20
3.190603
30
0.0
11
39.443929
21
4.087381
31
0.0
0
LINE
8
06_REMBLAI
10
38.127088
20
3.194804
30
0.0
11
39.189370
21
4.257087
31
0.0
0
LINE
8
06_REMBLAI
10
37.707024
20
3.199005
30
0.0
11
38.934812
21
4.426792
31
0.0
0
LINE
8
06_REMBLAI
10
36.890921
20
2.807166
30
0.0
11
37.107500
21
3.023745
31
0.0
0
LINE
8
06_REMBLAI
10
37.286961
20
3.203205
30
0.0
11
38.680253
21
4.596498
31
0.0
0
LINE
8
06_REMBLAI
10
36.470858
20
2.811366
30
0.0
11
36.866897
21
3.207406
31
0.0
0
LINE
8
06_REMBLAI
10
37.107500
20
3.448009
30
0.0
11
38.425695
21
4.766203
31
0.0
0
LINE
8
06_REMBLAI
10
36.050794
20
2.815567
30
0.0
11
36.446834
21
3.211607
31
0.0
0
LINE
8
06_REMBLAI
10
37.107500
20
3.872273
30
0.0
11
38.171136
21
4.935909
31
0.0
0
LINE
8
06_REMBLAI
10
35.630731
20
2.819768
30
0.0
11
36.026771
21
3.215807
31
0.0
0
LINE
8
06_REMBLAI
10
37.107500
20
4.296537
30
0.0
11
37.916578
21
5.105615
31
0.0
0
LINE
8
06_REMBLAI
10
35.210667
20
2.823968
30
0.0
11
35.606707
21
3.220008
31
0.0
0
LINE
8
06_REMBLAI
10
37.107500
20
4.720801
30
0.0
11
37.662019
21
5.275320
31
0.0
0
LINE
8
06_REMBLAI
10
34.790604
20
2.828169
30
0.0
11
35.186644
21
3.224209
31
0.0
0
LINE
8
06_REMBLAI
10
37.107500
20
5.145065
30
0.0
11
37.407461
21
5.445026
31
0.0
0
LINE
8
06_REMBLAI
10
34.370541
20
2.832370
30
0.0
11
34.766580
21
3.228409
31
0.0
0
LINE
8
06_REMBLAI
10
36.496988
20
4.958817
30
0.0
11
36.857500
21
5.319329
31
0.0
0
LINE
8
06_REMBLAI
10
37.107500
20
5.569329
30
0.0
11
37.152903
21
5.614732
31
0.0
0
LINE
8
06_REMBLAI
10
33.950477
20
2.836570
30
0.0
11
34.346517
21
3.232610
31
0.0
0
LINE
8
06_REMBLAI
10
36.077169
20
4.963262
30
0.0
11
36.758907
21
5.645000
31
0.0
0
LINE
8
06_REMBLAI
10
33.530414
20
2.840771
30
0.0
11
33.926453
21
3.236810
31
0.0
0
LINE
8
06_REMBLAI
10
35.657350
20
4.967707
30
0.0
11
36.334643
21
5.645000
31
0.0
0
LINE
8
06_REMBLAI
10
33.110350
20
2.844971
30
0.0
11
33.506390
21
3.241011
31
0.0
0
LINE
8
06_REMBLAI
10
35.237531
20
4.972153
30
0.0
11
35.910379
21
5.645000
31
0.0
0
LINE
8
06_REMBLAI
10
32.690287
20
2.849172
30
0.0
11
33.086326
21
3.245212
31
0.0
0
LINE
8
06_REMBLAI
10
34.817712
20
4.976598
30
0.0
11
35.486115
21
5.645000
31
0.0
0
LINE
8
06_REMBLAI
10
32.270223
20
2.853373
30
0.0
11
32.666263
21
3.249412
31
0.0
0
LINE
8
06_REMBLAI
10
34.397894
20
4.981043
30
0.0
11
35.061851
21
5.645000
31
0.0
0
LINE
8
06_REMBLAI
10
31.850160
20
2.857573
30
0.0
11
32.246200
21
3.253613
31
0.0
0
LINE
8
06_REMBLAI
10
33.978075
20
4.985488
30
0.0
11
34.637587
21
5.645000
31
0.0
0
LINE
8
06_REMBLAI
10
31.430097
20
2.861774
30
0.0
11
31.826136
21
3.257814
31
0.0
0
LINE
8
06_REMBLAI
10
33.558256
20
4.989933
30
0.0
11
34.213323
21
5.645000
31
0.0
0
LINE
8
06_REMBLAI
10
31.010033
20
2.865975
30
0.0
11
31.406073
21
3.262014
31
0.0
0
LINE
8
06_REMBLAI
10
33.138437
20
4.994378
30
0.0
11
33.789058
21
5.645000
31
0.0
0
LINE
8
06_REMBLAI
10
30.589970
20
2.870175
30
0.0
11
30.986009
21
3.266215
31
0.0
0
LINE
8
06_REMBLAI
10
32.718618
20
4.998823
30
0.0
11
33.364794
21
5.645000
31
0.0
0
LINE
8
06_REMBLAI
10
30.169906
20
2.874376
30
0.0
11
30.565946
21
3.270416
31
0.0
0
LINE
8
06_REMBLAI
10
32.298799
20
5.003269
30
0.0
11
32.940530
21
5.645000
31
0.0
0
LINE
8
06_REMBLAI
10
29.749843
20
2.878577
30
0.0
11
30.145882
21
3.274616
31
0.0
0
LINE
8
06_REMBLAI
10
31.878980
20
5.007714
30
0.0
11
32.516266
21
5.645000
31
0.0
0
LINE
8
06_REMBLAI
10
29.329779
20
2.882777
30
0.0
11
29.725819
21
3.278817
31
0.0
0
LINE
8
06_REMBLAI
10
31.459161
20
5.012159
30
0.0
11
32.092002
21
5.645000
31
0.0
0
LINE
8
06_REMBLAI
10
28.909716
20
2.886978
30
0.0
11
29.305756
21
3.283017
31
0.0
0
LINE
8
06_REMBLAI
10
31.039342
20
5.016604
30
0.0
11
31.667738
21
5.645000
31
0.0
0
LINE
8
06_REMBLAI
10
28.489653
20
2.891178
30
0.0
11
28.885692
21
3.287218
31
0.0
0
LINE
8
06_REMBLAI
10
30.619523
20
5.021049
30
0.0
11
31.243474
21
5.645000
31
0.0
0
LINE
8
06_REMBLAI
10
28.107500
20
2.933290
30
0.0
11
28.465629
21
3.291419
31
0.0
0
LINE
8
06_REMBLAI
10
30.199704
20
5.025494
30
0.0
11
30.819210
21
5.645000
31
0.0
0
LINE
8
06_REMBLAI
10
28.045565
20
3.295619
30
0.0
11
28.107500
21
3.357554
31
0.0
0
LINE
8
06_REMBLAI
10
29.779885
20
5.029939
30
0.0
11
30.394946
21
5.645000
31
0.0
0
LINE
8
06_REMBLAI
10
27.625502
20
3.299820
30
0.0
11
28.107500
21
3.781818
31
0.0
0
LINE
8
06_REMBLAI
10
29.360066
20
5.034385
30
0.0
11
29.970682
21
5.645000
31
0.0
0
LINE
8
06_REMBLAI
10
27.205438
20
3.304021
30
0.0
11
28.107500
21
4.206082
31
0.0
0
LINE
8
06_REMBLAI
10
28.940247
20
5.038830
30
0.0
11
29.546418
21
5.645000
31
0.0
0
LINE
8
06_REMBLAI
10
26.785375
20
3.308221
30
0.0
11
28.107500
21
4.630346
31
0.0
0
LINE
8
06_REMBLAI
10
28.520429
20
5.043275
30
0.0
11
29.122154
21
5.645000
31
0.0
0
LINE
8
06_REMBLAI
10
26.365312
20
3.312422
30
0.0
11
28.107500
21
5.054610
31
0.0
0
LINE
8
06_REMBLAI
10
28.357500
20
5.304610
30
0.0
11
28.697890
21
5.645000
31
0.0
0
LINE
8
06_REMBLAI
10
25.945248
20
3.316623
30
0.0
11
28.107500
21
5.478874
31
0.0
0
LINE
8
06_REMBLAI
10
25.525185
20
3.320823
30
0.0
11
27.333084
21
5.128723
31
0.0
0
LINE
8
06_REMBLAI
10
25.105121
20
3.325024
30
0.0
11
26.060292
21
4.280195
31
0.0
0
LINE
8
06_REMBLAI
10
24.685058
20
3.329224
30
0.0
11
24.787500
21
3.431667
31
0.0
0
LINE
8
06_REMBLAI
10
40.643225
20
3.169643
30
0.0
11
40.288604
21
3.524264
31
0.0
0
LINE
8
06_REMBLAI
10
40.214676
20
3.173928
30
0.0
11
39.015812
21
4.372792
31
0.0
0
LINE
8
06_REMBLAI
10
39.786126
20
3.178214
30
0.0
11
37.743019
21
5.221320
31
0.0
0
LINE
8
06_REMBLAI
10
39.357577
20
3.182499
30
0.0
11
37.107500
21
5.432576
31
0.0
0
LINE
8
06_REMBLAI
10
38.929027
20
3.186785
30
0.0
11
37.107500
21
5.008312
31
0.0
0
LINE
8
06_REMBLAI
10
36.857500
20
5.258312
30
0.0
11
36.470812
21
5.645000
31
0.0
0
LINE
8
06_REMBLAI
10
38.500477
20
3.191070
30
0.0
11
37.107500
21
4.584048
31
0.0
0
LINE
8
06_REMBLAI
10
36.735253
20
4.956294
30
0.0
11
36.046548
21
5.645000
31
0.0
0
LINE
8
06_REMBLAI
10
38.071928
20
3.195356
30
0.0
11
37.107500
21
4.159784
31
0.0
0
LINE
8
06_REMBLAI
10
36.306449
20
4.960835
30
0.0
11
35.622284
21
5.645000
31
0.0
0
LINE
8
06_REMBLAI
10
37.643378
20
3.199641
30
0.0
11
37.107500
21
3.735519
31
0.0
0
LINE
8
06_REMBLAI
10
35.877645
20
4.965375
30
0.0
11
35.198019
21
5.645000
31
0.0
0
LINE
8
06_REMBLAI
10
37.214829
20
3.203927
30
0.0
11
37.107500
21
3.311255
31
0.0
0
LINE
8
06_REMBLAI
10
35.448840
20
4.969915
30
0.0
11
34.773755
21
5.645000
31
0.0
0
LINE
8
06_REMBLAI
10
37.107500
20
2.886991
30
0.0
11
36.786279
21
3.208212
31
0.0
0
LINE
8
06_REMBLAI
10
35.020036
20
4.974456
30
0.0
11
34.349491
21
5.645000
31
0.0
0
LINE
8
06_REMBLAI
10
36.761770
20
2.808457
30
0.0
11
36.357730
21
3.212498
31
0.0
0
LINE
8
06_REMBLAI
10
34.591231
20
4.978996
30
0.0
11
33.925227
21
5.645000
31
0.0
0
LINE
8
06_REMBLAI
10
36.333220
20
2.812743
30
0.0
11
35.929180
21
3.216783
31
0.0
0
LINE
8
06_REMBLAI
10
34.162427
20
4.983536
30
0.0
11
33.500963
21
5.645000
31
0.0
0
LINE
8
06_REMBLAI
10
35.904671
20
2.817028
30
0.0
11
35.500630
21
3.221069
31
0.0
0
LINE
8
06_REMBLAI
10
33.733623
20
4.988076
30
0.0
11
33.076699
21
5.645000
31
0.0
0
LINE
8
06_REMBLAI
10
35.476121
20
2.821314
30
0.0
11
35.072081
21
3.225354
31
0.0
0
LINE
8
06_REMBLAI
10
33.304818
20
4.992617
30
0.0
11
32.652435
21
5.645000
31
0.0
0
LINE
8
06_REMBLAI
10
35.047572
20
2.825599
30
0.0
11
34.643531
21
3.229640
31
0.0
0
LINE
8
06_REMBLAI
10
32.876014
20
4.997157
30
0.0
11
32.228171
21
5.645000
31
0.0
0
LINE
8
06_REMBLAI
10
34.619022
20
2.829885
30
0.0
11
34.214982
21
3.233925
31
0.0
0
LINE
8
06_REMBLAI
10
32.447210
20
5.001697
30
0.0
11
31.803907
21
5.645000
31
0.0
0
LINE
8
06_REMBLAI
10
34.190473
20
2.834170
30
0.0
11
33.786432
21
3.238211
31
0.0
0
LINE
8
06_REMBLAI
10
32.018405
20
5.006237
30
0.0
11
31.379643
21
5.645000
31
0.0
0
LINE
8
06_REMBLAI
10
33.761923
20
2.838456
30
0.0
11
33.357883
21
3.242496
31
0.0
0
LINE
8
06_REMBLAI
10
31.589601
20
5.010778
30
0.0
11
30.955379
21
5.645000
31
0.0
0
LINE
8
06_REMBLAI
10
33.333373
20
2.842741
30
0.0
11
32.929333
21
3.246782
31
0.0
0
LINE
8
06_REMBLAI
10
31.160797
20
5.015318
30
0.0
11
30.531115
21
5.645000
31
0.0
0
LINE
8
06_REMBLAI
10
32.904824
20
2.847027
30
0.0
11
32.500783
21
3.251067
31
0.0
0
LINE
8
06_REMBLAI
10
30.731992
20
5.019858
30
0.0
11
30.106851
21
5.645000
31
0.0
0
LINE
8
06_REMBLAI
10
32.476274
20
2.851312
30
0.0
11
32.072234
21
3.255353
31
0.0
0
LINE
8
06_REMBLAI
10
30.303188
20
5.024399
30
0.0
11
29.682587
21
5.645000
31
0.0
0
LINE
8
06_REMBLAI
10
32.047725
20
2.855598
30
0.0
11
31.643684
21
3.259638
31
0.0
0
LINE
8
06_REMBLAI
10
29.874384
20
5.028939
30
0.0
11
29.258323
21
5.645000
31
0.0
0
LINE
8
06_REMBLAI
10
31.619175
20
2.859883
30
0.0
11
31.215135
21
3.263924
31
0.0
0
LINE
8
06_REMBLAI
10
29.445579
20
5.033479
30
0.0
11
28.834058
21
5.645000
31
0.0
0
LINE
8
06_REMBLAI
10
31.190626
20
2.864169
30
0.0
11
30.786585
21
3.268209
31
0.0
0
LINE
8
06_REMBLAI
10
29.016775
20
5.038019
30
0.0
11
28.409794
21
5.645000
31
0.0
0
LINE
8
06_REMBLAI
10
30.762076
20
2.868454
30
0.0
11
30.358036
21
3.272495
31
0.0
0
LINE
8
06_REMBLAI
10
28.587971
20
5.042560
30
0.0
11
28.357500
21
5.273030
31
0.0
0
LINE
8
06_REMBLAI
10
28.107500
20
5.523030
30
0.0
11
28.034318
21
5.596212
31
0.0
0
LINE
8
06_REMBLAI
10
30.333527
20
2.872740
30
0.0
11
29.929486
21
3.276780
31
0.0
0
LINE
8
06_REMBLAI
10
28.107500
20
5.098766
30
0.0
11
27.779760
21
5.426506
31
0.0
0
LINE
8
06_REMBLAI
10
29.904977
20
2.877025
30
0.0
11
29.500937
21
3.281066
31
0.0
0
LINE
8
06_REMBLAI
10
28.107500
20
4.674502
30
0.0
11
27.525201
21
5.256801
31
0.0
0
LINE
8
06_REMBLAI
10
29.476427
20
2.881311
30
0.0
11
29.072387
21
3.285351
31
0.0
0
LINE
8
06_REMBLAI
10
28.107500
20
4.250238
30
0.0
11
27.270643
21
5.087095
31
0.0
0
LINE
8
06_REMBLAI
10
29.047878
20
2.885596
30
0.0
11
28.643837
21
3.289637
31
0.0
0
LINE
8
06_REMBLAI
10
28.107500
20
3.825974
30
0.0
11
27.016084
21
4.917390
31
0.0
0
LINE
8
06_REMBLAI
10
28.619328
20
2.889882
30
0.0
11
28.215288
21
3.293922
31
0.0
0
LINE
8
06_REMBLAI
10
28.107500
20
3.401710
30
0.0
11
26.761526
21
4.747684
31
0.0
0
LINE
8
06_REMBLAI
10
28.190779
20
2.894167
30
0.0
11
28.107500
21
2.977446
31
0.0
0
LINE
8
06_REMBLAI
10
27.786738
20
3.298208
30
0.0
11
26.506968
21
4.577978
31
0.0
0
LINE
8
06_REMBLAI
10
27.358189
20
3.302493
30
0.0
11
26.252409
21
4.408273
31
0.0
0
LINE
8
06_REMBLAI
10
26.929639
20
3.306779
30
0.0
11
25.997851
21
4.238567
31
0.0
0
LINE
8
06_REMBLAI
10
26.501090
20
3.311064
30
0.0
11
25.743292
21
4.068861
31
0.0
0
LINE
8
06_REMBLAI
10
26.072540
20
3.315350
30
0.0
11
25.488734
21
3.899156
31
0.0
0
LINE
8
06_REMBLAI
10
25.643990
20
3.319635
30
0.0
11
25.234175
21
3.729450
31
0.0
0
LINE
8
06_REMBLAI
10
25.215441
20
3.323921
30
0.0
11
24.979617
21
3.559745
31
0.0
0
LINE
8
06_REMBLAI
10
24.786891
20
3.328206
30
0.0
11
24.725058
21
3.390039
31
0.0
0
POLYLINE
8
05_TERRAIN
66
1
10
0.0
20
0.0
30
0.0
70
0
0
VERTEX
8
05_TERRAIN
10
22.607500
20
3.350000
30
0.0
0
VERTEX
8
05_TERRAIN
10
24.607500
20
3.330000
30
0.0
0
SEQEND
8
05_TERRAIN
0
LINE
8
05_TERRAIN
10
22.707500
20
3.349000
30
0.0
11
22.627500
21
3.269000
31
0.0
0
LINE
8
05_TERRAIN
10
22.907500
20
3.347000
30
0.0
11
22.827500
21
3.267000
31
0.0
0
LINE
8
05_TERRAIN
10
23.107500
20
3.345000
30
0.0
11
23.027500
21
3.265000
31
0.0
0
LINE
8
05_TERRAIN
10
23.307500
20
3.343000
30
0.0
11
23.227500
21
3.263000
31
0.0
0
LINE
8
05_TERRAIN
10
23.507500
20
3.341000
30
0.0
11
23.427500
21
3.261000
31
0.0
0
LINE
8
05_TERRAIN
10
23.707500
20
3.339000
30
0.0
11
23.627500
21
3.259000
31
0.0
0
LINE
8
05_TERRAIN
10
23.907500
20
3.337000
30
0.0
11
23.827500
21
3.257000
31
0.0
0
LINE
8
05_TERRAIN
10
24.107500
20
3.335000
30
0.0
11
24.027500
21
3.255000
31
0.0
0
LINE
8
05_TERRAIN
10
24.307500
20
3.333000
30
0.0
11
24.227500
21
3.253000
31
0.0
0
LINE
8
05_TERRAIN
10
24.507500
20
3.331000
30
0.0
11
24.427500
21
3.251000
31
0.0
0
POLYLINE
8
05_TERRAIN
66
1
10
0.0
20
0.0
30
0.0
70
0
0
VERTEX
8
05_TERRAIN
10
40.857500
20
3.167500
30
0.0
0
VERTEX
8
05_TERRAIN
10
42.857500
20
3.147500
30
0.0
0
SEQEND
8
05_TERRAIN
0
LINE
8
05_TERRAIN
10
40.957500
20
3.166500
30
0.0
11
40.877500
21
3.086500
31
0.0
0
LINE
8
05_TERRAIN
10
41.157500
20
3.164500
30
0.0
11
41.077500
21
3.084500
31
0.0
0
LINE
8
05_TERRAIN
10
41.357500
20
3.162500
30
0.0
11
41.277500
21
3.082500
31
0.0
0
LINE
8
05_TERRAIN
10
41.557500
20
3.160500
30
0.0
11
41.477500
21
3.080500
31
0.0
0
LINE
8
05_TERRAIN
10
41.757500
20
3.158500
30
0.0
11
41.677500
21
3.078500
31
0.0
0
LINE
8
05_TERRAIN
10
41.957500
20
3.156500
30
0.0
11
41.877500
21
3.076500
31
0.0
0
LINE
8
05_TERRAIN
10
42.157500
20
3.154500
30
0.0
11
42.077500
21
3.074500
31
0.0
0
LINE
8
05_TERRAIN
10
42.357500
20
3.152500
30
0.0
11
42.277500
21
3.072500
31
0.0
0
LINE
8
05_TERRAIN
10
42.557500
20
3.150500
30
0.0
11
42.477500
21
3.070500
31
0.0
0
LINE
8
05_TERRAIN
10
42.757500
20
3.148500
30
0.0
11
42.677500
21
3.068500
31
0.0
0
POLYLINE
8
06_REMBLAI
66
1
10
0.0
20
0.0
30
0.0
70
0
0
VERTEX
8
06_REMBLAI
10
28.107500
20
5.645000
30
0.0
0
VERTEX
8
06_REMBLAI
10
28.057500
20
5.611667
30
0.0
0
VERTEX
8
06_REMBLAI
10
28.007500
20
5.578333
30
0.0
0
VERTEX
8
06_REMBLAI
10
27.957500
20
5.545000
30
0.0
0
VERTEX
8
06_REMBLAI
10
27.907500
20
5.511667
30
0.0
0
VERTEX
8
06_REMBLAI
10
27.857500
20
5.478333
30
0.0
0
VERTEX
8
06_REMBLAI
10
27.807500
20
5.445000
30
0.0
0
VERTEX
8
06_REMBLAI
10
27.757500
20
5.411667
30
0.0
0
VERTEX
8
06_REMBLAI
10
27.707500
20
5.378333
30
0.0
0
VERTEX
8
06_REMBLAI
10
27.657500
20
5.345000
30
0.0
0
VERTEX
8
06_REMBLAI
10
27.607500
20
5.311667
30
0.0
0
VERTEX
8
06_REMBLAI
10
27.557500
20
5.278333
30
0.0
0
VERTEX
8
06_REMBLAI
10
27.507500
20
5.245000
30
0.0
0
VERTEX
8
06_REMBLAI
10
27.457500
20
5.211667
30
0.0
0
VERTEX
8
06_REMBLAI
10
27.407500
20
5.178333
30
0.0
0
VERTEX
8
06_REMBLAI
10
27.357500
20
5.145000
30
0.0
0
VERTEX
8
06_REMBLAI
10
27.307500
20
5.111667
30
0.0
0
VERTEX
8
06_REMBLAI
10
27.257500
20
5.078333
30
0.0
0
VERTEX
8
06_REMBLAI
10
27.207500
20
5.045000
30
0.0
0
VERTEX
8
06_REMBLAI
10
27.157500
20
5.011667
30
0.0
0
VERTEX
8
06_REMBLAI
10
27.107500
20
4.978333
30
0.0
0
VERTEX
8
06_REMBLAI
10
27.057500
20
4.945000
30
0.0
0
VERTEX
8
06_REMBLAI
10
27.007500
20
4.911667
30
0.0
0
VERTEX
8
06_REMBLAI
10
26.957500
20
4.878333
30
0.0
0
VERTEX
8
06_REMBLAI
10
26.907500
20
4.845000
30
0.0
0
VERTEX
8
06_REMBLAI
10
26.857500
20
4.811667
30
0.0
0
VERTEX
8
06_REMBLAI
10
26.807500
20
4.778333
30
0.0
0
VERTEX
8
06_REMBLAI
10
26.757500
20
4.745000
30
0.0
0
VERTEX
8
06_REMBLAI
10
26.707500
20
4.711667
30
0.0
0
VERTEX
8
06_REMBLAI
10
26.657500
20
4.678333
30
0.0
0
VERTEX
8
06_REMBLAI
10
26.607500
20
4.645000
30
0.0
0
VERTEX
8
06_REMBLAI
10
26.557500
20
4.611667
30
0.0
0
VERTEX
8
06_REMBLAI
10
26.507500
20
4.578333
30
0.0
0
VERTEX
8
06_REMBLAI
10
26.457500
20
4.545000
30
0.0
0
VERTEX
8
06_REMBLAI
10
26.407500
20
4.511667
30
0.0
0
VERTEX
8
06_REMBLAI
10
26.357500
20
4.478333
30
0.0
0
VERTEX
8
06_REMBLAI
10
26.307500
20
4.445000
30
0.0
0
VERTEX
8
06_REMBLAI
10
26.257500
20
4.411667
30
0.0
0
VERTEX
8
06_REMBLAI
10
26.207500
20
4.378333
30
0.0
0
VERTEX
8
06_REMBLAI
10
26.157500
20
4.345000
30
0.0
0
VERTEX
8
06_REMBLAI
10
26.107500
20
4.311667
30
0.0
0
VERTEX
8
06_REMBLAI
10
26.057500
20
4.278333
30
0.0
0
VERTEX
8
06_REMBLAI
10
26.007500
20
4.245000
30
0.0
0
VERTEX
8
06_REMBLAI
10
25.957500
20
4.211667
30
0.0
0
VERTEX
8
06_REMBLAI
10
25.907500
20
4.178333
30
0.0
0
VERTEX
8
06_REMBLAI
10
25.857500
20
4.145000
30
0.0
0
VERTEX
8
06_REMBLAI
10
25.807500
20
4.111667
30
0.0
0
VERTEX
8
06_REMBLAI
10
25.757500
20
4.078333
30
0.0
0
VERTEX
8
06_REMBLAI
10
25.707500
20
4.045000
30
0.0
0
VERTEX
8
06_REMBLAI
10
25.657500
20
4.011667
30
0.0
0
VERTEX
8
06_REMBLAI
10
25.607500
20
3.978333
30
0.0
0
VERTEX
8
06_REMBLAI
10
25.557500
20
3.945000
30
0.0
0
VERTEX
8
06_REMBLAI
10
25.507500
20
3.911667
30
0.0
0
VERTEX
8
06_REMBLAI
10
25.457500
20
3.878333
30
0.0
0
VERTEX
8
06_REMBLAI
10
25.407500
20
3.845000
30
0.0
0
VERTEX
8
06_REMBLAI
10
25.357500
20
3.811667
30
0.0
0
VERTEX
8
06_REMBLAI
10
25.307500
20
3.778333
30
0.0
0
VERTEX
8
06_REMBLAI
10
25.257500
20
3.745000
30
0.0
0
VERTEX
8
06_REMBLAI
10
25.207500
20
3.711667
30
0.0
0
VERTEX
8
06_REMBLAI
10
25.157500
20
3.678333
30
0.0
0
VERTEX
8
06_REMBLAI
10
25.107500
20
3.645000
30
0.0
0
VERTEX
8
06_REMBLAI
10
25.057500
20
3.611667
30
0.0
0
VERTEX
8
06_REMBLAI
10
25.007500
20
3.578333
30
0.0
0
VERTEX
8
06_REMBLAI
10
24.957500
20
3.545000
30
0.0
0
VERTEX
8
06_REMBLAI
10
24.907500
20
3.511667
30
0.0
0
VERTEX
8
06_REMBLAI
10
24.857500
20
3.478333
30
0.0
0
VERTEX
8
06_REMBLAI
10
24.807500
20
3.445000
30
0.0
0
VERTEX
8
06_REMBLAI
10
24.757500
20
3.411667
30
0.0
0
VERTEX
8
06_REMBLAI
10
24.707500
20
3.378333
30
0.0
0
VERTEX
8
06_REMBLAI
10
24.657500
20
3.345000
30
0.0
0
VERTEX
8
06_REMBLAI
10
24.607500
20
3.330000
30
0.0
0
SEQEND
8
06_REMBLAI
0
POLYLINE
8
06_REMBLAI
66
1
10
0.0
20
0.0
30
0.0
70
0
0
VERTEX
8
06_REMBLAI
10
37.107500
20
5.645000
30
0.0
0
VERTEX
8
06_REMBLAI
10
37.157500
20
5.611667
30
0.0
0
VERTEX
8
06_REMBLAI
10
37.207500
20
5.578333
30
0.0
0
VERTEX
8
06_REMBLAI
10
37.257500
20
5.545000
30
0.0
0
VERTEX
8
06_REMBLAI
10
37.307500
20
5.511667
30
0.0
0
VERTEX
8
06_REMBLAI
10
37.357500
20
5.478333
30
0.0
0
VERTEX
8
06_REMBLAI
10
37.407500
20
5.445000
30
0.0
0
VERTEX
8
06_REMBLAI
10
37.457500
20
5.411667
30
0.0
0
VERTEX
8
06_REMBLAI
10
37.507500
20
5.378333
30
0.0
0
VERTEX
8
06_REMBLAI
10
37.557500
20
5.345000
30
0.0
0
VERTEX
8
06_REMBLAI
10
37.607500
20
5.311667
30
0.0
0
VERTEX
8
06_REMBLAI
10
37.657500
20
5.278333
30
0.0
0
VERTEX
8
06_REMBLAI
10
37.707500
20
5.245000
30
0.0
0
VERTEX
8
06_REMBLAI
10
37.757500
20
5.211667
30
0.0
0
VERTEX
8
06_REMBLAI
10
37.807500
20
5.178333
30
0.0
0
VERTEX
8
06_REMBLAI
10
37.857500
20
5.145000
30
0.0
0
VERTEX
8
06_REMBLAI
10
37.907500
20
5.111667
30
0.0
0
VERTEX
8
06_REMBLAI
10
37.957500
20
5.078333
30
0.0
0
VERTEX
8
06_REMBLAI
10
38.007500
20
5.045000
30
0.0
0
VERTEX
8
06_REMBLAI
10
38.057500
20
5.011667
30
0.0
0
VERTEX
8
06_REMBLAI
10
38.107500
20
4.978333
30
0.0
0
VERTEX
8
06_REMBLAI
10
38.157500
20
4.945000
30
0.0
0
VERTEX
8
06_REMBLAI
10
38.207500
20
4.911667
30
0.0
0
VERTEX
8
06_REMBLAI
10
38.257500
20
4.878333
30
0.0
0
VERTEX
8
06_REMBLAI
10
38.307500
20
4.845000
30
0.0
0
VERTEX
8
06_REMBLAI
10
38.357500
20
4.811667
30
0.0
0
VERTEX
8
06_REMBLAI
10
38.407500
20
4.778333
30
0.0
0
VERTEX
8
06_REMBLAI
10
38.457500
20
4.745000
30
0.0
0
VERTEX
8
06_REMBLAI
10
38.507500
20
4.711667
30
0.0
0
VERTEX
8
06_REMBLAI
10
38.557500
20
4.678333
30
0.0
0
VERTEX
8
06_REMBLAI
10
38.607500
20
4.645000
30
0.0
0
VERTEX
8
06_REMBLAI
10
38.657500
20
4.611667
30
0.0
0
VERTEX
8
06_REMBLAI
10
38.707500
20
4.578333
30
0.0
0
VERTEX
8
06_REMBLAI
10
38.757500
20
4.545000
30
0.0
0
VERTEX
8
06_REMBLAI
10
38.807500
20
4.511667
30
0.0
0
VERTEX
8
06_REMBLAI
10
38.857500
20
4.478333
30
0.0
0
VERTEX
8
06_REMBLAI
10
38.907500
20
4.445000
30
0.0
0
VERTEX
8
06_REMBLAI
10
38.957500
20
4.411667
30
0.0
0
VERTEX
8
06_REMBLAI
10
39.007500
20
4.378333
30
0.0
0
VERTEX
8
06_REMBLAI
10
39.057500
20
4.345000
30
0.0
0
VERTEX
8
06_REMBLAI
10
39.107500
20
4.311667
30
0.0
0
VERTEX
8
06_REMBLAI
10
39.157500
20
4.278333
30
0.0
0
VERTEX
8
06_REMBLAI
10
39.207500
20
4.245000
30
0.0
0
VERTEX
8
06_REMBLAI
10
39.257500
20
4.211667
30
0.0
0
VERTEX
8
06_REMBLAI
10
39.307500
20
4.178333
30
0.0
0
VERTEX
8
06_REMBLAI
10
39.357500
20
4.145000
30
0.0
0
VERTEX
8
06_REMBLAI
10
39.407500
20
4.111667
30
0.0
0
VERTEX
8
06_REMBLAI
10
39.457500
20
4.078333
30
0.0
0
VERTEX
8
06_REMBLAI
10
39.507500
20
4.045000
30
0.0
0
VERTEX
8
06_REMBLAI
10
39.557500
20
4.011667
30
0.0
0
VERTEX
8
06_REMBLAI
10
39.607500
20
3.978333
30
0.0
0
VERTEX
8
06_REMBLAI
10
39.657500
20
3.945000
30
0.0
0
VERTEX
8
06_REMBLAI
10
39.707500
20
3.911667
30
0.0
0
VERTEX
8
06_REMBLAI
10
39.757500
20
3.878333
30
0.0
0
VERTEX
8
06_REMBLAI
10
39.807500
20
3.845000
30
0.0
0
VERTEX
8
06_REMBLAI
10
39.857500
20
3.811667
30
0.0
0
VERTEX
8
06_REMBLAI
10
39.907500
20
3.778333
30
0.0
0
VERTEX
8
06_REMBLAI
10
39.957500
20
3.745000
30
0.0
0
VERTEX
8
06_REMBLAI
10
40.007500
20
3.711667
30
0.0
0
VERTEX
8
06_REMBLAI
10
40.057500
20
3.678333
30
0.0
0
VERTEX
8
06_REMBLAI
10
40.107500
20
3.645000
30
0.0
0
VERTEX
8
06_REMBLAI
10
40.157500
20
3.611667
30
0.0
0
VERTEX
8
06_REMBLAI
10
40.207500
20
3.578333
30
0.0
0
VERTEX
8
06_REMBLAI
10
40.257500
20
3.545000
30
0.0
0
VERTEX
8
06_REMBLAI
10
40.307500
20
3.511667
30
0.0
0
VERTEX
8
06_REMBLAI
10
40.357500
20
3.478333
30
0.0
0
VERTEX
8
06_REMBLAI
10
40.407500
20
3.445000
30
0.0
0
VERTEX
8
06_REMBLAI
10
40.457500
20
3.411667
30
0.0
0
VERTEX
8
06_REMBLAI
10
40.507500
20
3.378333
30
0.0
0
VERTEX
8
06_REMBLAI
10
40.557500
20
3.345000
30
0.0
0
VERTEX
8
06_REMBLAI
10
40.607500
20
3.311667
30
0.0
0
VERTEX
8
06_REMBLAI
10
40.657500
20
3.278333
30
0.0
0
VERTEX
8
06_REMBLAI
10
40.707500
20
3.245000
30
0.0
0
VERTEX
8
06_REMBLAI
10
40.757500
20
3.211667
30
0.0
0
VERTEX
8
06_REMBLAI
10
40.807500
20
3.178333
30
0.0
0
VERTEX
8
06_REMBLAI
10
40.857500
20
3.167500
30
0.0
0
SEQEND
8
06_REMBLAI
0
POLYLINE
8
07_CHAUSSEE
66
1
10
0.0
20
0.0
30
0.0
70
0
0
VERTEX
8
07_CHAUSSEE
10
28.107500
20
5.645000
30
0.0
0
VERTEX
8
07_CHAUSSEE
10
32.607500
20
5.757500
30
0.0
0
VERTEX
8
07_CHAUSSEE
10
37.107500
20
5.645000
30
0.0
0
SEQEND
8
07_CHAUSSEE
0
POLYLINE
8
07_CHAUSSEE
66
1
10
0.0
20
0.0
30
0.0
70
0
0
VERTEX
8
07_CHAUSSEE
10
28.107500
20
5.395000
30
0.0
0
VERTEX
8
07_CHAUSSEE
10
32.607500
20
5.507500
30
0.0
0
VERTEX
8
07_CHAUSSEE
10
37.107500
20
5.395000
30
0.0
0
SEQEND
8
07_CHAUSSEE
0
POLYLINE
8
07_CHAUSSEE
66
1
10
0.0
20
0.0
30
0.0
70
0
0
VERTEX
8
07_CHAUSSEE
10
28.107500
20
5.595000
30
0.0
0
VERTEX
8
07_CHAUSSEE
10
32.607500
20
5.707500
30
0.0
0
VERTEX
8
07_CHAUSSEE
10
37.107500
20
5.595000
30
0.0
0
SEQEND
8
07_CHAUSSEE
0
LINE
8
07_CHAUSSEE
10
28.107500
20
5.645000
30
0.0
11
28.107500
21
5.395000
31
0.0
0
LINE
8
07_CHAUSSEE
10
37.107500
20
5.645000
30
0.0
11
37.107500
21
5.395000
31
0.0
0
POLYLINE
8
02_BETON
66
1
10
0.0
20
0.0
30
0.0
70
1
0
VERTEX
8
02_BETON
10
28.007500
20
2.895000
30
0.0
0
VERTEX
8
02_BETON
10
37.207500
20
2.805000
30
0.0
0
VERTEX
8
02_BETON
10
37.207500
20
2.905000
30
0.0
0
VERTEX
8
02_BETON
10
28.007500
20
2.995000
30
0.0
0
SEQEND
8
02_BETON
0
POLYLINE
8
02_BETON
66
1
10
0.0
20
0.0
30
0.0
70
1
0
VERTEX
8
02_BETON
10
27.707500
20
2.295000
30
0.0
0
VERTEX
8
02_BETON
10
28.007500
20
2.295000
30
0.0
0
VERTEX
8
02_BETON
10
28.007500
20
2.895000
30
0.0
0
VERTEX
8
02_BETON
10
27.707500
20
2.895000
30
0.0
0
SEQEND
8
02_BETON
0
POLYLINE
8
02_BETON
66
1
10
0.0
20
0.0
30
0.0
70
1
0
VERTEX
8
02_BETON
10
37.207500
20
2.205000
30
0.0
0
VERTEX
8
02_BETON
10
37.507500
20
2.205000
30
0.0
0
VERTEX
8
02_BETON
10
37.507500
20
2.805000
30
0.0
0
VERTEX
8
02_BETON
10
37.207500
20
2.805000
30
0.0
0
SEQEND
8
02_BETON
0
LINE
8
04_HACHURES
10
37.507500
20
2.720147
30
0.0
11
37.422647
21
2.805000
31
0.0
0
LINE
8
04_HACHURES
10
37.507500
20
2.550442
30
0.0
11
37.252942
21
2.805000
31
0.0
0
LINE
8
04_HACHURES
10
37.207500
20
2.850442
30
0.0
11
37.152403
21
2.905539
31
0.0
0
LINE
8
04_HACHURES
10
37.507500
20
2.380736
30
0.0
11
37.207500
21
2.680736
31
0.0
0
LINE
8
04_HACHURES
10
37.082008
20
2.806228
30
0.0
11
36.981020
21
2.907216
31
0.0
0
LINE
8
04_HACHURES
10
37.507500
20
2.211030
30
0.0
11
37.207500
21
2.511030
31
0.0
0
LINE
8
04_HACHURES
10
36.910626
20
2.807904
30
0.0
11
36.809638
21
2.908892
31
0.0
0
LINE
8
04_HACHURES
10
37.343825
20
2.205000
30
0.0
11
37.207500
21
2.341325
31
0.0
0
LINE
8
04_HACHURES
10
36.739244
20
2.809581
30
0.0
11
36.638256
21
2.910569
31
0.0
0
LINE
8
04_HACHURES
10
36.567862
20
2.811257
30
0.0
11
36.466874
21
2.912245
31
0.0
0
LINE
8
04_HACHURES
10
36.396480
20
2.812934
30
0.0
11
36.295492
21
2.913922
31
0.0
0
LINE
8
04_HACHURES
10
36.225097
20
2.814610
30
0.0
11
36.124109
21
2.915598
31
0.0
0
LINE
8
04_HACHURES
10
36.053715
20
2.816287
30
0.0
11
35.952727
21
2.917275
31
0.0
0
LINE
8
04_HACHURES
10
35.882333
20
2.817964
30
0.0
11
35.781345
21
2.918952
31
0.0
0
LINE
8
04_HACHURES
10
35.710951
20
2.819640
30
0.0
11
35.609963
21
2.920628
31
0.0
0
LINE
8
04_HACHURES
10
35.539569
20
2.821317
30
0.0
11
35.438581
21
2.922305
31
0.0
0
LINE
8
04_HACHURES
10
35.368186
20
2.822993
30
0.0
11
35.267198
21
2.923981
31
0.0
0
LINE
8
04_HACHURES
10
35.196804
20
2.824670
30
0.0
11
35.095816
21
2.925658
31
0.0
0
LINE
8
04_HACHURES
10
35.025422
20
2.826346
30
0.0
11
34.924434
21
2.927334
31
0.0
0
LINE
8
04_HACHURES
10
34.854040
20
2.828023
30
0.0
11
34.753052
21
2.929011
31
0.0
0
LINE
8
04_HACHURES
10
34.682658
20
2.829700
30
0.0
11
34.581670
21
2.930687
31
0.0
0
LINE
8
04_HACHURES
10
34.511275
20
2.831376
30
0.0
11
34.410287
21
2.932364
31
0.0
0
LINE
8
04_HACHURES
10
34.339893
20
2.833053
30
0.0
11
34.238905
21
2.934041
31
0.0
0
LINE
8
04_HACHURES
10
34.168511
20
2.834729
30
0.0
11
34.067523
21
2.935717
31
0.0
0
LINE
8
04_HACHURES
10
33.997129
20
2.836406
30
0.0
11
33.896141
21
2.937394
31
0.0
0
LINE
8
04_HACHURES
10
33.825747
20
2.838082
30
0.0
11
33.724759
21
2.939070
31
0.0
0
LINE
8
04_HACHURES
10
33.654364
20
2.839759
30
0.0
11
33.553377
21
2.940747
31
0.0
0
LINE
8
04_HACHURES
10
33.482982
20
2.841435
30
0.0
11
33.381994
21
2.942423
31
0.0
0
LINE
8
04_HACHURES
10
33.311600
20
2.843112
30
0.0
11
33.210612
21
2.944100
31
0.0
0
LINE
8
04_HACHURES
10
33.140218
20
2.844789
30
0.0
11
33.039230
21
2.945777
31
0.0
0
LINE
8
04_HACHURES
10
32.968836
20
2.846465
30
0.0
11
32.867848
21
2.947453
31
0.0
0
LINE
8
04_HACHURES
10
32.797453
20
2.848142
30
0.0
11
32.696466
21
2.949130
31
0.0
0
LINE
8
04_HACHURES
10
32.626071
20
2.849818
30
0.0
11
32.525083
21
2.950806
31
0.0
0
LINE
8
04_HACHURES
10
32.454689
20
2.851495
30
0.0
11
32.353701
21
2.952483
31
0.0
0
LINE
8
04_HACHURES
10
32.283307
20
2.853171
30
0.0
11
32.182319
21
2.954159
31
0.0
0
LINE
8
04_HACHURES
10
32.111925
20
2.854848
30
0.0
11
32.010937
21
2.955836
31
0.0
0
LINE
8
04_HACHURES
10
31.940543
20
2.856525
30
0.0
11
31.839555
21
2.957513
31
0.0
0
LINE
8
04_HACHURES
10
31.769160
20
2.858201
30
0.0
11
31.668172
21
2.959189
31
0.0
0
LINE
8
04_HACHURES
10
31.597778
20
2.859878
30
0.0
11
31.496790
21
2.960866
31
0.0
0
LINE
8
04_HACHURES
10
31.426396
20
2.861554
30
0.0
11
31.325408
21
2.962542
31
0.0
0
LINE
8
04_HACHURES
10
31.255014
20
2.863231
30
0.0
11
31.154026
21
2.964219
31
0.0
0
LINE
8
04_HACHURES
10
31.083632
20
2.864907
30
0.0
11
30.982644
21
2.965895
31
0.0
0
LINE
8
04_HACHURES
10
30.912249
20
2.866584
30
0.0
11
30.811261
21
2.967572
31
0.0
0
LINE
8
04_HACHURES
10
30.740867
20
2.868261
30
0.0
11
30.639879
21
2.969248
31
0.0
0
LINE
8
04_HACHURES
10
30.569485
20
2.869937
30
0.0
11
30.468497
21
2.970925
31
0.0
0
LINE
8
04_HACHURES
10
30.398103
20
2.871614
30
0.0
11
30.297115
21
2.972602
31
0.0
0
LINE
8
04_HACHURES
10
30.226721
20
2.873290
30
0.0
11
30.125733
21
2.974278
31
0.0
0
LINE
8
04_HACHURES
10
30.055338
20
2.874967
30
0.0
11
29.954350
21
2.975955
31
0.0
0
LINE
8
04_HACHURES
10
29.883956
20
2.876643
30
0.0
11
29.782968
21
2.977631
31
0.0
0
LINE
8
04_HACHURES
10
29.712574
20
2.878320
30
0.0
11
29.611586
21
2.979308
31
0.0
0
LINE
8
04_HACHURES
10
29.541192
20
2.879996
30
0.0
11
29.440204
21
2.980984
31
0.0
0
LINE
8
04_HACHURES
10
29.369810
20
2.881673
30
0.0
11
29.268822
21
2.982661
31
0.0
0
LINE
8
04_HACHURES
10
29.198427
20
2.883350
30
0.0
11
29.097440
21
2.984338
31
0.0
0
LINE
8
04_HACHURES
10
29.027045
20
2.885026
30
0.0
11
28.926057
21
2.986014
31
0.0
0
LINE
8
04_HACHURES
10
28.855663
20
2.886703
30
0.0
11
28.754675
21
2.987691
31
0.0
0
LINE
8
04_HACHURES
10
28.684281
20
2.888379
30
0.0
11
28.583293
21
2.989367
31
0.0
0
LINE
8
04_HACHURES
10
28.512899
20
2.890056
30
0.0
11
28.411911
21
2.991044
31
0.0
0
LINE
8
04_HACHURES
10
28.341516
20
2.891732
30
0.0
11
28.240529
21
2.992720
31
0.0
0
LINE
8
04_HACHURES
10
28.170134
20
2.893409
30
0.0
11
28.069146
21
2.994397
31
0.0
0
LINE
8
04_HACHURES
10
28.007500
20
2.886338
30
0.0
11
27.998838
21
2.895000
31
0.0
0
LINE
8
04_HACHURES
10
28.007500
20
2.716632
30
0.0
11
27.829132
21
2.895000
31
0.0
0
LINE
8
04_HACHURES
10
28.007500
20
2.546926
30
0.0
11
27.707500
21
2.846926
31
0.0
0
LINE
8
04_HACHURES
10
28.007500
20
2.377221
30
0.0
11
27.707500
21
2.677221
31
0.0
0
LINE
8
04_HACHURES
10
27.920015
20
2.295000
30
0.0
11
27.707500
21
2.507515
31
0.0
0
LINE
8
04_HACHURES
10
27.750310
20
2.295000
30
0.0
11
27.707500
21
2.337810
31
0.0
0
POLYLINE
8
02_BETON
66
1
10
0.0
20
0.0
30
0.0
70
1
0
VERTEX
8
02_BETON
10
28.107500
20
3.295000
30
0.0
0
VERTEX
8
02_BETON
10
37.107500
20
3.205000
30
0.0
0
VERTEX
8
02_BETON
10
37.107500
20
2.905000
30
0.0
0
VERTEX
8
02_BETON
10
28.107500
20
2.995000
30
0.0
0
SEQEND
8
02_BETON
0
POLYLINE
8
02_BETON
66
1
10
0.0
20
0.0
30
0.0
70
1
0
VERTEX
8
02_BETON
10
28.107500
20
4.795000
30
0.0
0
VERTEX
8
02_BETON
10
37.107500
20
4.705000
30
0.0
0
VERTEX
8
02_BETON
10
37.107500
20
4.955000
30
0.0
0
VERTEX
8
02_BETON
10
28.107500
20
5.045000
30
0.0
0
SEQEND
8
02_BETON
0
POLYLINE
8
02_BETON
66
1
10
0.0
20
0.0
30
0.0
70
1
0
VERTEX
8
02_BETON
10
28.107500
20
5.045000
30
0.0
0
VERTEX
8
02_BETON
10
28.357500
20
5.045000
30
0.0
0
VERTEX
8
02_BETON
10
28.357500
20
5.645000
30
0.0
0
VERTEX
8
02_BETON
10
28.107500
20
5.645000
30
0.0
0
SEQEND
8
02_BETON
0
POLYLINE
8
02_BETON
66
1
10
0.0
20
0.0
30
0.0
70
1
0
VERTEX
8
02_BETON
10
36.857500
20
4.955000
30
0.0
0
VERTEX
8
02_BETON
10
37.107500
20
4.955000
30
0.0
0
VERTEX
8
02_BETON
10
37.107500
20
5.645000
30
0.0
0
VERTEX
8
02_BETON
10
36.857500
20
5.645000
30
0.0
0
SEQEND
8
02_BETON
0
LINE
8
04_HACHURES
10
37.030488
20
2.905770
30
0.0
11
37.107500
21
2.982782
31
0.0
0
LINE
8
04_HACHURES
10
36.876465
20
2.907310
30
0.0
11
37.107500
21
3.138345
31
0.0
0
LINE
8
04_HACHURES
10
36.722442
20
2.908851
30
0.0
11
37.019472
21
3.205880
31
0.0
0
LINE
8
04_HACHURES
10
36.568419
20
2.910391
30
0.0
11
36.865448
21
3.207421
31
0.0
0
LINE
8
04_HACHURES
10
36.414395
20
2.911931
30
0.0
11
36.711425
21
3.208961
31
0.0
0
LINE
8
04_HACHURES
10
36.260372
20
2.913471
30
0.0
11
36.557402
21
3.210501
31
0.0
0
LINE
8
04_HACHURES
10
36.106349
20
2.915012
30
0.0
11
36.403379
21
3.212041
31
0.0
0
LINE
8
04_HACHURES
10
35.952326
20
2.916552
30
0.0
11
36.249355
21
3.213581
31
0.0
0
LINE
8
04_HACHURES
10
35.798302
20
2.918092
30
0.0
11
36.095332
21
3.215122
31
0.0
0
LINE
8
04_HACHURES
10
35.644279
20
2.919632
30
0.0
11
35.941309
21
3.216662
31
0.0
0
LINE
8
04_HACHURES
10
35.490256
20
2.921172
30
0.0
11
35.787285
21
3.218202
31
0.0
0
LINE
8
04_HACHURES
10
35.336233
20
2.922713
30
0.0
11
35.633262
21
3.219742
31
0.0
0
LINE
8
04_HACHURES
10
35.182209
20
2.924253
30
0.0
11
35.479239
21
3.221283
31
0.0
0
LINE
8
04_HACHURES
10
35.028186
20
2.925793
30
0.0
11
35.325216
21
3.222823
31
0.0
0
LINE
8
04_HACHURES
10
34.874163
20
2.927333
30
0.0
11
35.171192
21
3.224363
31
0.0
0
LINE
8
04_HACHURES
10
34.720139
20
2.928874
30
0.0
11
35.017169
21
3.225903
31
0.0
0
LINE
8
04_HACHURES
10
34.566116
20
2.930414
30
0.0
11
34.863146
21
3.227444
31
0.0
0
LINE
8
04_HACHURES
10
34.412093
20
2.931954
30
0.0
11
34.709123
21
3.228984
31
0.0
0
LINE
8
04_HACHURES
10
34.258070
20
2.933494
30
0.0
11
34.555099
21
3.230524
31
0.0
0
LINE
8
04_HACHURES
10
34.104046
20
2.935035
30
0.0
11
34.401076
21
3.232064
31
0.0
0
LINE
8
04_HACHURES
10
33.950023
20
2.936575
30
0.0
11
34.247053
21
3.233604
31
0.0
0
LINE
8
04_HACHURES
10
33.796000
20
2.938115
30
0.0
11
34.093030
21
3.235145
31
0.0
0
LINE
8
04_HACHURES
10
33.641977
20
2.939655
30
0.0
11
33.939006
21
3.236685
31
0.0
0
LINE
8
04_HACHURES
10
33.487953
20
2.941195
30
0.0
11
33.784983
21
3.238225
31
0.0
0
LINE
8
04_HACHURES
10
33.333930
20
2.942736
30
0.0
11
33.630960
21
3.239765
31
0.0
0
LINE
8
04_HACHURES
10
33.179907
20
2.944276
30
0.0
11
33.476937
21
3.241306
31
0.0
0
LINE
8
04_HACHURES
10
33.025884
20
2.945816
30
0.0
11
33.322913
21
3.242846
31
0.0
0
LINE
8
04_HACHURES
10
32.871860
20
2.947356
30
0.0
11
33.168890
21
3.244386
31
0.0
0
LINE
8
04_HACHURES
10
32.717837
20
2.948897
30
0.0
11
33.014867
21
3.245926
31
0.0
0
LINE
8
04_HACHURES
10
32.563814
20
2.950437
30
0.0
11
32.860844
21
3.247467
31
0.0
0
LINE
8
04_HACHURES
10
32.409791
20
2.951977
30
0.0
11
32.706820
21
3.249007
31
0.0
0
LINE
8
04_HACHURES
10
32.255767
20
2.953517
30
0.0
11
32.552797
21
3.250547
31
0.0
0
LINE
8
04_HACHURES
10
32.101744
20
2.955058
30
0.0
11
32.398774
21
3.252087
31
0.0
0
LINE
8
04_HACHURES
10
31.947721
20
2.956598
30
0.0
11
32.244751
21
3.253627
31
0.0
0
LINE
8
04_HACHURES
10
31.793698
20
2.958138
30
0.0
11
32.090727
21
3.255168
31
0.0
0
LINE
8
04_HACHURES
10
31.639674
20
2.959678
30
0.0
11
31.936704
21
3.256708
31
0.0
0
LINE
8
04_HACHURES
10
31.485651
20
2.961218
30
0.0
11
31.782681
21
3.258248
31
0.0
0
LINE
8
04_HACHURES
10
31.331628
20
2.962759
30
0.0
11
31.628657
21
3.259788
31
0.0
0
LINE
8
04_HACHURES
10
31.177605
20
2.964299
30
0.0
11
31.474634
21
3.261329
31
0.0
0
LINE
8
04_HACHURES
10
31.023581
20
2.965839
30
0.0
11
31.320611
21
3.262869
31
0.0
0
LINE
8
04_HACHURES
10
30.869558
20
2.967379
30
0.0
11
31.166588
21
3.264409
31
0.0
0
LINE
8
04_HACHURES
10
30.715535
20
2.968920
30
0.0
11
31.012564
21
3.265949
31
0.0
0
LINE
8
04_HACHURES
10
30.561511
20
2.970460
30
0.0
11
30.858541
21
3.267490
31
0.0
0
LINE
8
04_HACHURES
10
30.407488
20
2.972000
30
0.0
11
30.704518
21
3.269030
31
0.0
0
LINE
8
04_HACHURES
10
30.253465
20
2.973540
30
0.0
11
30.550495
21
3.270570
31
0.0
0
LINE
8
04_HACHURES
10
30.099442
20
2.975081
30
0.0
11
30.396471
21
3.272110
31
0.0
0
LINE
8
04_HACHURES
10
29.945418
20
2.976621
30
0.0
11
30.242448
21
3.273651
31
0.0
0
LINE
8
04_HACHURES
10
29.791395
20
2.978161
30
0.0
11
30.088425
21
3.275191
31
0.0
0
LINE
8
04_HACHURES
10
29.637372
20
2.979701
30
0.0
11
29.934402
21
3.276731
31
0.0
0
LINE
8
04_HACHURES
10
29.483349
20
2.981242
30
0.0
11
29.780378
21
3.278271
31
0.0
0
LINE
8
04_HACHURES
10
29.329325
20
2.982782
30
0.0
11
29.626355
21
3.279811
31
0.0
0
LINE
8
04_HACHURES
10
29.175302
20
2.984322
30
0.0
11
29.472332
21
3.281352
31
0.0
0
LINE
8
04_HACHURES
10
29.021279
20
2.985862
30
0.0
11
29.318309
21
3.282892
31
0.0
0
LINE
8
04_HACHURES
10
28.867256
20
2.987402
30
0.0
11
29.164285
21
3.284432
31
0.0
0
LINE
8
04_HACHURES
10
28.713232
20
2.988943
30
0.0
11
29.010262
21
3.285972
31
0.0
0
LINE
8
04_HACHURES
10
28.559209
20
2.990483
30
0.0
11
28.856239
21
3.287513
31
0.0
0
LINE
8
04_HACHURES
10
28.405186
20
2.992023
30
0.0
11
28.702216
21
3.289053
31
0.0
0
LINE
8
04_HACHURES
10
28.251163
20
2.993563
30
0.0
11
28.548192
21
3.290593
31
0.0
0
LINE
8
04_HACHURES
10
28.107500
20
3.005464
30
0.0
11
28.394169
21
3.292133
31
0.0
0
LINE
8
04_HACHURES
10
28.107500
20
3.161028
30
0.0
11
28.240146
21
3.293674
31
0.0
0
LINE
8
04_HACHURES
10
37.030488
20
4.705770
30
0.0
11
37.107500
21
4.782782
31
0.0
0
LINE
8
04_HACHURES
10
36.876465
20
4.707310
30
0.0
11
37.107500
21
4.938345
31
0.0
0
LINE
8
04_HACHURES
10
36.722442
20
4.708851
30
0.0
11
36.969967
21
4.956375
31
0.0
0
LINE
8
04_HACHURES
10
36.568419
20
4.710391
30
0.0
11
36.815943
21
4.957916
31
0.0
0
LINE
8
04_HACHURES
10
36.414395
20
4.711931
30
0.0
11
36.661920
21
4.959456
31
0.0
0
LINE
8
04_HACHURES
10
36.260372
20
4.713471
30
0.0
11
36.507897
21
4.960996
31
0.0
0
LINE
8
04_HACHURES
10
36.106349
20
4.715012
30
0.0
11
36.353874
21
4.962536
31
0.0
0
LINE
8
04_HACHURES
10
35.952326
20
4.716552
30
0.0
11
36.199850
21
4.964076
31
0.0
0
LINE
8
04_HACHURES
10
35.798302
20
4.718092
30
0.0
11
36.045827
21
4.965617
31
0.0
0
LINE
8
04_HACHURES
10
35.644279
20
4.719632
30
0.0
11
35.891804
21
4.967157
31
0.0
0
LINE
8
04_HACHURES
10
35.490256
20
4.721172
30
0.0
11
35.737781
21
4.968697
31
0.0
0
LINE
8
04_HACHURES
10
35.336233
20
4.722713
30
0.0
11
35.583757
21
4.970237
31
0.0
0
LINE
8
04_HACHURES
10
35.182209
20
4.724253
30
0.0
11
35.429734
21
4.971778
31
0.0
0
LINE
8
04_HACHURES
10
35.028186
20
4.725793
30
0.0
11
35.275711
21
4.973318
31
0.0
0
LINE
8
04_HACHURES
10
34.874163
20
4.727333
30
0.0
11
35.121687
21
4.974858
31
0.0
0
LINE
8
04_HACHURES
10
34.720139
20
4.728874
30
0.0
11
34.967664
21
4.976398
31
0.0
0
LINE
8
04_HACHURES
10
34.566116
20
4.730414
30
0.0
11
34.813641
21
4.977939
31
0.0
0
LINE
8
04_HACHURES
10
34.412093
20
4.731954
30
0.0
11
34.659618
21
4.979479
31
0.0
0
LINE
8
04_HACHURES
10
34.258070
20
4.733494
30
0.0
11
34.505594
21
4.981019
31
0.0
0
LINE
8
04_HACHURES
10
34.104046
20
4.735035
30
0.0
11
34.351571
21
4.982559
31
0.0
0
LINE
8
04_HACHURES
10
33.950023
20
4.736575
30
0.0
11
34.197548
21
4.984100
31
0.0
0
LINE
8
04_HACHURES
10
33.796000
20
4.738115
30
0.0
11
34.043525
21
4.985640
31
0.0
0
LINE
8
04_HACHURES
10
33.641977
20
4.739655
30
0.0
11
33.889501
21
4.987180
31
0.0
0
LINE
8
04_HACHURES
10
33.487953
20
4.741195
30
0.0
11
33.735478
21
4.988720
31
0.0
0
LINE
8
04_HACHURES
10
33.333930
20
4.742736
30
0.0
11
33.581455
21
4.990260
31
0.0
0
LINE
8
04_HACHURES
10
33.179907
20
4.744276
30
0.0
11
33.427432
21
4.991801
31
0.0
0
LINE
8
04_HACHURES
10
33.025884
20
4.745816
30
0.0
11
33.273408
21
4.993341
31
0.0
0
LINE
8
04_HACHURES
10
32.871860
20
4.747356
30
0.0
11
33.119385
21
4.994881
31
0.0
0
LINE
8
04_HACHURES
10
32.717837
20
4.748897
30
0.0
11
32.965362
21
4.996421
31
0.0
0
LINE
8
04_HACHURES
10
32.563814
20
4.750437
30
0.0
11
32.811339
21
4.997962
31
0.0
0
LINE
8
04_HACHURES
10
32.409791
20
4.751977
30
0.0
11
32.657315
21
4.999502
31
0.0
0
LINE
8
04_HACHURES
10
32.255767
20
4.753517
30
0.0
11
32.503292
21
5.001042
31
0.0
0
LINE
8
04_HACHURES
10
32.101744
20
4.755058
30
0.0
11
32.349269
21
5.002582
31
0.0
0
LINE
8
04_HACHURES
10
31.947721
20
4.756598
30
0.0
11
32.195246
21
5.004123
31
0.0
0
LINE
8
04_HACHURES
10
31.793698
20
4.758138
30
0.0
11
32.041222
21
5.005663
31
0.0
0
LINE
8
04_HACHURES
10
31.639674
20
4.759678
30
0.0
11
31.887199
21
5.007203
31
0.0
0
LINE
8
04_HACHURES
10
31.485651
20
4.761218
30
0.0
11
31.733176
21
5.008743
31
0.0
0
LINE
8
04_HACHURES
10
31.331628
20
4.762759
30
0.0
11
31.579153
21
5.010283
31
0.0
0
LINE
8
04_HACHURES
10
31.177605
20
4.764299
30
0.0
11
31.425129
21
5.011824
31
0.0
0
LINE
8
04_HACHURES
10
31.023581
20
4.765839
30
0.0
11
31.271106
21
5.013364
31
0.0
0
LINE
8
04_HACHURES
10
30.869558
20
4.767379
30
0.0
11
31.117083
21
5.014904
31
0.0
0
LINE
8
04_HACHURES
10
30.715535
20
4.768920
30
0.0
11
30.963059
21
5.016444
31
0.0
0
LINE
8
04_HACHURES
10
30.561511
20
4.770460
30
0.0
11
30.809036
21
5.017985
31
0.0
0
LINE
8
04_HACHURES
10
30.407488
20
4.772000
30
0.0
11
30.655013
21
5.019525
31
0.0
0
LINE
8
04_HACHURES
10
30.253465
20
4.773540
30
0.0
11
30.500990
21
5.021065
31
0.0
0
LINE
8
04_HACHURES
10
30.099442
20
4.775081
30
0.0
11
30.346966
21
5.022605
31
0.0
0
LINE
8
04_HACHURES
10
29.945418
20
4.776621
30
0.0
11
30.192943
21
5.024146
31
0.0
0
LINE
8
04_HACHURES
10
29.791395
20
4.778161
30
0.0
11
30.038920
21
5.025686
31
0.0
0
LINE
8
04_HACHURES
10
29.637372
20
4.779701
30
0.0
11
29.884897
21
5.027226
31
0.0
0
LINE
8
04_HACHURES
10
29.483349
20
4.781242
30
0.0
11
29.730873
21
5.028766
31
0.0
0
LINE
8
04_HACHURES
10
29.329325
20
4.782782
30
0.0
11
29.576850
21
5.030306
31
0.0
0
LINE
8
04_HACHURES
10
29.175302
20
4.784322
30
0.0
11
29.422827
21
5.031847
31
0.0
0
LINE
8
04_HACHURES
10
29.021279
20
4.785862
30
0.0
11
29.268804
21
5.033387
31
0.0
0
LINE
8
04_HACHURES
10
28.867256
20
4.787402
30
0.0
11
29.114780
21
5.034927
31
0.0
0
LINE
8
04_HACHURES
10
28.713232
20
4.788943
30
0.0
11
28.960757
21
5.036467
31
0.0
0
LINE
8
04_HACHURES
10
28.559209
20
4.790483
30
0.0
11
28.806734
21
5.038008
31
0.0
0
LINE
8
04_HACHURES
10
28.405186
20
4.792023
30
0.0
11
28.652711
21
5.039548
31
0.0
0
LINE
8
04_HACHURES
10
28.251163
20
4.793563
30
0.0
11
28.498687
21
5.041088
31
0.0
0
LINE
8
04_HACHURES
10
28.107500
20
4.805464
30
0.0
11
28.344664
21
5.042628
31
0.0
0
LINE
8
04_HACHURES
10
28.107500
20
4.961028
30
0.0
11
28.190641
21
5.044169
31
0.0
0
LINE
8
04_HACHURES
10
28.279718
20
5.045000
30
0.0
11
28.357500
21
5.122782
31
0.0
0
LINE
8
04_HACHURES
10
28.124155
20
5.045000
30
0.0
11
28.357500
21
5.278345
31
0.0
0
LINE
8
04_HACHURES
10
28.107500
20
5.183909
30
0.0
11
28.357500
21
5.433909
31
0.0
0
LINE
8
04_HACHURES
10
28.107500
20
5.339472
30
0.0
11
28.357500
21
5.589472
31
0.0
0
LINE
8
04_HACHURES
10
28.107500
20
5.495036
30
0.0
11
28.257464
21
5.645000
31
0.0
0
LINE
8
04_HACHURES
10
37.029718
20
4.955000
30
0.0
11
37.107500
21
5.032782
31
0.0
0
LINE
8
04_HACHURES
10
36.874155
20
4.955000
30
0.0
11
37.107500
21
5.188345
31
0.0
0
LINE
8
04_HACHURES
10
36.857500
20
5.093909
30
0.0
11
37.107500
21
5.343909
31
0.0
0
LINE
8
04_HACHURES
10
36.857500
20
5.249472
30
0.0
11
37.107500
21
5.499472
31
0.0
0
LINE
8
04_HACHURES
10
36.857500
20
5.405036
30
0.0
11
37.097464
21
5.645000
31
0.0
0
LINE
8
04_HACHURES
10
36.857500
20
5.560599
30
0.0
11
36.941901
21
5.645000
31
0.0
0
POLYLINE
8
14_ENROCHEMENT
66
1
10
0.0
20
0.0
30
0.0
70
1
0
VERTEX
8
14_ENROCHEMENT
10
26.207500
20
2.895000
30
0.0
0
VERTEX
8
14_ENROCHEMENT
10
27.707500
20
2.895000
30
0.0
0
VERTEX
8
14_ENROCHEMENT
10
27.707500
20
3.295000
30
0.0
0
VERTEX
8
14_ENROCHEMENT
10
26.207500
20
3.295000
30
0.0
0
SEQEND
8
14_ENROCHEMENT
0
POLYLINE
8
14_ENROCHEMENT
66
1
10
0.0
20
0.0
30
0.0
70
1
0
VERTEX
8
14_ENROCHEMENT
10
26.243500
20
2.935000
30
0.0
0
VERTEX
8
14_ENROCHEMENT
10
26.327500
20
3.087000
30
0.0
0
VERTEX
8
14_ENROCHEMENT
10
26.423500
20
3.055000
30
0.0
0
VERTEX
8
14_ENROCHEMENT
10
26.483500
20
2.935000
30
0.0
0
SEQEND
8
14_ENROCHEMENT
0
POLYLINE
8
14_ENROCHEMENT
66
1
10
0.0
20
0.0
30
0.0
70
1
0
VERTEX
8
14_ENROCHEMENT
10
26.519500
20
2.935000
30
0.0
0
VERTEX
8
14_ENROCHEMENT
10
26.603500
20
3.087000
30
0.0
0
VERTEX
8
14_ENROCHEMENT
10
26.699500
20
3.055000
30
0.0
0
VERTEX
8
14_ENROCHEMENT
10
26.759500
20
2.935000
30
0.0
0
SEQEND
8
14_ENROCHEMENT
0
POLYLINE
8
14_ENROCHEMENT
66
1
10
0.0
20
0.0
30
0.0
70
1
0
VERTEX
8
14_ENROCHEMENT
10
26.795500
20
2.935000
30
0.0
0
VERTEX
8
14_ENROCHEMENT
10
26.879500
20
3.087000
30
0.0
0
VERTEX
8
14_ENROCHEMENT
10
26.975500
20
3.055000
30
0.0
0
VERTEX
8
14_ENROCHEMENT
10
27.035500
20
2.935000
30
0.0
0
SEQEND
8
14_ENROCHEMENT
0
POLYLINE
8
14_ENROCHEMENT
66
1
10
0.0
20
0.0
30
0.0
70
1
0
VERTEX
8
14_ENROCHEMENT
10
27.071500
20
2.935000
30
0.0
0
VERTEX
8
14_ENROCHEMENT
10
27.155500
20
3.087000
30
0.0
0
VERTEX
8
14_ENROCHEMENT
10
27.251500
20
3.055000
30
0.0
0
VERTEX
8
14_ENROCHEMENT
10
27.311500
20
2.935000
30
0.0
0
SEQEND
8
14_ENROCHEMENT
0
POLYLINE
8
14_ENROCHEMENT
66
1
10
0.0
20
0.0
30
0.0
70
1
0
VERTEX
8
14_ENROCHEMENT
10
27.347500
20
2.935000
30
0.0
0
VERTEX
8
14_ENROCHEMENT
10
27.431500
20
3.087000
30
0.0
0
VERTEX
8
14_ENROCHEMENT
10
27.527500
20
3.055000
30
0.0
0
VERTEX
8
14_ENROCHEMENT
10
27.587500
20
2.935000
30
0.0
0
SEQEND
8
14_ENROCHEMENT
0
POLYLINE
8
14_ENROCHEMENT
66
1
10
0.0
20
0.0
30
0.0
70
1
0
VERTEX
8
14_ENROCHEMENT
10
26.327500
20
3.115000
30
0.0
0
VERTEX
8
14_ENROCHEMENT
10
26.411500
20
3.267000
30
0.0
0
VERTEX
8
14_ENROCHEMENT
10
26.507500
20
3.235000
30
0.0
0
VERTEX
8
14_ENROCHEMENT
10
26.567500
20
3.115000
30
0.0
0
SEQEND
8
14_ENROCHEMENT
0
POLYLINE
8
14_ENROCHEMENT
66
1
10
0.0
20
0.0
30
0.0
70
1
0
VERTEX
8
14_ENROCHEMENT
10
26.603500
20
3.115000
30
0.0
0
VERTEX
8
14_ENROCHEMENT
10
26.687500
20
3.267000
30
0.0
0
VERTEX
8
14_ENROCHEMENT
10
26.783500
20
3.235000
30
0.0
0
VERTEX
8
14_ENROCHEMENT
10
26.843500
20
3.115000
30
0.0
0
SEQEND
8
14_ENROCHEMENT
0
POLYLINE
8
14_ENROCHEMENT
66
1
10
0.0
20
0.0
30
0.0
70
1
0
VERTEX
8
14_ENROCHEMENT
10
26.879500
20
3.115000
30
0.0
0
VERTEX
8
14_ENROCHEMENT
10
26.963500
20
3.267000
30
0.0
0
VERTEX
8
14_ENROCHEMENT
10
27.059500
20
3.235000
30
0.0
0
VERTEX
8
14_ENROCHEMENT
10
27.119500
20
3.115000
30
0.0
0
SEQEND
8
14_ENROCHEMENT
0
POLYLINE
8
14_ENROCHEMENT
66
1
10
0.0
20
0.0
30
0.0
70
1
0
VERTEX
8
14_ENROCHEMENT
10
27.155500
20
3.115000
30
0.0
0
VERTEX
8
14_ENROCHEMENT
10
27.239500
20
3.267000
30
0.0
0
VERTEX
8
14_ENROCHEMENT
10
27.335500
20
3.235000
30
0.0
0
VERTEX
8
14_ENROCHEMENT
10
27.395500
20
3.115000
30
0.0
0
SEQEND
8
14_ENROCHEMENT
0
POLYLINE
8
14_ENROCHEMENT
66
1
10
0.0
20
0.0
30
0.0
70
1
0
VERTEX
8
14_ENROCHEMENT
10
27.431500
20
3.115000
30
0.0
0
VERTEX
8
14_ENROCHEMENT
10
27.515500
20
3.267000
30
0.0
0
VERTEX
8
14_ENROCHEMENT
10
27.611500
20
3.235000
30
0.0
0
VERTEX
8
14_ENROCHEMENT
10
27.671500
20
3.115000
30
0.0
0
SEQEND
8
14_ENROCHEMENT
0
POLYLINE
8
14_ENROCHEMENT
66
1
10
0.0
20
0.0
30
0.0
70
1
0
VERTEX
8
14_ENROCHEMENT
10
37.507500
20
2.805000
30
0.0
0
VERTEX
8
14_ENROCHEMENT
10
39.007500
20
2.805000
30
0.0
0
VERTEX
8
14_ENROCHEMENT
10
39.007500
20
3.205000
30
0.0
0
VERTEX
8
14_ENROCHEMENT
10
37.507500
20
3.205000
30
0.0
0
SEQEND
8
14_ENROCHEMENT
0
POLYLINE
8
14_ENROCHEMENT
66
1
10
0.0
20
0.0
30
0.0
70
1
0
VERTEX
8
14_ENROCHEMENT
10
37.543500
20
2.845000
30
0.0
0
VERTEX
8
14_ENROCHEMENT
10
37.627500
20
2.997000
30
0.0
0
VERTEX
8
14_ENROCHEMENT
10
37.723500
20
2.965000
30
0.0
0
VERTEX
8
14_ENROCHEMENT
10
37.783500
20
2.845000
30
0.0
0
SEQEND
8
14_ENROCHEMENT
0
POLYLINE
8
14_ENROCHEMENT
66
1
10
0.0
20
0.0
30
0.0
70
1
0
VERTEX
8
14_ENROCHEMENT
10
37.819500
20
2.845000
30
0.0
0
VERTEX
8
14_ENROCHEMENT
10
37.903500
20
2.997000
30
0.0
0
VERTEX
8
14_ENROCHEMENT
10
37.999500
20
2.965000
30
0.0
0
VERTEX
8
14_ENROCHEMENT
10
38.059500
20
2.845000
30
0.0
0
SEQEND
8
14_ENROCHEMENT
0
POLYLINE
8
14_ENROCHEMENT
66
1
10
0.0
20
0.0
30
0.0
70
1
0
VERTEX
8
14_ENROCHEMENT
10
38.095500
20
2.845000
30
0.0
0
VERTEX
8
14_ENROCHEMENT
10
38.179500
20
2.997000
30
0.0
0
VERTEX
8
14_ENROCHEMENT
10
38.275500
20
2.965000
30
0.0
0
VERTEX
8
14_ENROCHEMENT
10
38.335500
20
2.845000
30
0.0
0
SEQEND
8
14_ENROCHEMENT
0
POLYLINE
8
14_ENROCHEMENT
66
1
10
0.0
20
0.0
30
0.0
70
1
0
VERTEX
8
14_ENROCHEMENT
10
38.371500
20
2.845000
30
0.0
0
VERTEX
8
14_ENROCHEMENT
10
38.455500
20
2.997000
30
0.0
0
VERTEX
8
14_ENROCHEMENT
10
38.551500
20
2.965000
30
0.0
0
VERTEX
8
14_ENROCHEMENT
10
38.611500
20
2.845000
30
0.0
0
SEQEND
8
14_ENROCHEMENT
0
POLYLINE
8
14_ENROCHEMENT
66
1
10
0.0
20
0.0
30
0.0
70
1
0
VERTEX
8
14_ENROCHEMENT
10
38.647500
20
2.845000
30
0.0
0
VERTEX
8
14_ENROCHEMENT
10
38.731500
20
2.997000
30
0.0
0
VERTEX
8
14_ENROCHEMENT
10
38.827500
20
2.965000
30
0.0
0
VERTEX
8
14_ENROCHEMENT
10
38.887500
20
2.845000
30
0.0
0
SEQEND
8
14_ENROCHEMENT
0
POLYLINE
8
14_ENROCHEMENT
66
1
10
0.0
20
0.0
30
0.0
70
1
0
VERTEX
8
14_ENROCHEMENT
10
37.627500
20
3.025000
30
0.0
0
VERTEX
8
14_ENROCHEMENT
10
37.711500
20
3.177000
30
0.0
0
VERTEX
8
14_ENROCHEMENT
10
37.807500
20
3.145000
30
0.0
0
VERTEX
8
14_ENROCHEMENT
10
37.867500
20
3.025000
30
0.0
0
SEQEND
8
14_ENROCHEMENT
0
POLYLINE
8
14_ENROCHEMENT
66
1
10
0.0
20
0.0
30
0.0
70
1
0
VERTEX
8
14_ENROCHEMENT
10
37.903500
20
3.025000
30
0.0
0
VERTEX
8
14_ENROCHEMENT
10
37.987500
20
3.177000
30
0.0
0
VERTEX
8
14_ENROCHEMENT
10
38.083500
20
3.145000
30
0.0
0
VERTEX
8
14_ENROCHEMENT
10
38.143500
20
3.025000
30
0.0
0
SEQEND
8
14_ENROCHEMENT
0
POLYLINE
8
14_ENROCHEMENT
66
1
10
0.0
20
0.0
30
0.0
70
1
0
VERTEX
8
14_ENROCHEMENT
10
38.179500
20
3.025000
30
0.0
0
VERTEX
8
14_ENROCHEMENT
10
38.263500
20
3.177000
30
0.0
0
VERTEX
8
14_ENROCHEMENT
10
38.359500
20
3.145000
30
0.0
0
VERTEX
8
14_ENROCHEMENT
10
38.419500
20
3.025000
30
0.0
0
SEQEND
8
14_ENROCHEMENT
0
POLYLINE
8
14_ENROCHEMENT
66
1
10
0.0
20
0.0
30
0.0
70
1
0
VERTEX
8
14_ENROCHEMENT
10
38.455500
20
3.025000
30
0.0
0
VERTEX
8
14_ENROCHEMENT
10
38.539500
20
3.177000
30
0.0
0
VERTEX
8
14_ENROCHEMENT
10
38.635500
20
3.145000
30
0.0
0
VERTEX
8
14_ENROCHEMENT
10
38.695500
20
3.025000
30
0.0
0
SEQEND
8
14_ENROCHEMENT
0
POLYLINE
8
14_ENROCHEMENT
66
1
10
0.0
20
0.0
30
0.0
70
1
0
VERTEX
8
14_ENROCHEMENT
10
38.731500
20
3.025000
30
0.0
0
VERTEX
8
14_ENROCHEMENT
10
38.815500
20
3.177000
30
0.0
0
VERTEX
8
14_ENROCHEMENT
10
38.911500
20
3.145000
30
0.0
0
VERTEX
8
14_ENROCHEMENT
10
38.971500
20
3.025000
30
0.0
0
SEQEND
8
14_ENROCHEMENT
0
POLYLINE
8
15_VU_ARRIERE
66
1
10
0.0
20
0.0
30
0.0
70
0
0
VERTEX
8
15_VU_ARRIERE
10
28.107500
20
5.645000
30
0.0
0
VERTEX
8
15_VU_ARRIERE
10
25.509424
20
3.912949
30
0.0
0
VERTEX
8
15_VU_ARRIERE
10
25.509424
20
2.695000
30
0.0
0
VERTEX
8
15_VU_ARRIERE
10
28.107500
20
2.695000
30
0.0
0
SEQEND
8
15_VU_ARRIERE
0
POLYLINE
8
03_BETON_CACHE
66
1
10
0.0
20
0.0
30
0.0
70
0
0
VERTEX
8
03_BETON_CACHE
10
25.509424
20
2.695000
30
0.0
0
VERTEX
8
03_BETON_CACHE
10
25.509424
20
2.345000
30
0.0
0
VERTEX
8
03_BETON_CACHE
10
28.107500
20
2.345000
30
0.0
0
VERTEX
8
03_BETON_CACHE
10
28.107500
20
2.695000
30
0.0
0
SEQEND
8
03_BETON_CACHE
0
POLYLINE
8
15_VU_ARRIERE
66
1
10
0.0
20
0.0
30
0.0
70
0
0
VERTEX
8
15_VU_ARRIERE
10
37.107500
20
5.645000
30
0.0
0
VERTEX
8
15_VU_ARRIERE
10
39.705576
20
3.912949
30
0.0
0
VERTEX
8
15_VU_ARRIERE
10
39.705576
20
2.605000
30
0.0
0
VERTEX
8
15_VU_ARRIERE
10
37.107500
20
2.605000
30
0.0
0
SEQEND
8
15_VU_ARRIERE
0
POLYLINE
8
03_BETON_CACHE
66
1
10
0.0
20
0.0
30
0.0
70
0
0
VERTEX
8
03_BETON_CACHE
10
39.705576
20
2.605000
30
0.0
0
VERTEX
8
03_BETON_CACHE
10
39.705576
20
2.255000
30
0.0
0
VERTEX
8
03_BETON_CACHE
10
37.107500
20
2.255000
30
0.0
0
VERTEX
8
03_BETON_CACHE
10
37.107500
20
2.605000
30
0.0
0
SEQEND
8
03_BETON_CACHE
0
LINE
8
07_CHAUSSEE
10
28.707500
20
5.645000
30
0.0
11
28.707500
21
6.395000
31
0.0
0
LINE
8
07_CHAUSSEE
10
28.457500
20
6.245000
30
0.0
11
28.957500
21
6.245000
31
0.0
0
LINE
8
07_CHAUSSEE
10
36.507500
20
5.645000
30
0.0
11
36.507500
21
6.395000
31
0.0
0
LINE
8
07_CHAUSSEE
10
36.257500
20
6.245000
30
0.0
11
36.757500
21
6.245000
31
0.0
0
LINE
8
01_AXES
10
32.607500
20
1.595000
30
0.0
11
32.607500
21
7.057500
31
0.0
0
LINE
8
01_AXES
10
32.607500
20
2.195000
30
0.0
11
32.607500
21
6.457500
31
0.0
0
LINE
8
01_AXES
10
32.607500
20
2.195000
30
0.0
11
32.107500
21
2.195000
31
0.0
0
SOLID
8
11_TEXTE
10
32.107500
20
2.195000
30
0.0
11
32.232500
21
2.172500
31
0.0
12
32.232500
22
2.217500
32
0.0
13
32.232500
23
2.217500
33
0.0
0
TEXT
8
11_TEXTE
10
31.907500
20
2.195000
30
0.0
40
0.175000
1
B
41
0.850000
7
STANDARD
72
1
11
31.907500
21
2.195000
31
0.0
73
2
0
LINE
8
01_AXES
10
32.607500
20
6.457500
30
0.0
11
32.107500
21
6.457500
31
0.0
0
SOLID
8
11_TEXTE
10
32.107500
20
6.457500
30
0.0
11
32.232500
21
6.435000
31
0.0
12
32.232500
22
6.480000
32
0.0
13
32.232500
23
6.480000
33
0.0
0
TEXT
8
11_TEXTE
10
31.907500
20
6.457500
30
0.0
40
0.175000
1
B
41
0.850000
7
STANDARD
72
1
11
31.907500
21
6.457500
31
0.0
73
2
0
LINE
8
10_COTATION
10
28.107500
20
2.245000
30
0.0
11
28.107500
21
1.430000
31
0.0
0
LINE
8
10_COTATION
10
29.107500
20
2.245000
30
0.0
11
29.107500
21
1.430000
31
0.0
0
LINE
8
10_COTATION
10
28.107500
20
1.505000
30
0.0
11
29.107500
21
1.505000
31
0.0
0
LINE
8
10_COTATION
10
28.063306
20
1.460806
30
0.0
11
28.151694
21
1.549194
31
0.0
0
LINE
8
10_COTATION
10
29.063306
20
1.460806
30
0.0
11
29.151694
21
1.549194
31
0.0
0
TEXT
8
10_COTATION
10
28.607500
20
1.545000
30
0.0
40
0.100000
1
1.00
41
0.850000
7
STANDARD
72
1
11
28.607500
21
1.545000
31
0.0
73
1
0
LINE
8
10_COTATION
10
29.107500
20
2.245000
30
0.0
11
29.107500
21
1.430000
31
0.0
0
LINE
8
10_COTATION
10
36.107500
20
2.245000
30
0.0
11
36.107500
21
1.430000
31
0.0
0
LINE
8
10_COTATION
10
29.107500
20
1.505000
30
0.0
11
36.107500
21
1.505000
31
0.0
0
LINE
8
10_COTATION
10
29.063306
20
1.460806
30
0.0
11
29.151694
21
1.549194
31
0.0
0
LINE
8
10_COTATION
10
36.063306
20
1.460806
30
0.0
11
36.151694
21
1.549194
31
0.0
0
TEXT
8
10_COTATION
10
32.607500
20
1.545000
30
0.0
40
0.100000
1
7.00
41
0.850000
7
STANDARD
72
1
11
32.607500
21
1.545000
31
0.0
73
1
0
LINE
8
10_COTATION
10
36.107500
20
2.245000
30
0.0
11
36.107500
21
1.430000
31
0.0
0
LINE
8
10_COTATION
10
37.107500
20
2.245000
30
0.0
11
37.107500
21
1.430000
31
0.0
0
LINE
8
10_COTATION
10
36.107500
20
1.505000
30
0.0
11
37.107500
21
1.505000
31
0.0
0
LINE
8
10_COTATION
10
36.063306
20
1.460806
30
0.0
11
36.151694
21
1.549194
31
0.0
0
LINE
8
10_COTATION
10
37.063306
20
1.460806
30
0.0
11
37.151694
21
1.549194
31
0.0
0
TEXT
8
10_COTATION
10
36.607500
20
1.545000
30
0.0
40
0.100000
1
1.00
41
0.850000
7
STANDARD
72
1
11
36.607500
21
1.545000
31
0.0
73
1
0
LINE
8
10_COTATION
10
28.107500
20
2.245000
30
0.0
11
28.107500
21
0.830000
31
0.0
0
LINE
8
10_COTATION
10
37.107500
20
2.245000
30
0.0
11
37.107500
21
0.830000
31
0.0
0
LINE
8
10_COTATION
10
28.107500
20
0.905000
30
0.0
11
37.107500
21
0.905000
31
0.0
0
LINE
8
10_COTATION
10
28.063306
20
0.860806
30
0.0
11
28.151694
21
0.949194
31
0.0
0
LINE
8
10_COTATION
10
37.063306
20
0.860806
30
0.0
11
37.151694
21
0.949194
31
0.0
0
TEXT
8
10_COTATION
10
32.607500
20
0.945000
30
0.0
40
0.100000
1
9.00
41
0.850000
7
STANDARD
72
1
11
32.607500
21
0.945000
31
0.0
73
1
0
LINE
8
10_COTATION
10
24.607500
20
0.855000
30
0.0
11
24.607500
21
0.830000
31
0.0
0
LINE
8
10_COTATION
10
28.107500
20
0.855000
30
0.0
11
28.107500
21
0.830000
31
0.0
0
LINE
8
10_COTATION
10
24.607500
20
0.905000
30
0.0
11
28.107500
21
0.905000
31
0.0
0
LINE
8
10_COTATION
10
24.563306
20
0.860806
30
0.0
11
24.651694
21
0.949194
31
0.0
0
LINE
8
10_COTATION
10
28.063306
20
0.860806
30
0.0
11
28.151694
21
0.949194
31
0.0
0
TEXT
8
10_COTATION
10
26.357500
20
0.945000
30
0.0
40
0.100000
1
TALUS 3/2
41
0.850000
7
STANDARD
72
1
11
26.357500
21
0.945000
31
0.0
73
1
0
LINE
8
10_COTATION
10
37.107500
20
0.855000
30
0.0
11
37.107500
21
0.830000
31
0.0
0
LINE
8
10_COTATION
10
40.857500
20
0.855000
30
0.0
11
40.857500
21
0.830000
31
0.0
0
LINE
8
10_COTATION
10
37.107500
20
0.905000
30
0.0
11
40.857500
21
0.905000
31
0.0
0
LINE
8
10_COTATION
10
37.063306
20
0.860806
30
0.0
11
37.151694
21
0.949194
31
0.0
0
LINE
8
10_COTATION
10
40.813306
20
0.860806
30
0.0
11
40.901694
21
0.949194
31
0.0
0
TEXT
8
10_COTATION
10
38.982500
20
0.945000
30
0.0
40
0.100000
1
TALUS 3/2
41
0.850000
7
STANDARD
72
1
11
38.982500
21
0.945000
31
0.0
73
1
0
LINE
8
10_COTATION
10
28.057500
20
3.295000
30
0.0
11
23.632500
21
3.295000
31
0.0
0
LINE
8
10_COTATION
10
28.057500
20
4.795000
30
0.0
11
23.632500
21
4.795000
31
0.0
0
LINE
8
10_COTATION
10
23.707500
20
3.295000
30
0.0
11
23.707500
21
4.795000
31
0.0
0
LINE
8
10_COTATION
10
23.663306
20
3.250806
30
0.0
11
23.751694
21
3.339194
31
0.0
0
LINE
8
10_COTATION
10
23.663306
20
4.750806
30
0.0
11
23.751694
21
4.839194
31
0.0
0
TEXT
8
10_COTATION
10
23.667500
20
4.045000
30
0.0
40
0.100000
1
1.50
50
90.000000
41
0.850000
7
STANDARD
72
1
11
23.667500
21
4.045000
31
0.0
73
3
0
LINE
8
10_COTATION
10
28.057500
20
5.045000
30
0.0
11
23.632500
21
5.045000
31
0.0
0
LINE
8
10_COTATION
10
28.057500
20
5.645000
30
0.0
11
23.632500
21
5.645000
31
0.0
0
LINE
8
10_COTATION
10
23.707500
20
5.045000
30
0.0
11
23.707500
21
5.645000
31
0.0
0
LINE
8
10_COTATION
10
23.663306
20
5.000806
30
0.0
11
23.751694
21
5.089194
31
0.0
0
LINE
8
10_COTATION
10
23.663306
20
5.600806
30
0.0
11
23.751694
21
5.689194
31
0.0
0
TEXT
8
10_COTATION
10
23.667500
20
5.345000
30
0.0
40
0.100000
1
0.60
50
90.000000
41
0.850000
7
STANDARD
72
1
11
23.667500
21
5.345000
31
0.0
73
3
0
POLYLINE
8
10_COTATION
66
1
10
0.0
20
0.0
30
0.0
70
1
0
VERTEX
8
10_COTATION
10
27.127500
20
3.435000
30
0.0
0
VERTEX
8
10_COTATION
10
27.287500
20
3.435000
30
0.0
0
VERTEX
8
10_COTATION
10
27.207500
20
3.295000
30
0.0
0
SEQEND
8
10_COTATION
0
LINE
8
10_COTATION
10
27.207500
20
3.435000
30
0.0
11
26.007500
21
3.435000
31
0.0
0
TEXT
8
10_COTATION
10
26.007500
20
3.475000
30
0.0
40
0.100000
1
-0.000  F.E. AMONT
41
0.850000
7
STANDARD
72
0
11
26.007500
21
3.475000
31
0.0
73
1
0
POLYLINE
8
10_COTATION
66
1
10
0.0
20
0.0
30
0.0
70
1
0
VERTEX
8
10_COTATION
10
37.927500
20
3.345000
30
0.0
0
VERTEX
8
10_COTATION
10
38.087500
20
3.345000
30
0.0
0
VERTEX
8
10_COTATION
10
38.007500
20
3.205000
30
0.0
0
SEQEND
8
10_COTATION
0
LINE
8
10_COTATION
10
38.007500
20
3.345000
30
0.0
11
39.207500
21
3.345000
31
0.0
0
TEXT
8
10_COTATION
10
39.207500
20
3.385000
30
0.0
40
0.100000
1
-0.090  F.E. AVAL
41
0.850000
7
STANDARD
72
2
11
39.207500
21
3.385000
31
0.0
73
1
0
POLYLINE
8
10_COTATION
66
1
10
0.0
20
0.0
30
0.0
70
1
0
VERTEX
8
10_COTATION
10
32.527500
20
5.897500
30
0.0
0
VERTEX
8
10_COTATION
10
32.687500
20
5.897500
30
0.0
0
VERTEX
8
10_COTATION
10
32.607500
20
5.757500
30
0.0
0
SEQEND
8
10_COTATION
0
LINE
8
10_COTATION
10
32.607500
20
5.897500
30
0.0
11
33.907500
21
5.897500
31
0.0
0
TEXT
8
10_COTATION
10
33.907500
20
5.937500
30
0.0
40
0.100000
1
+2.462  AXE CHAUSSEE
41
0.850000
7
STANDARD
72
2
11
33.907500
21
5.937500
31
0.0
73
1
0
TEXT
8
11_TEXTE
10
26.307500
20
6.845000
30
0.0
40
0.175000
1
AMONT
41
0.850000
7
STANDARD
72
1
11
26.307500
21
6.845000
31
0.0
73
2
0
TEXT
8
11_TEXTE
10
38.907500
20
6.845000
30
0.0
40
0.175000
1
AVAL
41
0.850000
7
STANDARD
72
1
11
38.907500
21
6.845000
31
0.0
73
2
0
TEXT
8
11_TEXTE
10
32.607500
20
2.445000
30
0.0
40
0.110000
1
PENTE DU RADIER 1.0 % VERS L'AVAL
41
0.850000
7
STANDARD
72
1
11
32.607500
21
2.445000
31
0.0
73
2
0
SOLID
8
11_TEXTE
10
34.407500
20
2.445000
30
0.0
11
34.282500
21
2.467500
31
0.0
12
34.282500
22
2.422500
32
0.0
13
34.282500
23
2.422500
33
0.0
0
LINE
8
11_TEXTE
10
28.232500
20
5.345000
30
0.0
11
25.907500
21
6.245000
31
0.0
0
LINE
8
11_TEXTE
10
25.907500
20
6.245000
30
0.0
11
25.707500
21
6.245000
31
0.0
0
SOLID
8
11_TEXTE
10
28.232500
20
5.345000
30
0.0
11
28.124051
21
5.411107
31
0.0
12
28.107807
22
5.369141
32
0.0
13
28.107807
23
5.369141
33
0.0
0
TEXT
8
11_TEXTE
10
25.657500
20
6.245000
30
0.0
40
0.125000
1
MUR DE TETE ep. 0.25
41
0.850000
7
STANDARD
72
2
11
25.657500
21
6.245000
31
0.0
73
2
0
LINE
8
11_TEXTE
10
26.707500
20
4.545000
30
0.0
11
24.907500
21
5.245000
31
0.0
0
LINE
8
11_TEXTE
10
24.907500
20
5.245000
30
0.0
11
24.707500
21
5.245000
31
0.0
0
SOLID
8
11_TEXTE
10
26.707500
20
4.545000
30
0.0
11
26.599154
21
4.611276
31
0.0
12
26.582844
22
4.569336
32
0.0
13
26.582844
23
4.569336
33
0.0
0
TEXT
8
11_TEXTE
10
24.657500
20
5.245000
30
0.0
40
0.125000
1
MUR EN AILE (VU)
41
0.850000
7
STANDARD
72
2
11
24.657500
21
5.245000
31
0.0
73
2
0
LINE
8
11_TEXTE
10
27.857500
20
2.595000
30
0.0
11
25.707500
21
1.995000
31
0.0
0
LINE
8
11_TEXTE
10
25.707500
20
1.995000
30
0.0
11
25.507500
21
1.995000
31
0.0
0
SOLID
8
11_TEXTE
10
27.857500
20
2.595000
30
0.0
11
27.731052
21
2.583072
31
0.0
12
27.743148
22
2.539728
32
0.0
13
27.743148
23
2.539728
33
0.0
0
TEXT
8
11_TEXTE
10
25.457500
20
1.995000
30
0.0
40
0.125000
1
BECHE 0.30 x 0.60
41
0.850000
7
STANDARD
72
2
11
25.457500
21
1.995000
31
0.0
73
2
0
LINE
8
11_TEXTE
10
38.257500
20
3.005000
30
0.0
11
39.107500
21
1.905000
31
0.0
0
LINE
8
11_TEXTE
10
39.107500
20
1.905000
30
0.0
11
39.307500
21
1.905000
31
0.0
0
SOLID
8
11_TEXTE
10
38.257500
20
3.005000
30
0.0
11
38.316127
21
2.892332
31
0.0
12
38.351735
22
2.919847
32
0.0
13
38.351735
23
2.919847
33
0.0
0
TEXT
8
11_TEXTE
10
39.357500
20
1.905000
30
0.0
40
0.125000
1
ENROCHEMENT ep. 0.40 SUR 1.50 m
41
0.850000
7
STANDARD
72
0
11
39.357500
21
1.905000
31
0.0
73
2
0
LINE
8
11_TEXTE
10
36.507500
20
6.245000
30
0.0
11
38.507500
21
7.545000
31
0.0
0
LINE
8
11_TEXTE
10
38.507500
20
7.545000
30
0.0
11
38.707500
21
7.545000
31
0.0
0
SOLID
8
11_TEXTE
10
36.507500
20
6.245000
30
0.0
11
36.624568
21
6.294259
31
0.0
12
36.600043
22
6.331989
32
0.0
13
36.600043
23
6.331989
33
0.0
0
TEXT
8
11_TEXTE
10
38.757500
20
7.545000
30
0.0
40
0.125000
1
DISPOSITIF DE RETENUE (POUR MEMOIRE)
41
0.850000
7
STANDARD
72
0
11
38.757500
21
7.545000
31
0.0
73
2
0
TEXT
8
11_TEXTE
10
22.607500
20
0.230000
30
0.0
40
0.250000
1
COUPE A-A
41
0.850000
7
STANDARD
72
0
11
22.607500
21
0.230000
31
0.0
73
1
0
LINE
8
11_TEXTE
10
22.607500
20
0.150000
30
0.0
11
24.002500
21
0.150000
31
0.0
0
TEXT
8
11_TEXTE
10
22.607500
20
0.000000
30
0.0
40
0.125000
1
Coupe longitudinale suivant l'axe hydraulique - Ech. 1:50
41
0.850000
7
STANDARD
72
0
11
22.607500
21
0.000000
31
0.0
73
1
0
LINE
8
06_REMBLAI
10
57.371434
20
2.202500
30
0.0
11
57.477500
21
2.308566
31
0.0
0
LINE
8
06_REMBLAI
10
57.159302
20
2.202500
30
0.0
11
57.477500
21
2.520698
31
0.0
0
LINE
8
06_REMBLAI
10
56.947170
20
2.202500
30
0.0
11
57.477500
21
2.732830
31
0.0
0
LINE
8
06_REMBLAI
10
56.735038
20
2.202500
30
0.0
11
57.477500
21
2.944962
31
0.0
0
LINE
8
06_REMBLAI
10
56.522906
20
2.202500
30
0.0
11
57.477500
21
3.157094
31
0.0
0
LINE
8
06_REMBLAI
10
56.310774
20
2.202500
30
0.0
11
57.477500
21
3.369226
31
0.0
0
LINE
8
06_REMBLAI
10
56.098642
20
2.202500
30
0.0
11
57.477500
21
3.581358
31
0.0
0
LINE
8
06_REMBLAI
10
55.886510
20
2.202500
30
0.0
11
57.477500
21
3.793490
31
0.0
0
LINE
8
06_REMBLAI
10
55.274378
20
1.802500
30
0.0
11
57.477500
21
4.005622
31
0.0
0
LINE
8
06_REMBLAI
10
55.062246
20
1.802500
30
0.0
11
57.477500
21
4.217754
31
0.0
0
LINE
8
06_REMBLAI
10
54.950114
20
1.902500
30
0.0
11
57.477500
21
4.429886
31
0.0
0
LINE
8
06_REMBLAI
10
54.877500
20
2.042018
30
0.0
11
57.295482
21
4.460000
31
0.0
0
LINE
8
06_REMBLAI
10
54.877500
20
2.254150
30
0.0
11
57.083350
21
4.460000
31
0.0
0
LINE
8
06_REMBLAI
10
54.877500
20
2.466282
30
0.0
11
56.871218
21
4.460000
31
0.0
0
LINE
8
06_REMBLAI
10
54.877500
20
2.678414
30
0.0
11
56.659086
21
4.460000
31
0.0
0
LINE
8
06_REMBLAI
10
54.877500
20
2.890547
30
0.0
11
56.446953
21
4.460000
31
0.0
0
LINE
8
06_REMBLAI
10
54.877500
20
3.102679
30
0.0
11
56.234821
21
4.460000
31
0.0
0
LINE
8
06_REMBLAI
10
54.877500
20
3.314811
30
0.0
11
56.022689
21
4.460000
31
0.0
0
LINE
8
06_REMBLAI
10
54.877500
20
3.526943
30
0.0
11
55.810557
21
4.460000
31
0.0
0
LINE
8
06_REMBLAI
10
54.877500
20
3.739075
30
0.0
11
55.598425
21
4.460000
31
0.0
0
LINE
8
06_REMBLAI
10
54.877500
20
3.951207
30
0.0
11
55.386293
21
4.460000
31
0.0
0
LINE
8
06_REMBLAI
10
54.666661
20
3.952500
30
0.0
11
55.174161
21
4.460000
31
0.0
0
LINE
8
06_REMBLAI
10
54.454529
20
3.952500
30
0.0
11
54.962029
21
4.460000
31
0.0
0
LINE
8
06_REMBLAI
10
52.092397
20
1.802500
30
0.0
11
52.377500
21
2.087603
31
0.0
0
LINE
8
06_REMBLAI
10
54.242397
20
3.952500
30
0.0
11
54.749897
21
4.460000
31
0.0
0
LINE
8
06_REMBLAI
10
51.880265
20
1.802500
30
0.0
11
52.377500
21
2.299735
31
0.0
0
LINE
8
06_REMBLAI
10
54.030265
20
3.952500
30
0.0
11
54.537765
21
4.460000
31
0.0
0
LINE
8
06_REMBLAI
10
51.722817
20
1.857183
30
0.0
11
52.377500
21
2.511867
31
0.0
0
LINE
8
06_REMBLAI
10
53.818133
20
3.952500
30
0.0
11
54.325633
21
4.460000
31
0.0
0
LINE
8
06_REMBLAI
10
51.616751
20
1.963249
30
0.0
11
52.377500
21
2.723999
31
0.0
0
LINE
8
06_REMBLAI
10
53.606001
20
3.952500
30
0.0
11
54.113501
21
4.460000
31
0.0
0
LINE
8
06_REMBLAI
10
51.510685
20
2.069315
30
0.0
11
52.377500
21
2.936131
31
0.0
0
LINE
8
06_REMBLAI
10
53.393869
20
3.952500
30
0.0
11
53.901369
21
4.460000
31
0.0
0
LINE
8
06_REMBLAI
10
51.404619
20
2.175381
30
0.0
11
52.377500
21
3.148263
31
0.0
0
LINE
8
06_REMBLAI
10
53.181737
20
3.952500
30
0.0
11
53.689237
21
4.460000
31
0.0
0
LINE
8
06_REMBLAI
10
51.219605
20
2.202500
30
0.0
11
52.377500
21
3.360395
31
0.0
0
LINE
8
06_REMBLAI
10
52.969605
20
3.952500
30
0.0
11
53.477105
21
4.460000
31
0.0
0
LINE
8
06_REMBLAI
10
51.007473
20
2.202500
30
0.0
11
52.377500
21
3.572527
31
0.0
0
LINE
8
06_REMBLAI
10
52.757473
20
3.952500
30
0.0
11
53.264973
21
4.460000
31
0.0
0
LINE
8
06_REMBLAI
10
50.795341
20
2.202500
30
0.0
11
52.377500
21
3.784659
31
0.0
0
LINE
8
06_REMBLAI
10
52.545341
20
3.952500
30
0.0
11
53.052841
21
4.460000
31
0.0
0
LINE
8
06_REMBLAI
10
50.583209
20
2.202500
30
0.0
11
52.840709
21
4.460000
31
0.0
0
LINE
8
06_REMBLAI
10
50.371077
20
2.202500
30
0.0
11
52.628577
21
4.460000
31
0.0
0
LINE
8
06_REMBLAI
10
50.158945
20
2.202500
30
0.0
11
52.416445
21
4.460000
31
0.0
0
LINE
8
06_REMBLAI
10
49.946813
20
2.202500
30
0.0
11
52.204313
21
4.460000
31
0.0
0
LINE
8
06_REMBLAI
10
49.777500
20
2.245319
30
0.0
11
51.992181
21
4.460000
31
0.0
0
LINE
8
06_REMBLAI
10
49.777500
20
2.457451
30
0.0
11
51.780049
21
4.460000
31
0.0
0
LINE
8
06_REMBLAI
10
49.777500
20
2.669583
30
0.0
11
51.567917
21
4.460000
31
0.0
0
LINE
8
06_REMBLAI
10
49.777500
20
2.881715
30
0.0
11
51.355785
21
4.460000
31
0.0
0
LINE
8
06_REMBLAI
10
49.777500
20
3.093847
30
0.0
11
51.143653
21
4.460000
31
0.0
0
LINE
8
06_REMBLAI
10
49.777500
20
3.305979
30
0.0
11
50.931521
21
4.460000
31
0.0
0
LINE
8
06_REMBLAI
10
49.777500
20
3.518111
30
0.0
11
50.719389
21
4.460000
31
0.0
0
LINE
8
06_REMBLAI
10
49.777500
20
3.730243
30
0.0
11
50.507257
21
4.460000
31
0.0
0
LINE
8
06_REMBLAI
10
49.777500
20
3.942376
30
0.0
11
50.295124
21
4.460000
31
0.0
0
LINE
8
06_REMBLAI
10
49.777500
20
4.154508
30
0.0
11
50.082992
21
4.460000
31
0.0
0
LINE
8
06_REMBLAI
10
49.777500
20
4.366640
30
0.0
11
49.870860
21
4.460000
31
0.0
0
LINE
8
06_REMBLAI
10
57.477500
20
4.353934
30
0.0
11
57.371434
21
4.460000
31
0.0
0
LINE
8
06_REMBLAI
10
57.477500
20
4.141802
30
0.0
11
57.159302
21
4.460000
31
0.0
0
LINE
8
06_REMBLAI
10
57.477500
20
3.929670
30
0.0
11
56.947170
21
4.460000
31
0.0
0
LINE
8
06_REMBLAI
10
57.477500
20
3.717538
30
0.0
11
56.735038
21
4.460000
31
0.0
0
LINE
8
06_REMBLAI
10
57.477500
20
3.505406
30
0.0
11
56.522906
21
4.460000
31
0.0
0
LINE
8
06_REMBLAI
10
57.477500
20
3.293274
30
0.0
11
56.310774
21
4.460000
31
0.0
0
LINE
8
06_REMBLAI
10
57.477500
20
3.081142
30
0.0
11
56.098642
21
4.460000
31
0.0
0
LINE
8
06_REMBLAI
10
57.477500
20
2.869010
30
0.0
11
55.886510
21
4.460000
31
0.0
0
LINE
8
06_REMBLAI
10
57.477500
20
2.656878
30
0.0
11
55.674378
21
4.460000
31
0.0
0
LINE
8
06_REMBLAI
10
57.477500
20
2.444746
30
0.0
11
55.462246
21
4.460000
31
0.0
0
LINE
8
06_REMBLAI
10
57.477500
20
2.232614
30
0.0
11
55.250114
21
4.460000
31
0.0
0
LINE
8
06_REMBLAI
10
57.295482
20
2.202500
30
0.0
11
55.037982
21
4.460000
31
0.0
0
LINE
8
06_REMBLAI
10
57.083350
20
2.202500
30
0.0
11
54.825850
21
4.460000
31
0.0
0
LINE
8
06_REMBLAI
10
56.871218
20
2.202500
30
0.0
11
54.613718
21
4.460000
31
0.0
0
LINE
8
06_REMBLAI
10
56.659086
20
2.202500
30
0.0
11
54.401586
21
4.460000
31
0.0
0
LINE
8
06_REMBLAI
10
56.446953
20
2.202500
30
0.0
11
54.877500
21
3.771953
31
0.0
0
LINE
8
06_REMBLAI
10
54.696953
20
3.952500
30
0.0
11
54.189453
21
4.460000
31
0.0
0
LINE
8
06_REMBLAI
10
56.234821
20
2.202500
30
0.0
11
54.877500
21
3.559821
31
0.0
0
LINE
8
06_REMBLAI
10
54.484821
20
3.952500
30
0.0
11
53.977321
21
4.460000
31
0.0
0
LINE
8
06_REMBLAI
10
56.022689
20
2.202500
30
0.0
11
54.877500
21
3.347689
31
0.0
0
LINE
8
06_REMBLAI
10
54.272689
20
3.952500
30
0.0
11
53.765189
21
4.460000
31
0.0
0
LINE
8
06_REMBLAI
10
55.844029
20
2.169029
30
0.0
11
54.877500
21
3.135557
31
0.0
0
LINE
8
06_REMBLAI
10
54.060557
20
3.952500
30
0.0
11
53.553057
21
4.460000
31
0.0
0
LINE
8
06_REMBLAI
10
55.737963
20
2.062963
30
0.0
11
54.877500
21
2.923425
31
0.0
0
LINE
8
06_REMBLAI
10
53.848425
20
3.952500
30
0.0
11
53.340925
21
4.460000
31
0.0
0
LINE
8
06_REMBLAI
10
55.631897
20
1.956897
30
0.0
11
54.877500
21
2.711293
31
0.0
0
LINE
8
06_REMBLAI
10
53.636293
20
3.952500
30
0.0
11
53.128793
21
4.460000
31
0.0
0
LINE
8
06_REMBLAI
10
55.525831
20
1.850831
30
0.0
11
54.877500
21
2.499161
31
0.0
0
LINE
8
06_REMBLAI
10
53.424161
20
3.952500
30
0.0
11
52.916661
21
4.460000
31
0.0
0
LINE
8
06_REMBLAI
10
55.362029
20
1.802500
30
0.0
11
54.877500
21
2.287029
31
0.0
0
LINE
8
06_REMBLAI
10
53.212029
20
3.952500
30
0.0
11
52.704529
21
4.460000
31
0.0
0
LINE
8
06_REMBLAI
10
55.149897
20
1.802500
30
0.0
11
54.877500
21
2.074897
31
0.0
0
LINE
8
06_REMBLAI
10
52.999897
20
3.952500
30
0.0
11
52.492397
21
4.460000
31
0.0
0
LINE
8
06_REMBLAI
10
52.787765
20
3.952500
30
0.0
11
52.280265
21
4.460000
31
0.0
0
LINE
8
06_REMBLAI
10
52.575633
20
3.952500
30
0.0
11
52.068133
21
4.460000
31
0.0
0
LINE
8
06_REMBLAI
10
52.377500
20
3.938501
30
0.0
11
51.856001
21
4.460000
31
0.0
0
LINE
8
06_REMBLAI
10
52.377500
20
3.726369
30
0.0
11
51.643869
21
4.460000
31
0.0
0
LINE
8
06_REMBLAI
10
52.377500
20
3.514237
30
0.0
11
51.431737
21
4.460000
31
0.0
0
LINE
8
06_REMBLAI
10
52.377500
20
3.302105
30
0.0
11
51.219605
21
4.460000
31
0.0
0
LINE
8
06_REMBLAI
10
52.377500
20
3.089973
30
0.0
11
51.007473
21
4.460000
31
0.0
0
LINE
8
06_REMBLAI
10
52.377500
20
2.877841
30
0.0
11
50.795341
21
4.460000
31
0.0
0
LINE
8
06_REMBLAI
10
52.377500
20
2.665709
30
0.0
11
50.583209
21
4.460000
31
0.0
0
LINE
8
06_REMBLAI
10
52.377500
20
2.453577
30
0.0
11
50.371077
21
4.460000
31
0.0
0
LINE
8
06_REMBLAI
10
52.377500
20
2.241445
30
0.0
11
50.158945
21
4.460000
31
0.0
0
LINE
8
06_REMBLAI
10
52.377500
20
2.029313
30
0.0
11
49.946813
21
4.460000
31
0.0
0
LINE
8
06_REMBLAI
10
52.292181
20
1.902500
30
0.0
11
49.777500
21
4.417181
31
0.0
0
LINE
8
06_REMBLAI
10
52.180049
20
1.802500
30
0.0
11
49.777500
21
4.205049
31
0.0
0
LINE
8
06_REMBLAI
10
51.967917
20
1.802500
30
0.0
11
49.777500
21
3.992917
31
0.0
0
LINE
8
06_REMBLAI
10
51.355785
20
2.202500
30
0.0
11
49.777500
21
3.780785
31
0.0
0
LINE
8
06_REMBLAI
10
51.143653
20
2.202500
30
0.0
11
49.777500
21
3.568653
31
0.0
0
LINE
8
06_REMBLAI
10
50.931521
20
2.202500
30
0.0
11
49.777500
21
3.356521
31
0.0
0
LINE
8
06_REMBLAI
10
50.719389
20
2.202500
30
0.0
11
49.777500
21
3.144389
31
0.0
0
LINE
8
06_REMBLAI
10
50.507257
20
2.202500
30
0.0
11
49.777500
21
2.932257
31
0.0
0
LINE
8
06_REMBLAI
10
50.295124
20
2.202500
30
0.0
11
49.777500
21
2.720124
31
0.0
0
LINE
8
06_REMBLAI
10
50.082992
20
2.202500
30
0.0
11
49.777500
21
2.507992
31
0.0
0
LINE
8
06_REMBLAI
10
49.870860
20
2.202500
30
0.0
11
49.777500
21
2.295860
31
0.0
0
POLYLINE
8
03_BETON_CACHE
66
1
10
0.0
20
0.0
30
0.0
70
0
0
VERTEX
8
03_BETON_CACHE
10
51.377500
20
2.202500
30
0.0
0
VERTEX
8
03_BETON_CACHE
10
51.777500
20
1.802500
30
0.0
0
SEQEND
8
03_BETON_CACHE
0
POLYLINE
8
03_BETON_CACHE
66
1
10
0.0
20
0.0
30
0.0
70
0
0
VERTEX
8
03_BETON_CACHE
10
55.877500
20
2.202500
30
0.0
0
VERTEX
8
03_BETON_CACHE
10
55.477500
20
1.802500
30
0.0
0
SEQEND
8
03_BETON_CACHE
0
POLYLINE
8
05_TERRAIN
66
1
10
0.0
20
0.0
30
0.0
70
0
0
VERTEX
8
05_TERRAIN
10
49.777500
20
2.202500
30
0.0
0
VERTEX
8
05_TERRAIN
10
51.377500
20
2.202500
30
0.0
0
SEQEND
8
05_TERRAIN
0
LINE
8
05_TERRAIN
10
49.827500
20
2.202500
30
0.0
11
49.787500
21
2.162500
31
0.0
0
LINE
8
05_TERRAIN
10
49.927500
20
2.202500
30
0.0
11
49.887500
21
2.162500
31
0.0
0
LINE
8
05_TERRAIN
10
50.027500
20
2.202500
30
0.0
11
49.987500
21
2.162500
31
0.0
0
LINE
8
05_TERRAIN
10
50.127500
20
2.202500
30
0.0
11
50.087500
21
2.162500
31
0.0
0
LINE
8
05_TERRAIN
10
50.227500
20
2.202500
30
0.0
11
50.187500
21
2.162500
31
0.0
0
LINE
8
05_TERRAIN
10
50.327500
20
2.202500
30
0.0
11
50.287500
21
2.162500
31
0.0
0
LINE
8
05_TERRAIN
10
50.427500
20
2.202500
30
0.0
11
50.387500
21
2.162500
31
0.0
0
LINE
8
05_TERRAIN
10
50.527500
20
2.202500
30
0.0
11
50.487500
21
2.162500
31
0.0
0
LINE
8
05_TERRAIN
10
50.627500
20
2.202500
30
0.0
11
50.587500
21
2.162500
31
0.0
0
LINE
8
05_TERRAIN
10
50.727500
20
2.202500
30
0.0
11
50.687500
21
2.162500
31
0.0
0
LINE
8
05_TERRAIN
10
50.827500
20
2.202500
30
0.0
11
50.787500
21
2.162500
31
0.0
0
LINE
8
05_TERRAIN
10
50.927500
20
2.202500
30
0.0
11
50.887500
21
2.162500
31
0.0
0
LINE
8
05_TERRAIN
10
51.027500
20
2.202500
30
0.0
11
50.987500
21
2.162500
31
0.0
0
LINE
8
05_TERRAIN
10
51.127500
20
2.202500
30
0.0
11
51.087500
21
2.162500
31
0.0
0
LINE
8
05_TERRAIN
10
51.227500
20
2.202500
30
0.0
11
51.187500
21
2.162500
31
0.0
0
LINE
8
05_TERRAIN
10
51.327500
20
2.202500
30
0.0
11
51.287500
21
2.162500
31
0.0
0
POLYLINE
8
05_TERRAIN
66
1
10
0.0
20
0.0
30
0.0
70
0
0
VERTEX
8
05_TERRAIN
10
55.877500
20
2.202500
30
0.0
0
VERTEX
8
05_TERRAIN
10
57.477500
20
2.202500
30
0.0
0
SEQEND
8
05_TERRAIN
0
LINE
8
05_TERRAIN
10
55.927500
20
2.202500
30
0.0
11
55.887500
21
2.162500
31
0.0
0
LINE
8
05_TERRAIN
10
56.027500
20
2.202500
30
0.0
11
55.987500
21
2.162500
31
0.0
0
LINE
8
05_TERRAIN
10
56.127500
20
2.202500
30
0.0
11
56.087500
21
2.162500
31
0.0
0
LINE
8
05_TERRAIN
10
56.227500
20
2.202500
30
0.0
11
56.187500
21
2.162500
31
0.0
0
LINE
8
05_TERRAIN
10
56.327500
20
2.202500
30
0.0
11
56.287500
21
2.162500
31
0.0
0
LINE
8
05_TERRAIN
10
56.427500
20
2.202500
30
0.0
11
56.387500
21
2.162500
31
0.0
0
LINE
8
05_TERRAIN
10
56.527500
20
2.202500
30
0.0
11
56.487500
21
2.162500
31
0.0
0
LINE
8
05_TERRAIN
10
56.627500
20
2.202500
30
0.0
11
56.587500
21
2.162500
31
0.0
0
LINE
8
05_TERRAIN
10
56.727500
20
2.202500
30
0.0
11
56.687500
21
2.162500
31
0.0
0
LINE
8
05_TERRAIN
10
56.827500
20
2.202500
30
0.0
11
56.787500
21
2.162500
31
0.0
0
LINE
8
05_TERRAIN
10
56.927500
20
2.202500
30
0.0
11
56.887500
21
2.162500
31
0.0
0
LINE
8
05_TERRAIN
10
57.027500
20
2.202500
30
0.0
11
56.987500
21
2.162500
31
0.0
0
LINE
8
05_TERRAIN
10
57.127500
20
2.202500
30
0.0
11
57.087500
21
2.162500
31
0.0
0
LINE
8
05_TERRAIN
10
57.227500
20
2.202500
30
0.0
11
57.187500
21
2.162500
31
0.0
0
LINE
8
05_TERRAIN
10
57.327500
20
2.202500
30
0.0
11
57.287500
21
2.162500
31
0.0
0
LINE
8
05_TERRAIN
10
57.427500
20
2.202500
30
0.0
11
57.387500
21
2.162500
31
0.0
0
POLYLINE
8
07_CHAUSSEE
66
1
10
0.0
20
0.0
30
0.0
70
1
0
VERTEX
8
07_CHAUSSEE
10
49.777500
20
4.460000
30
0.0
0
VERTEX
8
07_CHAUSSEE
10
57.477500
20
4.460000
30
0.0
0
VERTEX
8
07_CHAUSSEE
10
57.477500
20
4.710000
30
0.0
0
VERTEX
8
07_CHAUSSEE
10
49.777500
20
4.710000
30
0.0
0
SEQEND
8
07_CHAUSSEE
0
LINE
8
07_CHAUSSEE
10
49.777500
20
4.660000
30
0.0
11
57.477500
21
4.660000
31
0.0
0
LINE
8
07_CHAUSSEE
10
49.777500
20
4.475000
30
0.0
11
57.477500
21
4.475000
31
0.0
0
LINE
8
07_CHAUSSEE
10
49.777500
20
4.505000
30
0.0
11
57.477500
21
4.505000
31
0.0
0
LINE
8
07_CHAUSSEE
10
49.777500
20
4.535000
30
0.0
11
57.477500
21
4.535000
31
0.0
0
LINE
8
07_CHAUSSEE
10
49.777500
20
4.565000
30
0.0
11
57.477500
21
4.565000
31
0.0
0
LINE
8
07_CHAUSSEE
10
49.777500
20
4.595000
30
0.0
11
57.477500
21
4.595000
31
0.0
0
LINE
8
07_CHAUSSEE
10
49.777500
20
4.625000
30
0.0
11
57.477500
21
4.625000
31
0.0
0
LINE
8
07_CHAUSSEE
10
49.777500
20
4.655000
30
0.0
11
57.477500
21
4.655000
31
0.0
0
POLYLINE
8
02_BETON
66
1
10
0.0
20
0.0
30
0.0
70
1
0
VERTEX
8
02_BETON
10
52.277500
20
1.802500
30
0.0
0
VERTEX
8
02_BETON
10
54.977500
20
1.802500
30
0.0
0
VERTEX
8
02_BETON
10
54.977500
20
1.902500
30
0.0
0
VERTEX
8
02_BETON
10
52.277500
20
1.902500
30
0.0
0
SEQEND
8
02_BETON
0
LINE
8
04_HACHURES
10
54.977500
20
1.874216
30
0.0
11
54.949216
21
1.902500
31
0.0
0
LINE
8
04_HACHURES
10
54.977500
20
1.817647
30
0.0
11
54.892647
21
1.902500
31
0.0
0
LINE
8
04_HACHURES
10
54.936079
20
1.802500
30
0.0
11
54.836079
21
1.902500
31
0.0
0
LINE
8
04_HACHURES
10
54.879510
20
1.802500
30
0.0
11
54.779510
21
1.902500
31
0.0
0
LINE
8
04_HACHURES
10
54.822942
20
1.802500
30
0.0
11
54.722942
21
1.902500
31
0.0
0
LINE
8
04_HACHURES
10
54.766373
20
1.802500
30
0.0
11
54.666373
21
1.902500
31
0.0
0
LINE
8
04_HACHURES
10
54.709804
20
1.802500
30
0.0
11
54.609804
21
1.902500
31
0.0
0
LINE
8
04_HACHURES
10
54.653236
20
1.802500
30
0.0
11
54.553236
21
1.902500
31
0.0
0
LINE
8
04_HACHURES
10
54.596667
20
1.802500
30
0.0
11
54.496667
21
1.902500
31
0.0
0
LINE
8
04_HACHURES
10
54.540099
20
1.802500
30
0.0
11
54.440099
21
1.902500
31
0.0
0
LINE
8
04_HACHURES
10
54.483530
20
1.802500
30
0.0
11
54.383530
21
1.902500
31
0.0
0
LINE
8
04_HACHURES
10
54.426962
20
1.802500
30
0.0
11
54.326962
21
1.902500
31
0.0
0
LINE
8
04_HACHURES
10
54.370393
20
1.802500
30
0.0
11
54.270393
21
1.902500
31
0.0
0
LINE
8
04_HACHURES
10
54.313825
20
1.802500
30
0.0
11
54.213825
21
1.902500
31
0.0
0
LINE
8
04_HACHURES
10
54.257256
20
1.802500
30
0.0
11
54.157256
21
1.902500
31
0.0
0
LINE
8
04_HACHURES
10
54.200688
20
1.802500
30
0.0
11
54.100688
21
1.902500
31
0.0
0
LINE
8
04_HACHURES
10
54.144119
20
1.802500
30
0.0
11
54.044119
21
1.902500
31
0.0
0
LINE
8
04_HACHURES
10
54.087551
20
1.802500
30
0.0
11
53.987551
21
1.902500
31
0.0
0
LINE
8
04_HACHURES
10
54.030982
20
1.802500
30
0.0
11
53.930982
21
1.902500
31
0.0
0
LINE
8
04_HACHURES
10
53.974413
20
1.802500
30
0.0
11
53.874413
21
1.902500
31
0.0
0
LINE
8
04_HACHURES
10
53.917845
20
1.802500
30
0.0
11
53.817845
21
1.902500
31
0.0
0
LINE
8
04_HACHURES
10
53.861276
20
1.802500
30
0.0
11
53.761276
21
1.902500
31
0.0
0
LINE
8
04_HACHURES
10
53.804708
20
1.802500
30
0.0
11
53.704708
21
1.902500
31
0.0
0
LINE
8
04_HACHURES
10
53.748139
20
1.802500
30
0.0
11
53.648139
21
1.902500
31
0.0
0
LINE
8
04_HACHURES
10
53.691571
20
1.802500
30
0.0
11
53.591571
21
1.902500
31
0.0
0
LINE
8
04_HACHURES
10
53.635002
20
1.802500
30
0.0
11
53.535002
21
1.902500
31
0.0
0
LINE
8
04_HACHURES
10
53.578434
20
1.802500
30
0.0
11
53.478434
21
1.902500
31
0.0
0
LINE
8
04_HACHURES
10
53.521865
20
1.802500
30
0.0
11
53.421865
21
1.902500
31
0.0
0
LINE
8
04_HACHURES
10
53.465297
20
1.802500
30
0.0
11
53.365297
21
1.902500
31
0.0
0
LINE
8
04_HACHURES
10
53.408728
20
1.802500
30
0.0
11
53.308728
21
1.902500
31
0.0
0
LINE
8
04_HACHURES
10
53.352159
20
1.802500
30
0.0
11
53.252159
21
1.902500
31
0.0
0
LINE
8
04_HACHURES
10
53.295591
20
1.802500
30
0.0
11
53.195591
21
1.902500
31
0.0
0
LINE
8
04_HACHURES
10
53.239022
20
1.802500
30
0.0
11
53.139022
21
1.902500
31
0.0
0
LINE
8
04_HACHURES
10
53.182454
20
1.802500
30
0.0
11
53.082454
21
1.902500
31
0.0
0
LINE
8
04_HACHURES
10
53.125885
20
1.802500
30
0.0
11
53.025885
21
1.902500
31
0.0
0
LINE
8
04_HACHURES
10
53.069317
20
1.802500
30
0.0
11
52.969317
21
1.902500
31
0.0
0
LINE
8
04_HACHURES
10
53.012748
20
1.802500
30
0.0
11
52.912748
21
1.902500
31
0.0
0
LINE
8
04_HACHURES
10
52.956180
20
1.802500
30
0.0
11
52.856180
21
1.902500
31
0.0
0
LINE
8
04_HACHURES
10
52.899611
20
1.802500
30
0.0
11
52.799611
21
1.902500
31
0.0
0
LINE
8
04_HACHURES
10
52.843043
20
1.802500
30
0.0
11
52.743043
21
1.902500
31
0.0
0
LINE
8
04_HACHURES
10
52.786474
20
1.802500
30
0.0
11
52.686474
21
1.902500
31
0.0
0
LINE
8
04_HACHURES
10
52.729905
20
1.802500
30
0.0
11
52.629905
21
1.902500
31
0.0
0
LINE
8
04_HACHURES
10
52.673337
20
1.802500
30
0.0
11
52.573337
21
1.902500
31
0.0
0
LINE
8
04_HACHURES
10
52.616768
20
1.802500
30
0.0
11
52.516768
21
1.902500
31
0.0
0
LINE
8
04_HACHURES
10
52.560200
20
1.802500
30
0.0
11
52.460200
21
1.902500
31
0.0
0
LINE
8
04_HACHURES
10
52.503631
20
1.802500
30
0.0
11
52.403631
21
1.902500
31
0.0
0
LINE
8
04_HACHURES
10
52.447063
20
1.802500
30
0.0
11
52.347063
21
1.902500
31
0.0
0
LINE
8
04_HACHURES
10
52.390494
20
1.802500
30
0.0
11
52.290494
21
1.902500
31
0.0
0
LINE
8
04_HACHURES
10
52.333926
20
1.802500
30
0.0
11
52.277500
21
1.858926
31
0.0
0
POLYLINE
8
02_BETON
66
1
10
0.0
20
0.0
30
0.0
70
1
0
VERTEX
8
02_BETON
10
52.377500
20
1.902500
30
0.0
0
VERTEX
8
02_BETON
10
54.877500
20
1.902500
30
0.0
0
VERTEX
8
02_BETON
10
54.877500
20
3.952500
30
0.0
0
VERTEX
8
02_BETON
10
52.377500
20
3.952500
30
0.0
0
SEQEND
8
02_BETON
0
POLYLINE
8
02_BETON
66
1
10
0.0
20
0.0
30
0.0
70
1
0
VERTEX
8
02_BETON
10
52.627500
20
2.402500
30
0.0
0
VERTEX
8
02_BETON
10
52.827500
20
2.202500
30
0.0
0
VERTEX
8
02_BETON
10
54.427500
20
2.202500
30
0.0
0
VERTEX
8
02_BETON
10
54.627500
20
2.402500
30
0.0
0
VERTEX
8
02_BETON
10
54.627500
20
3.502500
30
0.0
0
VERTEX
8
02_BETON
10
54.427500
20
3.702500
30
0.0
0
VERTEX
8
02_BETON
10
52.827500
20
3.702500
30
0.0
0
VERTEX
8
02_BETON
10
52.627500
20
3.502500
30
0.0
0
SEQEND
8
02_BETON
0
LINE
8
04_HACHURES
10
54.838609
20
1.902500
30
0.0
11
54.877500
21
1.941391
31
0.0
0
LINE
8
04_HACHURES
10
54.760827
20
1.902500
30
0.0
11
54.877500
21
2.019173
31
0.0
0
LINE
8
04_HACHURES
10
54.683046
20
1.902500
30
0.0
11
54.877500
21
2.096954
31
0.0
0
LINE
8
04_HACHURES
10
54.605264
20
1.902500
30
0.0
11
54.877500
21
2.174736
31
0.0
0
LINE
8
04_HACHURES
10
54.527482
20
1.902500
30
0.0
11
54.877500
21
2.252518
31
0.0
0
LINE
8
04_HACHURES
10
54.449700
20
1.902500
30
0.0
11
54.877500
21
2.330300
31
0.0
0
LINE
8
04_HACHURES
10
54.371919
20
1.902500
30
0.0
11
54.877500
21
2.408081
31
0.0
0
LINE
8
04_HACHURES
10
54.294137
20
1.902500
30
0.0
11
54.877500
21
2.485863
31
0.0
0
LINE
8
04_HACHURES
10
54.216355
20
1.902500
30
0.0
11
54.877500
21
2.563645
31
0.0
0
LINE
8
04_HACHURES
10
54.138573
20
1.902500
30
0.0
11
54.877500
21
2.641427
31
0.0
0
LINE
8
04_HACHURES
10
54.060792
20
1.902500
30
0.0
11
54.360792
21
2.202500
31
0.0
0
LINE
8
04_HACHURES
10
54.627500
20
2.469208
30
0.0
11
54.877500
21
2.719208
31
0.0
0
LINE
8
04_HACHURES
10
53.983010
20
1.902500
30
0.0
11
54.283010
21
2.202500
31
0.0
0
LINE
8
04_HACHURES
10
54.627500
20
2.546990
30
0.0
11
54.877500
21
2.796990
31
0.0
0
LINE
8
04_HACHURES
10
53.905228
20
1.902500
30
0.0
11
54.205228
21
2.202500
31
0.0
0
LINE
8
04_HACHURES
10
54.627500
20
2.624772
30
0.0
11
54.877500
21
2.874772
31
0.0
0
LINE
8
04_HACHURES
10
53.827446
20
1.902500
30
0.0
11
54.127446
21
2.202500
31
0.0
0
LINE
8
04_HACHURES
10
54.627500
20
2.702554
30
0.0
11
54.877500
21
2.952554
31
0.0
0
LINE
8
04_HACHURES
10
53.749665
20
1.902500
30
0.0
11
54.049665
21
2.202500
31
0.0
0
LINE
8
04_HACHURES
10
54.627500
20
2.780335
30
0.0
11
54.877500
21
3.030335
31
0.0
0
LINE
8
04_HACHURES
10
53.671883
20
1.902500
30
0.0
11
53.971883
21
2.202500
31
0.0
0
LINE
8
04_HACHURES
10
54.627500
20
2.858117
30
0.0
11
54.877500
21
3.108117
31
0.0
0
LINE
8
04_HACHURES
10
53.594101
20
1.902500
30
0.0
11
53.894101
21
2.202500
31
0.0
0
LINE
8
04_HACHURES
10
54.627500
20
2.935899
30
0.0
11
54.877500
21
3.185899
31
0.0
0
LINE
8
04_HACHURES
10
53.516319
20
1.902500
30
0.0
11
53.816319
21
2.202500
31
0.0
0
LINE
8
04_HACHURES
10
54.627500
20
3.013681
30
0.0
11
54.877500
21
3.263681
31
0.0
0
LINE
8
04_HACHURES
10
53.438538
20
1.902500
30
0.0
11
53.738538
21
2.202500
31
0.0
0
LINE
8
04_HACHURES
10
54.627500
20
3.091462
30
0.0
11
54.877500
21
3.341462
31
0.0
0
LINE
8
04_HACHURES
10
53.360756
20
1.902500
30
0.0
11
53.660756
21
2.202500
31
0.0
0
LINE
8
04_HACHURES
10
54.627500
20
3.169244
30
0.0
11
54.877500
21
3.419244
31
0.0
0
LINE
8
04_HACHURES
10
53.282974
20
1.902500
30
0.0
11
53.582974
21
2.202500
31
0.0
0
LINE
8
04_HACHURES
10
54.627500
20
3.247026
30
0.0
11
54.877500
21
3.497026
31
0.0
0
LINE
8
04_HACHURES
10
53.205192
20
1.902500
30
0.0
11
53.505192
21
2.202500
31
0.0
0
LINE
8
04_HACHURES
10
54.627500
20
3.324808
30
0.0
11
54.877500
21
3.574808
31
0.0
0
LINE
8
04_HACHURES
10
53.127411
20
1.902500
30
0.0
11
53.427411
21
2.202500
31
0.0
0
LINE
8
04_HACHURES
10
54.627500
20
3.402589
30
0.0
11
54.877500
21
3.652589
31
0.0
0
LINE
8
04_HACHURES
10
53.049629
20
1.902500
30
0.0
11
53.349629
21
2.202500
31
0.0
0
LINE
8
04_HACHURES
10
54.627500
20
3.480371
30
0.0
11
54.877500
21
3.730371
31
0.0
0
LINE
8
04_HACHURES
10
52.971847
20
1.902500
30
0.0
11
53.271847
21
2.202500
31
0.0
0
LINE
8
04_HACHURES
10
54.599674
20
3.530326
30
0.0
11
54.877500
21
3.808153
31
0.0
0
LINE
8
04_HACHURES
10
52.894065
20
1.902500
30
0.0
11
53.194065
21
2.202500
31
0.0
0
LINE
8
04_HACHURES
10
54.560783
20
3.569217
30
0.0
11
54.877500
21
3.885935
31
0.0
0
LINE
8
04_HACHURES
10
52.816284
20
1.902500
30
0.0
11
53.116284
21
2.202500
31
0.0
0
LINE
8
04_HACHURES
10
54.521892
20
3.608108
30
0.0
11
54.866284
21
3.952500
31
0.0
0
LINE
8
04_HACHURES
10
52.738502
20
1.902500
30
0.0
11
53.038502
21
2.202500
31
0.0
0
LINE
8
04_HACHURES
10
54.483001
20
3.646999
30
0.0
11
54.788502
21
3.952500
31
0.0
0
LINE
8
04_HACHURES
10
52.660720
20
1.902500
30
0.0
11
52.960720
21
2.202500
31
0.0
0
LINE
8
04_HACHURES
10
54.444110
20
3.685890
30
0.0
11
54.710720
21
3.952500
31
0.0
0
LINE
8
04_HACHURES
10
52.582938
20
1.902500
30
0.0
11
52.882938
21
2.202500
31
0.0
0
LINE
8
04_HACHURES
10
54.382938
20
3.702500
30
0.0
11
54.632938
21
3.952500
31
0.0
0
LINE
8
04_HACHURES
10
52.505157
20
1.902500
30
0.0
11
52.816328
21
2.213672
31
0.0
0
LINE
8
04_HACHURES
10
54.305157
20
3.702500
30
0.0
11
54.555157
21
3.952500
31
0.0
0
LINE
8
04_HACHURES
10
52.427375
20
1.902500
30
0.0
11
52.777438
21
2.252562
31
0.0
0
LINE
8
04_HACHURES
10
54.227375
20
3.702500
30
0.0
11
54.477375
21
3.952500
31
0.0
0
LINE
8
04_HACHURES
10
52.377500
20
1.930407
30
0.0
11
52.738547
21
2.291453
31
0.0
0
LINE
8
04_HACHURES
10
54.149593
20
3.702500
30
0.0
11
54.399593
21
3.952500
31
0.0
0
LINE
8
04_HACHURES
10
52.377500
20
2.008188
30
0.0
11
52.699656
21
2.330344
31
0.0
0
LINE
8
04_HACHURES
10
54.071812
20
3.702500
30
0.0
11
54.321812
21
3.952500
31
0.0
0
LINE
8
04_HACHURES
10
52.377500
20
2.085970
30
0.0
11
52.660765
21
2.369235
31
0.0
0
LINE
8
04_HACHURES
10
53.994030
20
3.702500
30
0.0
11
54.244030
21
3.952500
31
0.0
0
LINE
8
04_HACHURES
10
52.377500
20
2.163752
30
0.0
11
52.627500
21
2.413752
31
0.0
0
LINE
8
04_HACHURES
10
53.916248
20
3.702500
30
0.0
11
54.166248
21
3.952500
31
0.0
0
LINE
8
04_HACHURES
10
52.377500
20
2.241534
30
0.0
11
52.627500
21
2.491534
31
0.0
0
LINE
8
04_HACHURES
10
53.838466
20
3.702500
30
0.0
11
54.088466
21
3.952500
31
0.0
0
LINE
8
04_HACHURES
10
52.377500
20
2.319315
30
0.0
11
52.627500
21
2.569315
31
0.0
0
LINE
8
04_HACHURES
10
53.760685
20
3.702500
30
0.0
11
54.010685
21
3.952500
31
0.0
0
LINE
8
04_HACHURES
10
52.377500
20
2.397097
30
0.0
11
52.627500
21
2.647097
31
0.0
0
LINE
8
04_HACHURES
10
53.682903
20
3.702500
30
0.0
11
53.932903
21
3.952500
31
0.0
0
LINE
8
04_HACHURES
10
52.377500
20
2.474879
30
0.0
11
52.627500
21
2.724879
31
0.0
0
LINE
8
04_HACHURES
10
53.605121
20
3.702500
30
0.0
11
53.855121
21
3.952500
31
0.0
0
LINE
8
04_HACHURES
10
52.377500
20
2.552661
30
0.0
11
52.627500
21
2.802661
31
0.0
0
LINE
8
04_HACHURES
10
53.527339
20
3.702500
30
0.0
11
53.777339
21
3.952500
31
0.0
0
LINE
8
04_HACHURES
10
52.377500
20
2.630442
30
0.0
11
52.627500
21
2.880442
31
0.0
0
LINE
8
04_HACHURES
10
53.449558
20
3.702500
30
0.0
11
53.699558
21
3.952500
31
0.0
0
LINE
8
04_HACHURES
10
52.377500
20
2.708224
30
0.0
11
52.627500
21
2.958224
31
0.0
0
LINE
8
04_HACHURES
10
53.371776
20
3.702500
30
0.0
11
53.621776
21
3.952500
31
0.0
0
LINE
8
04_HACHURES
10
52.377500
20
2.786006
30
0.0
11
52.627500
21
3.036006
31
0.0
0
LINE
8
04_HACHURES
10
53.293994
20
3.702500
30
0.0
11
53.543994
21
3.952500
31
0.0
0
LINE
8
04_HACHURES
10
52.377500
20
2.863788
30
0.0
11
52.627500
21
3.113788
31
0.0
0
LINE
8
04_HACHURES
10
53.216212
20
3.702500
30
0.0
11
53.466212
21
3.952500
31
0.0
0
LINE
8
04_HACHURES
10
52.377500
20
2.941569
30
0.0
11
52.627500
21
3.191569
31
0.0
0
LINE
8
04_HACHURES
10
53.138431
20
3.702500
30
0.0
11
53.388431
21
3.952500
31
0.0
0
LINE
8
04_HACHURES
10
52.377500
20
3.019351
30
0.0
11
52.627500
21
3.269351
31
0.0
0
LINE
8
04_HACHURES
10
53.060649
20
3.702500
30
0.0
11
53.310649
21
3.952500
31
0.0
0
LINE
8
04_HACHURES
10
52.377500
20
3.097133
30
0.0
11
52.627500
21
3.347133
31
0.0
0
LINE
8
04_HACHURES
10
52.982867
20
3.702500
30
0.0
11
53.232867
21
3.952500
31
0.0
0
LINE
8
04_HACHURES
10
52.377500
20
3.174915
30
0.0
11
52.627500
21
3.424915
31
0.0
0
LINE
8
04_HACHURES
10
52.905085
20
3.702500
30
0.0
11
53.155085
21
3.952500
31
0.0
0
LINE
8
04_HACHURES
10
52.377500
20
3.252696
30
0.0
11
53.077304
21
3.952500
31
0.0
0
LINE
8
04_HACHURES
10
52.377500
20
3.330478
30
0.0
11
52.999522
21
3.952500
31
0.0
0
LINE
8
04_HACHURES
10
52.377500
20
3.408260
30
0.0
11
52.921740
21
3.952500
31
0.0
0
LINE
8
04_HACHURES
10
52.377500
20
3.486042
30
0.0
11
52.843958
21
3.952500
31
0.0
0
LINE
8
04_HACHURES
10
52.377500
20
3.563823
30
0.0
11
52.766177
21
3.952500
31
0.0
0
LINE
8
04_HACHURES
10
52.377500
20
3.641605
30
0.0
11
52.688395
21
3.952500
31
0.0
0
LINE
8
04_HACHURES
10
52.377500
20
3.719387
30
0.0
11
52.610613
21
3.952500
31
0.0
0
LINE
8
04_HACHURES
10
52.377500
20
3.797169
30
0.0
11
52.532831
21
3.952500
31
0.0
0
LINE
8
04_HACHURES
10
52.377500
20
3.874950
30
0.0
11
52.455050
21
3.952500
31
0.0
0
LINE
8
13_EAU
10
52.627500
20
3.402500
30
0.0
11
54.627500
21
3.402500
31
0.0
0
LINE
8
13_EAU
10
53.077500
20
3.442500
30
0.0
11
53.177500
21
3.442500
31
0.0
0
LINE
8
13_EAU
10
54.077500
20
3.442500
30
0.0
11
54.177500
21
3.442500
31
0.0
0
TEXT
8
13_EAU
10
53.627500
20
3.472500
30
0.0
40
0.050000
1
NIVEAU DE CALCUL 0.80 H
41
0.850000
7
STANDARD
72
1
11
53.627500
21
3.472500
31
0.0
73
1
0
LINE
8
01_AXES
10
53.627500
20
1.652500
30
0.0
11
53.627500
21
4.860000
31
0.0
0
LINE
8
10_COTATION
10
52.377500
20
1.777500
30
0.0
11
52.377500
21
1.315000
31
0.0
0
LINE
8
10_COTATION
10
52.627500
20
1.777500
30
0.0
11
52.627500
21
1.315000
31
0.0
0
LINE
8
10_COTATION
10
52.377500
20
1.352500
30
0.0
11
52.627500
21
1.352500
31
0.0
0
LINE
8
10_COTATION
10
52.355403
20
1.330403
30
0.0
11
52.399597
21
1.374597
31
0.0
0
LINE
8
10_COTATION
10
52.605403
20
1.330403
30
0.0
11
52.649597
21
1.374597
31
0.0
0
TEXT
8
10_COTATION
10
52.502500
20
1.372500
30
0.0
40
0.050000
1
0.25
41
0.850000
7
STANDARD
72
1
11
52.502500
21
1.372500
31
0.0
73
1
0
LINE
8
10_COTATION
10
52.627500
20
1.777500
30
0.0
11
52.627500
21
1.315000
31
0.0
0
LINE
8
10_COTATION
10
54.627500
20
1.777500
30
0.0
11
54.627500
21
1.315000
31
0.0
0
LINE
8
10_COTATION
10
52.627500
20
1.352500
30
0.0
11
54.627500
21
1.352500
31
0.0
0
LINE
8
10_COTATION
10
52.605403
20
1.330403
30
0.0
11
52.649597
21
1.374597
31
0.0
0
LINE
8
10_COTATION
10
54.605403
20
1.330403
30
0.0
11
54.649597
21
1.374597
31
0.0
0
TEXT
8
10_COTATION
10
53.627500
20
1.372500
30
0.0
40
0.050000
1
2.00
41
0.850000
7
STANDARD
72
1
11
53.627500
21
1.372500
31
0.0
73
1
0
LINE
8
10_COTATION
10
54.627500
20
1.777500
30
0.0
11
54.627500
21
1.315000
31
0.0
0
LINE
8
10_COTATION
10
54.877500
20
1.777500
30
0.0
11
54.877500
21
1.315000
31
0.0
0
LINE
8
10_COTATION
10
54.627500
20
1.352500
30
0.0
11
54.877500
21
1.352500
31
0.0
0
LINE
8
10_COTATION
10
54.605403
20
1.330403
30
0.0
11
54.649597
21
1.374597
31
0.0
0
LINE
8
10_COTATION
10
54.855403
20
1.330403
30
0.0
11
54.899597
21
1.374597
31
0.0
0
TEXT
8
10_COTATION
10
54.752500
20
1.372500
30
0.0
40
0.050000
1
0.25
41
0.850000
7
STANDARD
72
1
11
54.752500
21
1.372500
31
0.0
73
1
0
LINE
8
10_COTATION
10
52.377500
20
1.777500
30
0.0
11
52.377500
21
0.865000
31
0.0
0
LINE
8
10_COTATION
10
54.877500
20
1.777500
30
0.0
11
54.877500
21
0.865000
31
0.0
0
LINE
8
10_COTATION
10
52.377500
20
0.902500
30
0.0
11
54.877500
21
0.902500
31
0.0
0
LINE
8
10_COTATION
10
52.355403
20
0.880403
30
0.0
11
52.399597
21
0.924597
31
0.0
0
LINE
8
10_COTATION
10
54.855403
20
0.880403
30
0.0
11
54.899597
21
0.924597
31
0.0
0
TEXT
8
10_COTATION
10
53.627500
20
0.922500
30
0.0
40
0.050000
1
2.50
41
0.850000
7
STANDARD
72
1
11
53.627500
21
0.922500
31
0.0
73
1
0
LINE
8
10_COTATION
10
52.277500
20
1.777500
30
0.0
11
52.277500
21
0.415000
31
0.0
0
LINE
8
10_COTATION
10
54.977500
20
1.777500
30
0.0
11
54.977500
21
0.415000
31
0.0
0
LINE
8
10_COTATION
10
52.277500
20
0.452500
30
0.0
11
54.977500
21
0.452500
31
0.0
0
LINE
8
10_COTATION
10
52.255403
20
0.430403
30
0.0
11
52.299597
21
0.474597
31
0.0
0
LINE
8
10_COTATION
10
54.955403
20
0.430403
30
0.0
11
54.999597
21
0.474597
31
0.0
0
TEXT
8
10_COTATION
10
53.627500
20
0.472500
30
0.0
40
0.050000
1
2.70
41
0.850000
7
STANDARD
72
1
11
53.627500
21
0.472500
31
0.0
73
1
0
LINE
8
10_COTATION
10
54.902500
20
1.902500
30
0.0
11
55.465000
21
1.902500
31
0.0
0
LINE
8
10_COTATION
10
54.902500
20
2.202500
30
0.0
11
55.465000
21
2.202500
31
0.0
0
LINE
8
10_COTATION
10
55.427500
20
1.902500
30
0.0
11
55.427500
21
2.202500
31
0.0
0
LINE
8
10_COTATION
10
55.405403
20
1.880403
30
0.0
11
55.449597
21
1.924597
31
0.0
0
LINE
8
10_COTATION
10
55.405403
20
2.180403
30
0.0
11
55.449597
21
2.224597
31
0.0
0
TEXT
8
10_COTATION
10
55.407500
20
2.052500
30
0.0
40
0.050000
1
0.30
50
90.000000
41
0.850000
7
STANDARD
72
1
11
55.407500
21
2.052500
31
0.0
73
3
0
LINE
8
10_COTATION
10
54.902500
20
2.202500
30
0.0
11
55.465000
21
2.202500
31
0.0
0
LINE
8
10_COTATION
10
54.902500
20
3.702500
30
0.0
11
55.465000
21
3.702500
31
0.0
0
LINE
8
10_COTATION
10
55.427500
20
2.202500
30
0.0
11
55.427500
21
3.702500
31
0.0
0
LINE
8
10_COTATION
10
55.405403
20
2.180403
30
0.0
11
55.449597
21
2.224597
31
0.0
0
LINE
8
10_COTATION
10
55.405403
20
3.680403
30
0.0
11
55.449597
21
3.724597
31
0.0
0
TEXT
8
10_COTATION
10
55.407500
20
2.952500
30
0.0
40
0.050000
1
1.50
50
90.000000
41
0.850000
7
STANDARD
72
1
11
55.407500
21
2.952500
31
0.0
73
3
0
LINE
8
10_COTATION
10
54.902500
20
3.702500
30
0.0
11
55.465000
21
3.702500
31
0.0
0
LINE
8
10_COTATION
10
54.902500
20
3.952500
30
0.0
11
55.465000
21
3.952500
31
0.0
0
LINE
8
10_COTATION
10
55.427500
20
3.702500
30
0.0
11
55.427500
21
3.952500
31
0.0
0
LINE
8
10_COTATION
10
55.405403
20
3.680403
30
0.0
11
55.449597
21
3.724597
31
0.0
0
LINE
8
10_COTATION
10
55.405403
20
3.930403
30
0.0
11
55.449597
21
3.974597
31
0.0
0
TEXT
8
10_COTATION
10
55.407500
20
3.827500
30
0.0
40
0.050000
1
0.25
50
90.000000
41
0.850000
7
STANDARD
72
1
11
55.407500
21
3.827500
31
0.0
73
3
0
LINE
8
10_COTATION
10
54.902500
20
1.902500
30
0.0
11
55.915000
21
1.902500
31
0.0
0
LINE
8
10_COTATION
10
54.902500
20
3.952500
30
0.0
11
55.915000
21
3.952500
31
0.0
0
LINE
8
10_COTATION
10
55.877500
20
1.902500
30
0.0
11
55.877500
21
3.952500
31
0.0
0
LINE
8
10_COTATION
10
55.855403
20
1.880403
30
0.0
11
55.899597
21
1.924597
31
0.0
0
LINE
8
10_COTATION
10
55.855403
20
3.930403
30
0.0
11
55.899597
21
3.974597
31
0.0
0
TEXT
8
10_COTATION
10
55.857500
20
2.927500
30
0.0
40
0.050000
1
2.05
50
90.000000
41
0.850000
7
STANDARD
72
1
11
55.857500
21
2.927500
31
0.0
73
3
0
LINE
8
10_COTATION
10
54.902500
20
3.952500
30
0.0
11
55.465000
21
3.952500
31
0.0
0
LINE
8
10_COTATION
10
54.902500
20
4.710000
30
0.0
11
55.465000
21
4.710000
31
0.0
0
LINE
8
10_COTATION
10
55.427500
20
3.952500
30
0.0
11
55.427500
21
4.710000
31
0.0
0
LINE
8
10_COTATION
10
55.405403
20
3.930403
30
0.0
11
55.449597
21
3.974597
31
0.0
0
LINE
8
10_COTATION
10
55.405403
20
4.687903
30
0.0
11
55.449597
21
4.732097
31
0.0
0
TEXT
8
10_COTATION
10
55.407500
20
4.331250
30
0.0
40
0.050000
1
0.76
50
90.000000
41
0.850000
7
STANDARD
72
1
11
55.407500
21
4.331250
31
0.0
73
3
0
LINE
8
10_COTATION
10
54.902500
20
1.802500
30
0.0
11
55.465000
21
1.802500
31
0.0
0
LINE
8
10_COTATION
10
54.902500
20
1.902500
30
0.0
11
55.465000
21
1.902500
31
0.0
0
LINE
8
10_COTATION
10
55.427500
20
1.802500
30
0.0
11
55.427500
21
1.902500
31
0.0
0
LINE
8
10_COTATION
10
55.405403
20
1.780403
30
0.0
11
55.449597
21
1.824597
31
0.0
0
LINE
8
10_COTATION
10
55.405403
20
1.880403
30
0.0
11
55.449597
21
1.924597
31
0.0
0
TEXT
8
10_COTATION
10
55.407500
20
1.852500
30
0.0
40
0.050000
1
0.10
50
90.000000
41
0.850000
7
STANDARD
72
1
11
55.407500
21
1.852500
31
0.0
73
3
0
POLYLINE
8
10_COTATION
66
1
10
0.0
20
0.0
30
0.0
70
1
0
VERTEX
8
10_COTATION
10
52.887500
20
2.272500
30
0.0
0
VERTEX
8
10_COTATION
10
52.967500
20
2.272500
30
0.0
0
VERTEX
8
10_COTATION
10
52.927500
20
2.202500
30
0.0
0
SEQEND
8
10_COTATION
0
LINE
8
10_COTATION
10
52.927500
20
2.272500
30
0.0
11
52.377500
21
2.272500
31
0.0
0
TEXT
8
10_COTATION
10
52.377500
20
2.292500
30
0.0
40
0.050000
1
0.00  FIL D'EAU
41
0.850000
7
STANDARD
72
0
11
52.377500
21
2.292500
31
0.0
73
1
0
POLYLINE
8
10_COTATION
66
1
10
0.0
20
0.0
30
0.0
70
1
0
VERTEX
8
10_COTATION
10
50.337500
20
4.780000
30
0.0
0
VERTEX
8
10_COTATION
10
50.417500
20
4.780000
30
0.0
0
VERTEX
8
10_COTATION
10
50.377500
20
4.710000
30
0.0
0
SEQEND
8
10_COTATION
0
LINE
8
10_COTATION
10
50.377500
20
4.780000
30
0.0
11
51.027500
21
4.780000
31
0.0
0
TEXT
8
10_COTATION
10
51.027500
20
4.800000
30
0.0
40
0.050000
1
+2.46  AXE CHAUSSEE
41
0.850000
7
STANDARD
72
2
11
51.027500
21
4.800000
31
0.0
73
1
0
LINE
8
11_TEXTE
10
53.627500
20
3.827500
30
0.0
11
56.877500
21
4.502500
31
0.0
0
LINE
8
11_TEXTE
10
56.877500
20
4.502500
30
0.0
11
56.977500
21
4.502500
31
0.0
0
SOLID
8
11_TEXTE
10
53.627500
20
3.827500
30
0.0
11
53.690982
21
3.829195
31
0.0
12
53.686406
22
3.851224
32
0.0
13
53.686406
23
3.851224
33
0.0
0
TEXT
8
11_TEXTE
10
57.002500
20
4.502500
30
0.0
40
0.062500
1
TRAVERSE SUPERIEURE ep. 0.25
41
0.850000
7
STANDARD
72
0
11
57.002500
21
4.502500
31
0.0
73
2
0
LINE
8
11_TEXTE
10
52.502500
20
2.952500
30
0.0
11
50.377500
21
3.552500
31
0.0
0
LINE
8
11_TEXTE
10
50.377500
20
3.552500
30
0.0
11
50.277500
21
3.552500
31
0.0
0
SOLID
8
11_TEXTE
10
52.502500
20
2.952500
30
0.0
11
52.445409
21
2.980310
31
0.0
12
52.439295
22
2.958656
32
0.0
13
52.439295
23
2.958656
33
0.0
0
TEXT
8
11_TEXTE
10
50.252500
20
3.552500
30
0.0
40
0.062500
1
PIEDROIT ep. 0.25
41
0.850000
7
STANDARD
72
2
11
50.252500
21
3.552500
31
0.0
73
2
0
LINE
8
11_TEXTE
10
54.177500
20
2.052500
30
0.0
11
56.877500
21
1.452500
31
0.0
0
LINE
8
11_TEXTE
10
56.877500
20
1.452500
30
0.0
11
56.977500
21
1.452500
31
0.0
0
SOLID
8
11_TEXTE
10
54.177500
20
2.052500
30
0.0
11
54.236071
21
2.027960
31
0.0
12
54.240952
22
2.049924
32
0.0
13
54.240952
23
2.049924
33
0.0
0
TEXT
8
11_TEXTE
10
57.002500
20
1.452500
30
0.0
40
0.062500
1
RADIER ep. 0.30
41
0.850000
7
STANDARD
72
0
11
57.002500
21
1.452500
31
0.0
73
2
0
LINE
8
11_TEXTE
10
52.727500
20
2.302500
30
0.0
11
50.377500
21
1.652500
31
0.0
0
LINE
8
11_TEXTE
10
50.377500
20
1.652500
30
0.0
11
50.277500
21
1.652500
31
0.0
0
SOLID
8
11_TEXTE
10
52.727500
20
2.302500
30
0.0
11
52.664263
21
2.296681
31
0.0
12
52.670261
22
2.274995
32
0.0
13
52.670261
23
2.274995
33
0.0
0
TEXT
8
11_TEXTE
10
50.252500
20
1.652500
30
0.0
40
0.062500
1
GOUSSET 0.20 x 0.20
41
0.850000
7
STANDARD
72
2
11
50.252500
21
1.652500
31
0.0
73
2
0
LINE
8
11_TEXTE
10
54.827500
20
1.852500
30
0.0
11
56.877500
21
0.952500
31
0.0
0
LINE
8
11_TEXTE
10
56.877500
20
0.952500
30
0.0
11
56.977500
21
0.952500
31
0.0
0
SOLID
8
11_TEXTE
10
54.827500
20
1.852500
30
0.0
11
54.880205
21
1.817075
31
0.0
12
54.889250
22
1.837677
32
0.0
13
54.889250
23
1.837677
33
0.0
0
TEXT
8
11_TEXTE
10
57.002500
20
0.952500
30
0.0
40
0.062500
1
BETON DE PROPRETE ep. 0.10
41
0.850000
7
STANDARD
72
0
11
57.002500
21
0.952500
31
0.0
73
2
0
LINE
8
11_TEXTE
10
51.627500
20
3.502500
30
0.0
11
50.377500
21
4.252500
31
0.0
0
LINE
8
11_TEXTE
10
50.377500
20
4.252500
30
0.0
11
50.277500
21
4.252500
31
0.0
0
SOLID
8
11_TEXTE
10
51.627500
20
3.502500
30
0.0
11
51.579695
21
3.544303
31
0.0
12
51.568119
22
3.525009
32
0.0
13
51.568119
23
3.525009
33
0.0
0
TEXT
8
11_TEXTE
10
50.252500
20
4.252500
30
0.0
40
0.062500
1
REMBLAI CONTIGU COMPACTE A 95 %% OPM
41
0.850000
7
STANDARD
72
2
11
50.252500
21
4.252500
31
0.0
73
2
0
LINE
8
11_TEXTE
10
55.227500
20
4.590000
30
0.0
11
56.877500
21
5.310000
31
0.0
0
LINE
8
11_TEXTE
10
56.877500
20
5.310000
30
0.0
11
56.977500
21
5.310000
31
0.0
0
SOLID
8
11_TEXTE
10
55.227500
20
4.590000
30
0.0
11
55.289283
21
4.604685
31
0.0
12
55.280284
22
4.625308
32
0.0
13
55.280284
23
4.625308
33
0.0
0
TEXT
8
11_TEXTE
10
57.002500
20
5.310000
30
0.0
40
0.062500
1
CORPS DE CHAUSSEE ep. 0.25
41
0.850000
7
STANDARD
72
0
11
57.002500
21
5.310000
31
0.0
73
2
0
TEXT
8
11_TEXTE
10
53.627500
20
2.952500
30
0.0
40
0.081250
1
2.00 x 1.50
41
0.850000
7
STANDARD
72
1
11
53.627500
21
2.952500
31
0.0
73
2
0
TEXT
8
11_TEXTE
10
48.857500
20
0.115000
30
0.0
40
0.125000
1
COUPE B-B
41
0.850000
7
STANDARD
72
0
11
48.857500
21
0.115000
31
0.0
73
1
0
LINE
8
11_TEXTE
10
48.857500
20
0.075000
30
0.0
11
49.555000
21
0.075000
31
0.0
0
TEXT
8
11_TEXTE
10
48.857500
20
0.000000
30
0.0
40
0.062500
1
Coupe transversale sur le cadre - Ech. 1:25
41
0.850000
7
STANDARD
72
0
11
48.857500
21
0.000000
31
0.0
73
1
0
POLYLINE
8
16_BETON_FIN
66
1
10
0.0
20
0.0
30
0.0
70
1
0
VERTEX
8
16_BETON_FIN
10
66.089500
20
1.207000
30
0.0
0
VERTEX
8
16_BETON_FIN
10
68.589500
20
1.207000
30
0.0
0
VERTEX
8
16_BETON_FIN
10
68.589500
20
3.257000
30
0.0
0
VERTEX
8
16_BETON_FIN
10
66.089500
20
3.257000
30
0.0
0
SEQEND
8
16_BETON_FIN
0
POLYLINE
8
16_BETON_FIN
66
1
10
0.0
20
0.0
30
0.0
70
1
0
VERTEX
8
16_BETON_FIN
10
66.339500
20
1.707000
30
0.0
0
VERTEX
8
16_BETON_FIN
10
66.539500
20
1.507000
30
0.0
0
VERTEX
8
16_BETON_FIN
10
68.139500
20
1.507000
30
0.0
0
VERTEX
8
16_BETON_FIN
10
68.339500
20
1.707000
30
0.0
0
VERTEX
8
16_BETON_FIN
10
68.339500
20
2.807000
30
0.0
0
VERTEX
8
16_BETON_FIN
10
68.139500
20
3.007000
30
0.0
0
VERTEX
8
16_BETON_FIN
10
66.539500
20
3.007000
30
0.0
0
VERTEX
8
16_BETON_FIN
10
66.339500
20
2.807000
30
0.0
0
SEQEND
8
16_BETON_FIN
0
POLYLINE
8
08_ACIER_LONG
66
1
10
0.0
20
0.0
30
0.0
70
0
0
VERTEX
8
08_ACIER_LONG
10
66.129500
20
2.537000
30
0.0
0
VERTEX
8
08_ACIER_LONG
10
66.129500
20
1.257000
30
0.0
0
VERTEX
8
08_ACIER_LONG
10
68.549500
20
1.257000
30
0.0
0
VERTEX
8
08_ACIER_LONG
10
68.549500
20
2.537000
30
0.0
0
SEQEND
8
08_ACIER_LONG
0
POLYLINE
8
08_ACIER_LONG
66
1
10
0.0
20
0.0
30
0.0
70
0
0
VERTEX
8
08_ACIER_LONG
10
66.129500
20
1.937000
30
0.0
0
VERTEX
8
08_ACIER_LONG
10
66.129500
20
3.217000
30
0.0
0
VERTEX
8
08_ACIER_LONG
10
68.549500
20
3.217000
30
0.0
0
VERTEX
8
08_ACIER_LONG
10
68.549500
20
1.937000
30
0.0
0
SEQEND
8
08_ACIER_LONG
0
POLYLINE
8
08_ACIER_LONG
66
1
10
0.0
20
0.0
30
0.0
70
0
0
VERTEX
8
08_ACIER_LONG
10
66.299500
20
2.747000
30
0.0
0
VERTEX
8
08_ACIER_LONG
10
66.299500
20
1.690431
30
0.0
0
VERTEX
8
08_ACIER_LONG
10
66.522931
20
1.467000
30
0.0
0
VERTEX
8
08_ACIER_LONG
10
68.156069
20
1.467000
30
0.0
0
VERTEX
8
08_ACIER_LONG
10
68.379500
20
1.690431
30
0.0
0
VERTEX
8
08_ACIER_LONG
10
68.379500
20
2.747000
30
0.0
0
SEQEND
8
08_ACIER_LONG
0
POLYLINE
8
08_ACIER_LONG
66
1
10
0.0
20
0.0
30
0.0
70
0
0
VERTEX
8
08_ACIER_LONG
10
66.299500
20
1.767000
30
0.0
0
VERTEX
8
08_ACIER_LONG
10
66.299500
20
2.823569
30
0.0
0
VERTEX
8
08_ACIER_LONG
10
66.522931
20
3.047000
30
0.0
0
VERTEX
8
08_ACIER_LONG
10
68.156069
20
3.047000
30
0.0
0
VERTEX
8
08_ACIER_LONG
10
68.379500
20
2.823569
30
0.0
0
VERTEX
8
08_ACIER_LONG
10
68.379500
20
1.767000
30
0.0
0
SEQEND
8
08_ACIER_LONG
0
SOLID
8
09_ACIER_COUPE
10
66.214500
20
1.242000
30
0.0
11
66.244500
21
1.242000
31
0.0
12
66.214500
22
1.272000
32
0.0
13
66.244500
23
1.272000
33
0.0
0
SOLID
8
09_ACIER_COUPE
10
66.414500
20
1.242000
30
0.0
11
66.444500
21
1.242000
31
0.0
12
66.414500
22
1.272000
32
0.0
13
66.444500
23
1.272000
33
0.0
0
SOLID
8
09_ACIER_COUPE
10
66.614500
20
1.242000
30
0.0
11
66.644500
21
1.242000
31
0.0
12
66.614500
22
1.272000
32
0.0
13
66.644500
23
1.272000
33
0.0
0
SOLID
8
09_ACIER_COUPE
10
66.814500
20
1.242000
30
0.0
11
66.844500
21
1.242000
31
0.0
12
66.814500
22
1.272000
32
0.0
13
66.844500
23
1.272000
33
0.0
0
SOLID
8
09_ACIER_COUPE
10
67.014500
20
1.242000
30
0.0
11
67.044500
21
1.242000
31
0.0
12
67.014500
22
1.272000
32
0.0
13
67.044500
23
1.272000
33
0.0
0
SOLID
8
09_ACIER_COUPE
10
67.214500
20
1.242000
30
0.0
11
67.244500
21
1.242000
31
0.0
12
67.214500
22
1.272000
32
0.0
13
67.244500
23
1.272000
33
0.0
0
SOLID
8
09_ACIER_COUPE
10
67.414500
20
1.242000
30
0.0
11
67.444500
21
1.242000
31
0.0
12
67.414500
22
1.272000
32
0.0
13
67.444500
23
1.272000
33
0.0
0
SOLID
8
09_ACIER_COUPE
10
67.614500
20
1.242000
30
0.0
11
67.644500
21
1.242000
31
0.0
12
67.614500
22
1.272000
32
0.0
13
67.644500
23
1.272000
33
0.0
0
SOLID
8
09_ACIER_COUPE
10
67.814500
20
1.242000
30
0.0
11
67.844500
21
1.242000
31
0.0
12
67.814500
22
1.272000
32
0.0
13
67.844500
23
1.272000
33
0.0
0
SOLID
8
09_ACIER_COUPE
10
68.014500
20
1.242000
30
0.0
11
68.044500
21
1.242000
31
0.0
12
68.014500
22
1.272000
32
0.0
13
68.044500
23
1.272000
33
0.0
0
SOLID
8
09_ACIER_COUPE
10
68.214500
20
1.242000
30
0.0
11
68.244500
21
1.242000
31
0.0
12
68.214500
22
1.272000
32
0.0
13
68.244500
23
1.272000
33
0.0
0
SOLID
8
09_ACIER_COUPE
10
68.414500
20
1.242000
30
0.0
11
68.444500
21
1.242000
31
0.0
12
68.414500
22
1.272000
32
0.0
13
68.444500
23
1.272000
33
0.0
0
SOLID
8
09_ACIER_COUPE
10
68.534500
20
1.322000
30
0.0
11
68.564500
21
1.322000
31
0.0
12
68.534500
22
1.352000
32
0.0
13
68.564500
23
1.352000
33
0.0
0
SOLID
8
09_ACIER_COUPE
10
68.534500
20
1.522000
30
0.0
11
68.564500
21
1.522000
31
0.0
12
68.534500
22
1.552000
32
0.0
13
68.564500
23
1.552000
33
0.0
0
SOLID
8
09_ACIER_COUPE
10
68.534500
20
1.722000
30
0.0
11
68.564500
21
1.722000
31
0.0
12
68.534500
22
1.752000
32
0.0
13
68.564500
23
1.752000
33
0.0
0
SOLID
8
09_ACIER_COUPE
10
68.534500
20
1.922000
30
0.0
11
68.564500
21
1.922000
31
0.0
12
68.534500
22
1.952000
32
0.0
13
68.564500
23
1.952000
33
0.0
0
SOLID
8
09_ACIER_COUPE
10
68.534500
20
2.122000
30
0.0
11
68.564500
21
2.122000
31
0.0
12
68.534500
22
2.152000
32
0.0
13
68.564500
23
2.152000
33
0.0
0
SOLID
8
09_ACIER_COUPE
10
68.534500
20
2.322000
30
0.0
11
68.564500
21
2.322000
31
0.0
12
68.534500
22
2.352000
32
0.0
13
68.564500
23
2.352000
33
0.0
0
SOLID
8
09_ACIER_COUPE
10
68.534500
20
2.522000
30
0.0
11
68.564500
21
2.522000
31
0.0
12
68.534500
22
2.552000
32
0.0
13
68.564500
23
2.552000
33
0.0
0
SOLID
8
09_ACIER_COUPE
10
68.534500
20
2.722000
30
0.0
11
68.564500
21
2.722000
31
0.0
12
68.534500
22
2.752000
32
0.0
13
68.564500
23
2.752000
33
0.0
0
SOLID
8
09_ACIER_COUPE
10
68.534500
20
2.922000
30
0.0
11
68.564500
21
2.922000
31
0.0
12
68.534500
22
2.952000
32
0.0
13
68.564500
23
2.952000
33
0.0
0
SOLID
8
09_ACIER_COUPE
10
68.534500
20
3.122000
30
0.0
11
68.564500
21
3.122000
31
0.0
12
68.534500
22
3.152000
32
0.0
13
68.564500
23
3.152000
33
0.0
0
SOLID
8
09_ACIER_COUPE
10
68.414500
20
3.202000
30
0.0
11
68.444500
21
3.202000
31
0.0
12
68.414500
22
3.232000
32
0.0
13
68.444500
23
3.232000
33
0.0
0
SOLID
8
09_ACIER_COUPE
10
68.214500
20
3.202000
30
0.0
11
68.244500
21
3.202000
31
0.0
12
68.214500
22
3.232000
32
0.0
13
68.244500
23
3.232000
33
0.0
0
SOLID
8
09_ACIER_COUPE
10
68.014500
20
3.202000
30
0.0
11
68.044500
21
3.202000
31
0.0
12
68.014500
22
3.232000
32
0.0
13
68.044500
23
3.232000
33
0.0
0
SOLID
8
09_ACIER_COUPE
10
67.814500
20
3.202000
30
0.0
11
67.844500
21
3.202000
31
0.0
12
67.814500
22
3.232000
32
0.0
13
67.844500
23
3.232000
33
0.0
0
SOLID
8
09_ACIER_COUPE
10
67.614500
20
3.202000
30
0.0
11
67.644500
21
3.202000
31
0.0
12
67.614500
22
3.232000
32
0.0
13
67.644500
23
3.232000
33
0.0
0
SOLID
8
09_ACIER_COUPE
10
67.414500
20
3.202000
30
0.0
11
67.444500
21
3.202000
31
0.0
12
67.414500
22
3.232000
32
0.0
13
67.444500
23
3.232000
33
0.0
0
SOLID
8
09_ACIER_COUPE
10
67.214500
20
3.202000
30
0.0
11
67.244500
21
3.202000
31
0.0
12
67.214500
22
3.232000
32
0.0
13
67.244500
23
3.232000
33
0.0
0
SOLID
8
09_ACIER_COUPE
10
67.014500
20
3.202000
30
0.0
11
67.044500
21
3.202000
31
0.0
12
67.014500
22
3.232000
32
0.0
13
67.044500
23
3.232000
33
0.0
0
SOLID
8
09_ACIER_COUPE
10
66.814500
20
3.202000
30
0.0
11
66.844500
21
3.202000
31
0.0
12
66.814500
22
3.232000
32
0.0
13
66.844500
23
3.232000
33
0.0
0
SOLID
8
09_ACIER_COUPE
10
66.614500
20
3.202000
30
0.0
11
66.644500
21
3.202000
31
0.0
12
66.614500
22
3.232000
32
0.0
13
66.644500
23
3.232000
33
0.0
0
SOLID
8
09_ACIER_COUPE
10
66.414500
20
3.202000
30
0.0
11
66.444500
21
3.202000
31
0.0
12
66.414500
22
3.232000
32
0.0
13
66.444500
23
3.232000
33
0.0
0
SOLID
8
09_ACIER_COUPE
10
66.214500
20
3.202000
30
0.0
11
66.244500
21
3.202000
31
0.0
12
66.214500
22
3.232000
32
0.0
13
66.244500
23
3.232000
33
0.0
0
SOLID
8
09_ACIER_COUPE
10
66.114500
20
3.102000
30
0.0
11
66.144500
21
3.102000
31
0.0
12
66.114500
22
3.132000
32
0.0
13
66.144500
23
3.132000
33
0.0
0
SOLID
8
09_ACIER_COUPE
10
66.114500
20
2.902000
30
0.0
11
66.144500
21
2.902000
31
0.0
12
66.114500
22
2.932000
32
0.0
13
66.144500
23
2.932000
33
0.0
0
SOLID
8
09_ACIER_COUPE
10
66.114500
20
2.702000
30
0.0
11
66.144500
21
2.702000
31
0.0
12
66.114500
22
2.732000
32
0.0
13
66.144500
23
2.732000
33
0.0
0
SOLID
8
09_ACIER_COUPE
10
66.114500
20
2.502000
30
0.0
11
66.144500
21
2.502000
31
0.0
12
66.114500
22
2.532000
32
0.0
13
66.144500
23
2.532000
33
0.0
0
SOLID
8
09_ACIER_COUPE
10
66.114500
20
2.302000
30
0.0
11
66.144500
21
2.302000
31
0.0
12
66.114500
22
2.332000
32
0.0
13
66.144500
23
2.332000
33
0.0
0
SOLID
8
09_ACIER_COUPE
10
66.114500
20
2.102000
30
0.0
11
66.144500
21
2.102000
31
0.0
12
66.114500
22
2.132000
32
0.0
13
66.144500
23
2.132000
33
0.0
0
SOLID
8
09_ACIER_COUPE
10
66.114500
20
1.902000
30
0.0
11
66.144500
21
1.902000
31
0.0
12
66.114500
22
1.932000
32
0.0
13
66.144500
23
1.932000
33
0.0
0
SOLID
8
09_ACIER_COUPE
10
66.114500
20
1.702000
30
0.0
11
66.144500
21
1.702000
31
0.0
12
66.114500
22
1.732000
32
0.0
13
66.144500
23
1.732000
33
0.0
0
SOLID
8
09_ACIER_COUPE
10
66.114500
20
1.502000
30
0.0
11
66.144500
21
1.502000
31
0.0
12
66.114500
22
1.532000
32
0.0
13
66.144500
23
1.532000
33
0.0
0
SOLID
8
09_ACIER_COUPE
10
66.114500
20
1.302000
30
0.0
11
66.144500
21
1.302000
31
0.0
12
66.114500
22
1.332000
32
0.0
13
66.144500
23
1.332000
33
0.0
0
SOLID
8
09_ACIER_COUPE
10
66.355211
20
1.604721
30
0.0
11
66.385211
21
1.604721
31
0.0
12
66.355211
22
1.634721
32
0.0
13
66.385211
23
1.634721
33
0.0
0
SOLID
8
09_ACIER_COUPE
10
66.496632
20
1.463299
30
0.0
11
66.526632
21
1.463299
31
0.0
12
66.496632
22
1.493299
32
0.0
13
66.526632
23
1.493299
33
0.0
0
SOLID
8
09_ACIER_COUPE
10
66.691952
20
1.452000
30
0.0
11
66.721952
21
1.452000
31
0.0
12
66.691952
22
1.482000
32
0.0
13
66.721952
23
1.482000
33
0.0
0
SOLID
8
09_ACIER_COUPE
10
66.891952
20
1.452000
30
0.0
11
66.921952
21
1.452000
31
0.0
12
66.891952
22
1.482000
32
0.0
13
66.921952
23
1.482000
33
0.0
0
SOLID
8
09_ACIER_COUPE
10
67.091952
20
1.452000
30
0.0
11
67.121952
21
1.452000
31
0.0
12
67.091952
22
1.482000
32
0.0
13
67.121952
23
1.482000
33
0.0
0
SOLID
8
09_ACIER_COUPE
10
67.291952
20
1.452000
30
0.0
11
67.321952
21
1.452000
31
0.0
12
67.291952
22
1.482000
32
0.0
13
67.321952
23
1.482000
33
0.0
0
SOLID
8
09_ACIER_COUPE
10
67.491952
20
1.452000
30
0.0
11
67.521952
21
1.452000
31
0.0
12
67.491952
22
1.482000
32
0.0
13
67.521952
23
1.482000
33
0.0
0
SOLID
8
09_ACIER_COUPE
10
67.691952
20
1.452000
30
0.0
11
67.721952
21
1.452000
31
0.0
12
67.691952
22
1.482000
32
0.0
13
67.721952
23
1.482000
33
0.0
0
SOLID
8
09_ACIER_COUPE
10
67.891952
20
1.452000
30
0.0
11
67.921952
21
1.452000
31
0.0
12
67.891952
22
1.482000
32
0.0
13
67.921952
23
1.482000
33
0.0
0
SOLID
8
09_ACIER_COUPE
10
68.091952
20
1.452000
30
0.0
11
68.121952
21
1.452000
31
0.0
12
68.091952
22
1.482000
32
0.0
13
68.121952
23
1.482000
33
0.0
0
SOLID
8
09_ACIER_COUPE
10
68.247759
20
1.558690
30
0.0
11
68.277759
21
1.558690
31
0.0
12
68.247759
22
1.588690
32
0.0
13
68.277759
23
1.588690
33
0.0
0
SOLID
8
09_ACIER_COUPE
10
68.364500
20
1.710335
30
0.0
11
68.394500
21
1.710335
31
0.0
12
68.364500
22
1.740335
32
0.0
13
68.394500
23
1.740335
33
0.0
0
SOLID
8
09_ACIER_COUPE
10
68.364500
20
1.910335
30
0.0
11
68.394500
21
1.910335
31
0.0
12
68.364500
22
1.940335
32
0.0
13
68.394500
23
1.940335
33
0.0
0
SOLID
8
09_ACIER_COUPE
10
68.364500
20
2.110335
30
0.0
11
68.394500
21
2.110335
31
0.0
12
68.364500
22
2.140335
32
0.0
13
68.394500
23
2.140335
33
0.0
0
SOLID
8
09_ACIER_COUPE
10
68.364500
20
2.310335
30
0.0
11
68.394500
21
2.310335
31
0.0
12
68.364500
22
2.340335
32
0.0
13
68.394500
23
2.340335
33
0.0
0
SOLID
8
09_ACIER_COUPE
10
68.364500
20
2.510335
30
0.0
11
68.394500
21
2.510335
31
0.0
12
68.364500
22
2.540335
32
0.0
13
68.394500
23
2.540335
33
0.0
0
SOLID
8
09_ACIER_COUPE
10
68.364500
20
2.710335
30
0.0
11
68.394500
21
2.710335
31
0.0
12
68.364500
22
2.740335
32
0.0
13
68.394500
23
2.740335
33
0.0
0
SOLID
8
09_ACIER_COUPE
10
68.292540
20
2.880528
30
0.0
11
68.322540
21
2.880528
31
0.0
12
68.292540
22
2.910528
32
0.0
13
68.322540
23
2.910528
33
0.0
0
SOLID
8
09_ACIER_COUPE
10
68.151119
20
3.021949
30
0.0
11
68.181119
21
3.021949
31
0.0
12
68.151119
22
3.051949
32
0.0
13
68.181119
23
3.051949
33
0.0
0
SOLID
8
09_ACIER_COUPE
10
67.955282
20
3.032000
30
0.0
11
67.985282
21
3.032000
31
0.0
12
67.955282
22
3.062000
32
0.0
13
67.985282
23
3.062000
33
0.0
0
SOLID
8
09_ACIER_COUPE
10
67.755282
20
3.032000
30
0.0
11
67.785282
21
3.032000
31
0.0
12
67.755282
22
3.062000
32
0.0
13
67.785282
23
3.062000
33
0.0
0
SOLID
8
09_ACIER_COUPE
10
67.555282
20
3.032000
30
0.0
11
67.585282
21
3.032000
31
0.0
12
67.555282
22
3.062000
32
0.0
13
67.585282
23
3.062000
33
0.0
0
SOLID
8
09_ACIER_COUPE
10
67.355282
20
3.032000
30
0.0
11
67.385282
21
3.032000
31
0.0
12
67.355282
22
3.062000
32
0.0
13
67.385282
23
3.062000
33
0.0
0
SOLID
8
09_ACIER_COUPE
10
67.155282
20
3.032000
30
0.0
11
67.185282
21
3.032000
31
0.0
12
67.155282
22
3.062000
32
0.0
13
67.185282
23
3.062000
33
0.0
0
SOLID
8
09_ACIER_COUPE
10
66.955282
20
3.032000
30
0.0
11
66.985282
21
3.032000
31
0.0
12
66.955282
22
3.062000
32
0.0
13
66.985282
23
3.062000
33
0.0
0
SOLID
8
09_ACIER_COUPE
10
66.755282
20
3.032000
30
0.0
11
66.785282
21
3.032000
31
0.0
12
66.755282
22
3.062000
32
0.0
13
66.785282
23
3.062000
33
0.0
0
SOLID
8
09_ACIER_COUPE
10
66.555282
20
3.032000
30
0.0
11
66.585282
21
3.032000
31
0.0
12
66.555282
22
3.062000
32
0.0
13
66.585282
23
3.062000
33
0.0
0
SOLID
8
09_ACIER_COUPE
10
66.399992
20
2.924061
30
0.0
11
66.429992
21
2.924061
31
0.0
12
66.399992
22
2.954061
32
0.0
13
66.429992
23
2.954061
33
0.0
0
SOLID
8
09_ACIER_COUPE
10
66.284500
20
2.771899
30
0.0
11
66.314500
21
2.771899
31
0.0
12
66.284500
22
2.801899
32
0.0
13
66.314500
23
2.801899
33
0.0
0
SOLID
8
09_ACIER_COUPE
10
66.284500
20
2.571899
30
0.0
11
66.314500
21
2.571899
31
0.0
12
66.284500
22
2.601899
32
0.0
13
66.314500
23
2.601899
33
0.0
0
SOLID
8
09_ACIER_COUPE
10
66.284500
20
2.371899
30
0.0
11
66.314500
21
2.371899
31
0.0
12
66.284500
22
2.401899
32
0.0
13
66.314500
23
2.401899
33
0.0
0
SOLID
8
09_ACIER_COUPE
10
66.284500
20
2.171899
30
0.0
11
66.314500
21
2.171899
31
0.0
12
66.284500
22
2.201899
32
0.0
13
66.314500
23
2.201899
33
0.0
0
SOLID
8
09_ACIER_COUPE
10
66.284500
20
1.971899
30
0.0
11
66.314500
21
1.971899
31
0.0
12
66.284500
22
2.001899
32
0.0
13
66.314500
23
2.001899
33
0.0
0
SOLID
8
09_ACIER_COUPE
10
66.284500
20
1.771899
30
0.0
11
66.314500
21
1.771899
31
0.0
12
66.284500
22
1.801899
32
0.0
13
66.314500
23
1.801899
33
0.0
0
SOLID
8
08_ACIER_LONG
10
66.304298
20
1.570863
30
0.0
11
66.334298
21
1.570863
31
0.0
12
66.304298
22
1.600863
32
0.0
13
66.334298
23
1.600863
33
0.0
0
SOLID
8
08_ACIER_LONG
10
66.375094
20
1.473972
30
0.0
11
66.405094
21
1.473972
31
0.0
12
66.375094
22
1.503972
32
0.0
13
66.405094
23
1.503972
33
0.0
0
SOLID
8
08_ACIER_LONG
10
68.273906
20
1.473972
30
0.0
11
68.303906
21
1.473972
31
0.0
12
68.273906
22
1.503972
32
0.0
13
68.303906
23
1.503972
33
0.0
0
SOLID
8
08_ACIER_LONG
10
68.344702
20
1.570863
30
0.0
11
68.374702
21
1.570863
31
0.0
12
68.344702
22
1.600863
32
0.0
13
68.374702
23
1.600863
33
0.0
0
SOLID
8
08_ACIER_LONG
10
68.344702
20
2.913137
30
0.0
11
68.374702
21
2.913137
31
0.0
12
68.344702
22
2.943137
32
0.0
13
68.374702
23
2.943137
33
0.0
0
SOLID
8
08_ACIER_LONG
10
68.273906
20
3.010028
30
0.0
11
68.303906
21
3.010028
31
0.0
12
68.273906
22
3.040028
32
0.0
13
68.303906
23
3.040028
33
0.0
0
SOLID
8
08_ACIER_LONG
10
66.375094
20
3.010028
30
0.0
11
66.405094
21
3.010028
31
0.0
12
66.375094
22
3.040028
32
0.0
13
66.405094
23
3.040028
33
0.0
0
SOLID
8
08_ACIER_LONG
10
66.304298
20
2.913137
30
0.0
11
66.334298
21
2.913137
31
0.0
12
66.304298
22
2.943137
32
0.0
13
66.334298
23
2.943137
33
0.0
0
LINE
8
10_COTATION
10
66.069500
20
1.937000
30
0.0
11
65.509500
21
1.937000
31
0.0
0
LINE
8
10_COTATION
10
66.069500
20
2.537000
30
0.0
11
65.509500
21
2.537000
31
0.0
0
LINE
8
10_COTATION
10
65.539500
20
1.937000
30
0.0
11
65.539500
21
2.537000
31
0.0
0
LINE
8
10_COTATION
10
65.521822
20
1.919322
30
0.0
11
65.557178
21
1.954678
31
0.0
0
LINE
8
10_COTATION
10
65.521822
20
2.519322
30
0.0
11
65.557178
21
2.554678
31
0.0
0
TEXT
8
10_COTATION
10
65.523500
20
2.237000
30
0.0
40
0.040000
1
RECOUVR. 0.60 = 50 %%c
50
90.000000
41
0.850000
7
STANDARD
72
1
11
65.523500
21
2.237000
31
0.0
73
3
0
LINE
8
10_COTATION
10
66.089500
20
1.187000
30
0.0
11
66.089500
21
0.777000
31
0.0
0
LINE
8
10_COTATION
10
66.339500
20
1.187000
30
0.0
11
66.339500
21
0.777000
31
0.0
0
LINE
8
10_COTATION
10
66.089500
20
0.807000
30
0.0
11
66.339500
21
0.807000
31
0.0
0
LINE
8
10_COTATION
10
66.071822
20
0.789322
30
0.0
11
66.107178
21
0.824678
31
0.0
0
LINE
8
10_COTATION
10
66.321822
20
0.789322
30
0.0
11
66.357178
21
0.824678
31
0.0
0
TEXT
8
10_COTATION
10
66.214500
20
0.823000
30
0.0
40
0.040000
1
0.25
41
0.850000
7
STANDARD
72
1
11
66.214500
21
0.823000
31
0.0
73
1
0
LINE
8
10_COTATION
10
66.339500
20
1.187000
30
0.0
11
66.339500
21
0.777000
31
0.0
0
LINE
8
10_COTATION
10
68.339500
20
1.187000
30
0.0
11
68.339500
21
0.777000
31
0.0
0
LINE
8
10_COTATION
10
66.339500
20
0.807000
30
0.0
11
68.339500
21
0.807000
31
0.0
0
LINE
8
10_COTATION
10
66.321822
20
0.789322
30
0.0
11
66.357178
21
0.824678
31
0.0
0
LINE
8
10_COTATION
10
68.321822
20
0.789322
30
0.0
11
68.357178
21
0.824678
31
0.0
0
TEXT
8
10_COTATION
10
67.339500
20
0.823000
30
0.0
40
0.040000
1
2.00
41
0.850000
7
STANDARD
72
1
11
67.339500
21
0.823000
31
0.0
73
1
0
LINE
8
10_COTATION
10
68.339500
20
1.187000
30
0.0
11
68.339500
21
0.777000
31
0.0
0
LINE
8
10_COTATION
10
68.589500
20
1.187000
30
0.0
11
68.589500
21
0.777000
31
0.0
0
LINE
8
10_COTATION
10
68.339500
20
0.807000
30
0.0
11
68.589500
21
0.807000
31
0.0
0
LINE
8
10_COTATION
10
68.321822
20
0.789322
30
0.0
11
68.357178
21
0.824678
31
0.0
0
LINE
8
10_COTATION
10
68.571822
20
0.789322
30
0.0
11
68.607178
21
0.824678
31
0.0
0
TEXT
8
10_COTATION
10
68.464500
20
0.823000
30
0.0
40
0.040000
1
0.25
41
0.850000
7
STANDARD
72
1
11
68.464500
21
0.823000
31
0.0
73
1
0
LINE
8
10_COTATION
10
68.609500
20
1.207000
30
0.0
11
69.019500
21
1.207000
31
0.0
0
LINE
8
10_COTATION
10
68.609500
20
1.507000
30
0.0
11
69.019500
21
1.507000
31
0.0
0
LINE
8
10_COTATION
10
68.989500
20
1.207000
30
0.0
11
68.989500
21
1.507000
31
0.0
0
LINE
8
10_COTATION
10
68.971822
20
1.189322
30
0.0
11
69.007178
21
1.224678
31
0.0
0
LINE
8
10_COTATION
10
68.971822
20
1.489322
30
0.0
11
69.007178
21
1.524678
31
0.0
0
TEXT
8
10_COTATION
10
68.973500
20
1.357000
30
0.0
40
0.040000
1
0.30
50
90.000000
41
0.850000
7
STANDARD
72
1
11
68.973500
21
1.357000
31
0.0
73
3
0
LINE
8
10_COTATION
10
68.609500
20
1.507000
30
0.0
11
69.019500
21
1.507000
31
0.0
0
LINE
8
10_COTATION
10
68.609500
20
3.007000
30
0.0
11
69.019500
21
3.007000
31
0.0
0
LINE
8
10_COTATION
10
68.989500
20
1.507000
30
0.0
11
68.989500
21
3.007000
31
0.0
0
LINE
8
10_COTATION
10
68.971822
20
1.489322
30
0.0
11
69.007178
21
1.524678
31
0.0
0
LINE
8
10_COTATION
10
68.971822
20
2.989322
30
0.0
11
69.007178
21
3.024678
31
0.0
0
TEXT
8
10_COTATION
10
68.973500
20
2.257000
30
0.0
40
0.040000
1
1.50
50
90.000000
41
0.850000
7
STANDARD
72
1
11
68.973500
21
2.257000
31
0.0
73
3
0
LINE
8
10_COTATION
10
68.609500
20
3.007000
30
0.0
11
69.019500
21
3.007000
31
0.0
0
LINE
8
10_COTATION
10
68.609500
20
3.257000
30
0.0
11
69.019500
21
3.257000
31
0.0
0
LINE
8
10_COTATION
10
68.989500
20
3.007000
30
0.0
11
68.989500
21
3.257000
31
0.0
0
LINE
8
10_COTATION
10
68.971822
20
2.989322
30
0.0
11
69.007178
21
3.024678
31
0.0
0
LINE
8
10_COTATION
10
68.971822
20
3.239322
30
0.0
11
69.007178
21
3.274678
31
0.0
0
TEXT
8
10_COTATION
10
68.973500
20
3.132000
30
0.0
40
0.040000
1
0.25
50
90.000000
41
0.850000
7
STANDARD
72
1
11
68.973500
21
3.132000
31
0.0
73
3
0
LINE
8
11_TEXTE
10
67.339500
20
3.217000
30
0.0
11
69.809500
21
3.807000
31
0.0
0
LINE
8
11_TEXTE
10
69.809500
20
3.807000
30
0.0
11
69.889500
21
3.807000
31
0.0
0
SOLID
8
11_TEXTE
10
67.339500
20
3.217000
30
0.0
11
67.390223
21
3.219863
31
0.0
12
67.386041
22
3.237370
32
0.0
13
67.386041
23
3.237370
33
0.0
0
TEXT
8
11_TEXTE
10
69.909500
20
3.807000
30
0.0
40
0.050000
1
2 - 61 HA12 e=15
41
0.850000
7
STANDARD
72
0
11
69.909500
21
3.807000
31
0.0
73
2
0
LINE
8
11_TEXTE
10
67.339500
20
1.257000
30
0.0
11
69.809500
21
0.357000
31
0.0
0
LINE
8
11_TEXTE
10
69.809500
20
0.357000
30
0.0
11
69.889500
21
0.357000
31
0.0
0
SOLID
8
11_TEXTE
10
67.339500
20
1.257000
30
0.0
11
67.383397
21
1.231426
31
0.0
12
67.389560
22
1.248338
32
0.0
13
67.389560
23
1.248338
33
0.0
0
TEXT
8
11_TEXTE
10
69.909500
20
0.357000
30
0.0
40
0.050000
1
1 - 61 HA12 e=15
41
0.850000
7
STANDARD
72
0
11
69.909500
21
0.357000
31
0.0
73
2
0
LINE
8
11_TEXTE
10
67.639500
20
3.047000
30
0.0
11
69.809500
21
2.907000
31
0.0
0
LINE
8
11_TEXTE
10
69.809500
20
2.907000
30
0.0
11
69.889500
21
2.907000
31
0.0
0
SOLID
8
11_TEXTE
10
67.639500
20
3.047000
30
0.0
11
67.688817
21
3.034800
31
0.0
12
67.689976
22
3.052762
32
0.0
13
67.689976
23
3.052762
33
0.0
0
TEXT
8
11_TEXTE
10
69.909500
20
2.907000
30
0.0
40
0.050000
1
4 - 61 HA12 e=15
41
0.850000
7
STANDARD
72
0
11
69.909500
21
2.907000
31
0.0
73
2
0
LINE
8
11_TEXTE
10
67.639500
20
1.467000
30
0.0
11
69.809500
21
0.857000
31
0.0
0
LINE
8
11_TEXTE
10
69.809500
20
0.857000
30
0.0
11
69.889500
21
0.857000
31
0.0
0
SOLID
8
11_TEXTE
10
67.639500
20
1.467000
30
0.0
11
67.685199
21
1.444805
31
0.0
12
67.690070
22
1.462133
32
0.0
13
67.690070
23
1.462133
33
0.0
0
TEXT
8
11_TEXTE
10
69.909500
20
0.857000
30
0.0
40
0.050000
1
3 - 61 HA12 e=15
41
0.850000
7
STANDARD
72
0
11
69.909500
21
0.857000
31
0.0
73
2
0
LINE
8
11_TEXTE
10
66.129500
20
2.607000
30
0.0
11
64.869500
21
3.457000
31
0.0
0
LINE
8
11_TEXTE
10
64.869500
20
3.457000
30
0.0
11
64.789500
21
3.457000
31
0.0
0
SOLID
8
11_TEXTE
10
66.129500
20
2.607000
30
0.0
11
66.093083
21
2.642423
31
0.0
12
66.083017
22
2.627501
32
0.0
13
66.083017
23
2.627501
33
0.0
0
TEXT
8
11_TEXTE
10
64.769500
20
3.457000
30
0.0
40
0.050000
1
6 - HA8 e=20 (filants)
41
0.850000
7
STANDARD
72
2
11
64.769500
21
3.457000
31
0.0
73
2
0
LINE
8
11_TEXTE
10
66.209500
20
1.640431
30
0.0
11
64.869500
21
0.757000
31
0.0
0
LINE
8
11_TEXTE
10
64.869500
20
0.757000
30
0.0
11
64.789500
21
0.757000
31
0.0
0
SOLID
8
11_TEXTE
10
66.209500
20
1.640431
30
0.0
11
66.162802
21
1.620424
31
0.0
12
66.172709
22
1.605396
32
0.0
13
66.172709
23
1.605396
33
0.0
0
TEXT
8
11_TEXTE
10
64.769500
20
0.757000
30
0.0
40
0.050000
1
5 - 2 HA12 par gousset
41
0.850000
7
STANDARD
72
2
11
64.769500
21
0.757000
31
0.0
73
2
0
TEXT
8
11_TEXTE
10
67.339500
20
2.557000
30
0.0
40
0.044000
1
ENROBAGE 4 cm
41
0.850000
7
STANDARD
72
1
11
67.339500
21
2.557000
31
0.0
73
2
0
TEXT
8
11_TEXTE
10
67.339500
20
2.257000
30
0.0
40
0.044000
1
(5 cm AU CONTACT DU SOL)
41
0.850000
7
STANDARD
72
1
11
67.339500
21
2.257000
31
0.0
73
2
0
TEXT
8
11_TEXTE
10
64.087500
20
0.092000
30
0.0
40
0.100000
1
COUPE C-C - FERRAILLAGE DU CADRE
41
0.850000
7
STANDARD
72
0
11
64.087500
21
0.092000
31
0.0
73
1
0
LINE
8
11_TEXTE
10
64.087500
20
0.060000
30
0.0
11
66.071500
21
0.060000
31
0.0
0
TEXT
8
11_TEXTE
10
64.087500
20
0.000000
30
0.0
40
0.050000
1
Ech. 1:20 - aciers HA FeE500 (HA)
41
0.850000
7
STANDARD
72
0
11
64.087500
21
0.000000
31
0.0
73
1
0
POLYLINE
8
02_BETON
66
1
10
0.0
20
0.0
30
0.0
70
1
0
VERTEX
8
02_BETON
10
77.705500
20
1.865000
30
0.0
0
VERTEX
8
02_BETON
10
79.705500
20
1.865000
30
0.0
0
VERTEX
8
02_BETON
10
79.705500
20
2.215000
30
0.0
0
VERTEX
8
02_BETON
10
77.705500
20
2.215000
30
0.0
0
SEQEND
8
02_BETON
0
POLYLINE
8
02_BETON
66
1
10
0.0
20
0.0
30
0.0
70
1
0
VERTEX
8
02_BETON
10
78.105500
20
2.215000
30
0.0
0
VERTEX
8
02_BETON
10
78.505500
20
2.215000
30
0.0
0
VERTEX
8
02_BETON
10
78.505500
20
5.165000
30
0.0
0
VERTEX
8
02_BETON
10
78.255500
20
5.165000
30
0.0
0
SEQEND
8
02_BETON
0
LINE
8
04_HACHURES
10
79.666609
20
1.865000
30
0.0
11
79.705500
21
1.903891
31
0.0
0
LINE
8
04_HACHURES
10
79.588827
20
1.865000
30
0.0
11
79.705500
21
1.981673
31
0.0
0
LINE
8
04_HACHURES
10
79.511046
20
1.865000
30
0.0
11
79.705500
21
2.059454
31
0.0
0
LINE
8
04_HACHURES
10
79.433264
20
1.865000
30
0.0
11
79.705500
21
2.137236
31
0.0
0
LINE
8
04_HACHURES
10
79.355482
20
1.865000
30
0.0
11
79.705482
21
2.215000
31
0.0
0
LINE
8
04_HACHURES
10
79.277700
20
1.865000
30
0.0
11
79.627700
21
2.215000
31
0.0
0
LINE
8
04_HACHURES
10
79.199919
20
1.865000
30
0.0
11
79.549919
21
2.215000
31
0.0
0
LINE
8
04_HACHURES
10
79.122137
20
1.865000
30
0.0
11
79.472137
21
2.215000
31
0.0
0
LINE
8
04_HACHURES
10
79.044355
20
1.865000
30
0.0
11
79.394355
21
2.215000
31
0.0
0
LINE
8
04_HACHURES
10
78.966573
20
1.865000
30
0.0
11
79.316573
21
2.215000
31
0.0
0
LINE
8
04_HACHURES
10
78.888792
20
1.865000
30
0.0
11
79.238792
21
2.215000
31
0.0
0
LINE
8
04_HACHURES
10
78.811010
20
1.865000
30
0.0
11
79.161010
21
2.215000
31
0.0
0
LINE
8
04_HACHURES
10
78.733228
20
1.865000
30
0.0
11
79.083228
21
2.215000
31
0.0
0
LINE
8
04_HACHURES
10
78.655446
20
1.865000
30
0.0
11
79.005446
21
2.215000
31
0.0
0
LINE
8
04_HACHURES
10
78.577665
20
1.865000
30
0.0
11
78.927665
21
2.215000
31
0.0
0
LINE
8
04_HACHURES
10
78.499883
20
1.865000
30
0.0
11
78.849883
21
2.215000
31
0.0
0
LINE
8
04_HACHURES
10
78.422101
20
1.865000
30
0.0
11
78.772101
21
2.215000
31
0.0
0
LINE
8
04_HACHURES
10
78.344319
20
1.865000
30
0.0
11
78.694319
21
2.215000
31
0.0
0
LINE
8
04_HACHURES
10
78.266538
20
1.865000
30
0.0
11
78.616538
21
2.215000
31
0.0
0
LINE
8
04_HACHURES
10
78.188756
20
1.865000
30
0.0
11
78.538756
21
2.215000
31
0.0
0
LINE
8
04_HACHURES
10
78.110974
20
1.865000
30
0.0
11
78.460974
21
2.215000
31
0.0
0
LINE
8
04_HACHURES
10
78.033192
20
1.865000
30
0.0
11
78.383192
21
2.215000
31
0.0
0
LINE
8
04_HACHURES
10
77.955411
20
1.865000
30
0.0
11
78.305411
21
2.215000
31
0.0
0
LINE
8
04_HACHURES
10
77.877629
20
1.865000
30
0.0
11
78.227629
21
2.215000
31
0.0
0
LINE
8
04_HACHURES
10
77.799847
20
1.865000
30
0.0
11
78.149847
21
2.215000
31
0.0
0
LINE
8
04_HACHURES
10
77.722065
20
1.865000
30
0.0
11
78.072065
21
2.215000
31
0.0
0
LINE
8
04_HACHURES
10
77.705500
20
1.926216
30
0.0
11
77.994284
21
2.215000
31
0.0
0
LINE
8
04_HACHURES
10
77.705500
20
2.003998
30
0.0
11
77.916502
21
2.215000
31
0.0
0
LINE
8
04_HACHURES
10
77.705500
20
2.081780
30
0.0
11
77.838720
21
2.215000
31
0.0
0
LINE
8
04_HACHURES
10
77.705500
20
2.159562
30
0.0
11
77.760938
21
2.215000
31
0.0
0
LINE
8
04_HACHURES
10
78.466609
20
2.215000
30
0.0
11
78.505500
21
2.253891
31
0.0
0
LINE
8
04_HACHURES
10
78.388827
20
2.215000
30
0.0
11
78.505500
21
2.331673
31
0.0
0
LINE
8
04_HACHURES
10
78.311046
20
2.215000
30
0.0
11
78.505500
21
2.409454
31
0.0
0
LINE
8
04_HACHURES
10
78.233264
20
2.215000
30
0.0
11
78.505500
21
2.487236
31
0.0
0
LINE
8
04_HACHURES
10
78.155482
20
2.215000
30
0.0
11
78.505500
21
2.565018
31
0.0
0
LINE
8
04_HACHURES
10
78.106989
20
2.244289
30
0.0
11
78.505500
21
2.642800
31
0.0
0
LINE
8
04_HACHURES
10
78.111156
20
2.326237
30
0.0
11
78.505500
21
2.720581
31
0.0
0
LINE
8
04_HACHURES
10
78.115323
20
2.408186
30
0.0
11
78.505500
21
2.798363
31
0.0
0
LINE
8
04_HACHURES
10
78.119490
20
2.490135
30
0.0
11
78.505500
21
2.876145
31
0.0
0
LINE
8
04_HACHURES
10
78.123657
20
2.572083
30
0.0
11
78.505500
21
2.953927
31
0.0
0
LINE
8
04_HACHURES
10
78.127824
20
2.654032
30
0.0
11
78.505500
21
3.031708
31
0.0
0
LINE
8
04_HACHURES
10
78.131991
20
2.735981
30
0.0
11
78.505500
21
3.109490
31
0.0
0
LINE
8
04_HACHURES
10
78.136157
20
2.817929
30
0.0
11
78.505500
21
3.187272
31
0.0
0
LINE
8
04_HACHURES
10
78.140324
20
2.899878
30
0.0
11
78.505500
21
3.265054
31
0.0
0
LINE
8
04_HACHURES
10
78.144491
20
2.981826
30
0.0
11
78.505500
21
3.342835
31
0.0
0
LINE
8
04_HACHURES
10
78.148658
20
3.063775
30
0.0
11
78.505500
21
3.420617
31
0.0
0
LINE
8
04_HACHURES
10
78.152825
20
3.145724
30
0.0
11
78.505500
21
3.498399
31
0.0
0
LINE
8
04_HACHURES
10
78.156992
20
3.227672
30
0.0
11
78.505500
21
3.576181
31
0.0
0
LINE
8
04_HACHURES
10
78.161159
20
3.309621
30
0.0
11
78.505500
21
3.653962
31
0.0
0
LINE
8
04_HACHURES
10
78.165326
20
3.391570
30
0.0
11
78.505500
21
3.731744
31
0.0
0
LINE
8
04_HACHURES
10
78.169492
20
3.473518
30
0.0
11
78.505500
21
3.809526
31
0.0
0
LINE
8
04_HACHURES
10
78.173659
20
3.555467
30
0.0
11
78.505500
21
3.887308
31
0.0
0
LINE
8
04_HACHURES
10
78.177826
20
3.637415
30
0.0
11
78.505500
21
3.965089
31
0.0
0
LINE
8
04_HACHURES
10
78.181993
20
3.719364
30
0.0
11
78.505500
21
4.042871
31
0.0
0
LINE
8
04_HACHURES
10
78.186160
20
3.801313
30
0.0
11
78.505500
21
4.120653
31
0.0
0
LINE
8
04_HACHURES
10
78.190327
20
3.883261
30
0.0
11
78.505500
21
4.198435
31
0.0
0
LINE
8
04_HACHURES
10
78.194494
20
3.965210
30
0.0
11
78.505500
21
4.276216
31
0.0
0
LINE
8
04_HACHURES
10
78.198661
20
4.047159
30
0.0
11
78.505500
21
4.353998
31
0.0
0
LINE
8
04_HACHURES
10
78.202827
20
4.129107
30
0.0
11
78.505500
21
4.431780
31
0.0
0
LINE
8
04_HACHURES
10
78.206994
20
4.211056
30
0.0
11
78.505500
21
4.509562
31
0.0
0
LINE
8
04_HACHURES
10
78.211161
20
4.293004
30
0.0
11
78.505500
21
4.587343
31
0.0
0
LINE
8
04_HACHURES
10
78.215328
20
4.374953
30
0.0
11
78.505500
21
4.665125
31
0.0
0
LINE
8
04_HACHURES
10
78.219495
20
4.456902
30
0.0
11
78.505500
21
4.742907
31
0.0
0
LINE
8
04_HACHURES
10
78.223662
20
4.538850
30
0.0
11
78.505500
21
4.820688
31
0.0
0
LINE
8
04_HACHURES
10
78.227829
20
4.620799
30
0.0
11
78.505500
21
4.898470
31
0.0
0
LINE
8
04_HACHURES
10
78.231996
20
4.702748
30
0.0
11
78.505500
21
4.976252
31
0.0
0
LINE
8
04_HACHURES
10
78.236163
20
4.784696
30
0.0
11
78.505500
21
5.054034
31
0.0
0
LINE
8
04_HACHURES
10
78.240329
20
4.866645
30
0.0
11
78.505500
21
5.131815
31
0.0
0
LINE
8
04_HACHURES
10
78.244496
20
4.948593
30
0.0
11
78.460903
21
5.165000
31
0.0
0
LINE
8
04_HACHURES
10
78.248663
20
5.030542
30
0.0
11
78.383121
21
5.165000
31
0.0
0
LINE
8
04_HACHURES
10
78.252830
20
5.112491
30
0.0
11
78.305339
21
5.165000
31
0.0
0
POLYLINE
8
05_TERRAIN
66
1
10
0.0
20
0.0
30
0.0
70
0
0
VERTEX
8
05_TERRAIN
10
76.405500
20
2.815000
30
0.0
0
VERTEX
8
05_TERRAIN
10
78.085500
20
2.815000
30
0.0
0
SEQEND
8
05_TERRAIN
0
LINE
8
05_TERRAIN
10
76.458000
20
2.815000
30
0.0
11
76.418000
21
2.775000
31
0.0
0
LINE
8
05_TERRAIN
10
76.563000
20
2.815000
30
0.0
11
76.523000
21
2.775000
31
0.0
0
LINE
8
05_TERRAIN
10
76.668000
20
2.815000
30
0.0
11
76.628000
21
2.775000
31
0.0
0
LINE
8
05_TERRAIN
10
76.773000
20
2.815000
30
0.0
11
76.733000
21
2.775000
31
0.0
0
LINE
8
05_TERRAIN
10
76.878000
20
2.815000
30
0.0
11
76.838000
21
2.775000
31
0.0
0
LINE
8
05_TERRAIN
10
76.983000
20
2.815000
30
0.0
11
76.943000
21
2.775000
31
0.0
0
LINE
8
05_TERRAIN
10
77.088000
20
2.815000
30
0.0
11
77.048000
21
2.775000
31
0.0
0
LINE
8
05_TERRAIN
10
77.193000
20
2.815000
30
0.0
11
77.153000
21
2.775000
31
0.0
0
LINE
8
05_TERRAIN
10
77.298000
20
2.815000
30
0.0
11
77.258000
21
2.775000
31
0.0
0
LINE
8
05_TERRAIN
10
77.403000
20
2.815000
30
0.0
11
77.363000
21
2.775000
31
0.0
0
LINE
8
05_TERRAIN
10
77.508000
20
2.815000
30
0.0
11
77.468000
21
2.775000
31
0.0
0
LINE
8
05_TERRAIN
10
77.613000
20
2.815000
30
0.0
11
77.573000
21
2.775000
31
0.0
0
LINE
8
05_TERRAIN
10
77.718000
20
2.815000
30
0.0
11
77.678000
21
2.775000
31
0.0
0
LINE
8
05_TERRAIN
10
77.823000
20
2.815000
30
0.0
11
77.783000
21
2.775000
31
0.0
0
LINE
8
05_TERRAIN
10
77.928000
20
2.815000
30
0.0
11
77.888000
21
2.775000
31
0.0
0
LINE
8
05_TERRAIN
10
78.033000
20
2.815000
30
0.0
11
77.993000
21
2.775000
31
0.0
0
LINE
8
06_REMBLAI
10
80.999434
20
2.215000
30
0.0
11
81.105500
21
2.321066
31
0.0
0
LINE
8
06_REMBLAI
10
80.787302
20
2.215000
30
0.0
11
81.105500
21
2.533198
31
0.0
0
LINE
8
06_REMBLAI
10
80.575170
20
2.215000
30
0.0
11
81.105500
21
2.745330
31
0.0
0
LINE
8
06_REMBLAI
10
80.363038
20
2.215000
30
0.0
11
81.105500
21
2.957462
31
0.0
0
LINE
8
06_REMBLAI
10
80.150906
20
2.215000
30
0.0
11
81.105500
21
3.169594
31
0.0
0
LINE
8
06_REMBLAI
10
79.938774
20
2.215000
30
0.0
11
81.105500
21
3.381726
31
0.0
0
LINE
8
06_REMBLAI
10
79.726642
20
2.215000
30
0.0
11
81.105500
21
3.593858
31
0.0
0
LINE
8
06_REMBLAI
10
79.514510
20
2.215000
30
0.0
11
81.105500
21
3.805990
31
0.0
0
LINE
8
06_REMBLAI
10
79.302378
20
2.215000
30
0.0
11
81.105500
21
4.018122
31
0.0
0
LINE
8
06_REMBLAI
10
79.090246
20
2.215000
30
0.0
11
81.105500
21
4.230254
31
0.0
0
LINE
8
06_REMBLAI
10
78.878114
20
2.215000
30
0.0
11
81.105500
21
4.442386
31
0.0
0
LINE
8
06_REMBLAI
10
78.665982
20
2.215000
30
0.0
11
81.105500
21
4.654518
31
0.0
0
LINE
8
06_REMBLAI
10
78.505500
20
2.266650
30
0.0
11
81.105500
21
4.866650
31
0.0
0
LINE
8
06_REMBLAI
10
78.505500
20
2.478782
30
0.0
11
81.105500
21
5.078782
31
0.0
0
LINE
8
06_REMBLAI
10
78.505500
20
2.690914
30
0.0
11
80.979586
21
5.165000
31
0.0
0
LINE
8
06_REMBLAI
10
78.505500
20
2.903047
30
0.0
11
80.767453
21
5.165000
31
0.0
0
LINE
8
06_REMBLAI
10
78.505500
20
3.115179
30
0.0
11
80.555321
21
5.165000
31
0.0
0
LINE
8
06_REMBLAI
10
78.505500
20
3.327311
30
0.0
11
80.343189
21
5.165000
31
0.0
0
LINE
8
06_REMBLAI
10
78.505500
20
3.539443
30
0.0
11
80.131057
21
5.165000
31
0.0
0
LINE
8
06_REMBLAI
10
78.505500
20
3.751575
30
0.0
11
79.918925
21
5.165000
31
0.0
0
LINE
8
06_REMBLAI
10
78.505500
20
3.963707
30
0.0
11
79.706793
21
5.165000
31
0.0
0
LINE
8
06_REMBLAI
10
78.505500
20
4.175839
30
0.0
11
79.494661
21
5.165000
31
0.0
0
LINE
8
06_REMBLAI
10
78.505500
20
4.387971
30
0.0
11
79.282529
21
5.165000
31
0.0
0
LINE
8
06_REMBLAI
10
78.505500
20
4.600103
30
0.0
11
79.070397
21
5.165000
31
0.0
0
LINE
8
06_REMBLAI
10
78.505500
20
4.812235
30
0.0
11
78.858265
21
5.165000
31
0.0
0
LINE
8
06_REMBLAI
10
78.505500
20
5.024367
30
0.0
11
78.646133
21
5.165000
31
0.0
0
LINE
8
06_REMBLAI
10
81.105500
20
5.058934
30
0.0
11
80.999434
21
5.165000
31
0.0
0
LINE
8
06_REMBLAI
10
81.105500
20
4.846802
30
0.0
11
80.787302
21
5.165000
31
0.0
0
LINE
8
06_REMBLAI
10
81.105500
20
4.634670
30
0.0
11
80.575170
21
5.165000
31
0.0
0
LINE
8
06_REMBLAI
10
81.105500
20
4.422538
30
0.0
11
80.363038
21
5.165000
31
0.0
0
LINE
8
06_REMBLAI
10
81.105500
20
4.210406
30
0.0
11
80.150906
21
5.165000
31
0.0
0
LINE
8
06_REMBLAI
10
81.105500
20
3.998274
30
0.0
11
79.938774
21
5.165000
31
0.0
0
LINE
8
06_REMBLAI
10
81.105500
20
3.786142
30
0.0
11
79.726642
21
5.165000
31
0.0
0
LINE
8
06_REMBLAI
10
81.105500
20
3.574010
30
0.0
11
79.514510
21
5.165000
31
0.0
0
LINE
8
06_REMBLAI
10
81.105500
20
3.361878
30
0.0
11
79.302378
21
5.165000
31
0.0
0
LINE
8
06_REMBLAI
10
81.105500
20
3.149746
30
0.0
11
79.090246
21
5.165000
31
0.0
0
LINE
8
06_REMBLAI
10
81.105500
20
2.937614
30
0.0
11
78.878114
21
5.165000
31
0.0
0
LINE
8
06_REMBLAI
10
81.105500
20
2.725482
30
0.0
11
78.665982
21
5.165000
31
0.0
0
LINE
8
06_REMBLAI
10
81.105500
20
2.513350
30
0.0
11
78.505500
21
5.113350
31
0.0
0
LINE
8
06_REMBLAI
10
81.105500
20
2.301218
30
0.0
11
78.505500
21
4.901218
31
0.0
0
LINE
8
06_REMBLAI
10
80.979586
20
2.215000
30
0.0
11
78.505500
21
4.689086
31
0.0
0
LINE
8
06_REMBLAI
10
80.767453
20
2.215000
30
0.0
11
78.505500
21
4.476953
31
0.0
0
LINE
8
06_REMBLAI
10
80.555321
20
2.215000
30
0.0
11
78.505500
21
4.264821
31
0.0
0
LINE
8
06_REMBLAI
10
80.343189
20
2.215000
30
0.0
11
78.505500
21
4.052689
31
0.0
0
LINE
8
06_REMBLAI
10
80.131057
20
2.215000
30
0.0
11
78.505500
21
3.840557
31
0.0
0
LINE
8
06_REMBLAI
10
79.918925
20
2.215000
30
0.0
11
78.505500
21
3.628425
31
0.0
0
LINE
8
06_REMBLAI
10
79.706793
20
2.215000
30
0.0
11
78.505500
21
3.416293
31
0.0
0
LINE
8
06_REMBLAI
10
79.494661
20
2.215000
30
0.0
11
78.505500
21
3.204161
31
0.0
0
LINE
8
06_REMBLAI
10
79.282529
20
2.215000
30
0.0
11
78.505500
21
2.992029
31
0.0
0
LINE
8
06_REMBLAI
10
79.070397
20
2.215000
30
0.0
11
78.505500
21
2.779897
31
0.0
0
LINE
8
06_REMBLAI
10
78.858265
20
2.215000
30
0.0
11
78.505500
21
2.567765
31
0.0
0
LINE
8
06_REMBLAI
10
78.646133
20
2.215000
30
0.0
11
78.505500
21
2.355633
31
0.0
0
POLYLINE
8
06_REMBLAI
66
1
10
0.0
20
0.0
30
0.0
70
0
0
VERTEX
8
06_REMBLAI
10
78.505500
20
5.165000
30
0.0
0
VERTEX
8
06_REMBLAI
10
81.105500
20
5.165000
30
0.0
0
SEQEND
8
06_REMBLAI
0
LINE
8
14_ENROCHEMENT
10
78.788000
20
2.215000
30
0.0
11
78.788000
21
5.165000
31
0.0
0
LINE
8
14_ENROCHEMENT
10
78.753000
20
2.215000
30
0.0
11
78.753000
21
5.165000
31
0.0
0
LINE
8
14_ENROCHEMENT
10
78.718000
20
2.215000
30
0.0
11
78.718000
21
5.165000
31
0.0
0
LINE
8
14_ENROCHEMENT
10
78.683000
20
2.215000
30
0.0
11
78.683000
21
5.165000
31
0.0
0
LINE
8
14_ENROCHEMENT
10
78.648000
20
2.215000
30
0.0
11
78.648000
21
5.165000
31
0.0
0
LINE
8
14_ENROCHEMENT
10
78.613000
20
2.215000
30
0.0
11
78.613000
21
5.165000
31
0.0
0
LINE
8
14_ENROCHEMENT
10
78.578000
20
2.215000
30
0.0
11
78.578000
21
5.165000
31
0.0
0
LINE
8
14_ENROCHEMENT
10
78.543000
20
2.215000
30
0.0
11
78.543000
21
5.165000
31
0.0
0
LINE
8
14_ENROCHEMENT
10
78.508000
20
2.215000
30
0.0
11
78.508000
21
5.165000
31
0.0
0
LINE
8
07_CHAUSSEE
10
78.055500
20
3.165000
30
0.0
11
78.825500
21
3.115000
31
0.0
0
LINE
8
07_CHAUSSEE
10
78.055500
20
3.065000
30
0.0
11
78.825500
21
3.015000
31
0.0
0
LINE
8
07_CHAUSSEE
10
78.055500
20
4.415000
30
0.0
11
78.825500
21
4.365000
31
0.0
0
LINE
8
07_CHAUSSEE
10
78.055500
20
4.315000
30
0.0
11
78.825500
21
4.265000
31
0.0
0
POLYLINE
8
08_ACIER_LONG
66
1
10
0.0
20
0.0
30
0.0
70
0
0
VERTEX
8
08_ACIER_LONG
10
79.655500
20
1.915000
30
0.0
0
VERTEX
8
08_ACIER_LONG
10
78.465500
20
1.915000
30
0.0
0
VERTEX
8
08_ACIER_LONG
10
78.465500
20
5.125000
30
0.0
0
SEQEND
8
08_ACIER_LONG
0
POLYLINE
8
08_ACIER_LONG
66
1
10
0.0
20
0.0
30
0.0
70
0
0
VERTEX
8
08_ACIER_LONG
10
78.175500
20
2.315000
30
0.0
0
VERTEX
8
08_ACIER_LONG
10
78.195500
20
4.722500
30
0.0
0
SEQEND
8
08_ACIER_LONG
0
POLYLINE
8
08_ACIER_LONG
66
1
10
0.0
20
0.0
30
0.0
70
0
0
VERTEX
8
08_ACIER_LONG
10
77.755500
20
1.915000
30
0.0
0
VERTEX
8
08_ACIER_LONG
10
77.755500
20
2.165000
30
0.0
0
VERTEX
8
08_ACIER_LONG
10
79.655500
20
2.165000
30
0.0
0
SEQEND
8
08_ACIER_LONG
0
SOLID
8
09_ACIER_COUPE
10
78.446750
20
2.296250
30
0.0
11
78.484250
21
2.296250
31
0.0
12
78.446750
22
2.333750
32
0.0
13
78.484250
23
2.333750
33
0.0
0
SOLID
8
09_ACIER_COUPE
10
78.446750
20
2.496250
30
0.0
11
78.484250
21
2.496250
31
0.0
12
78.446750
22
2.533750
32
0.0
13
78.484250
23
2.533750
33
0.0
0
SOLID
8
09_ACIER_COUPE
10
78.446750
20
2.696250
30
0.0
11
78.484250
21
2.696250
31
0.0
12
78.446750
22
2.733750
32
0.0
13
78.484250
23
2.733750
33
0.0
0
SOLID
8
09_ACIER_COUPE
10
78.446750
20
2.896250
30
0.0
11
78.484250
21
2.896250
31
0.0
12
78.446750
22
2.933750
32
0.0
13
78.484250
23
2.933750
33
0.0
0
SOLID
8
09_ACIER_COUPE
10
78.446750
20
3.096250
30
0.0
11
78.484250
21
3.096250
31
0.0
12
78.446750
22
3.133750
32
0.0
13
78.484250
23
3.133750
33
0.0
0
SOLID
8
09_ACIER_COUPE
10
78.446750
20
3.296250
30
0.0
11
78.484250
21
3.296250
31
0.0
12
78.446750
22
3.333750
32
0.0
13
78.484250
23
3.333750
33
0.0
0
SOLID
8
09_ACIER_COUPE
10
78.446750
20
3.496250
30
0.0
11
78.484250
21
3.496250
31
0.0
12
78.446750
22
3.533750
32
0.0
13
78.484250
23
3.533750
33
0.0
0
SOLID
8
09_ACIER_COUPE
10
78.446750
20
3.696250
30
0.0
11
78.484250
21
3.696250
31
0.0
12
78.446750
22
3.733750
32
0.0
13
78.484250
23
3.733750
33
0.0
0
SOLID
8
09_ACIER_COUPE
10
78.446750
20
3.896250
30
0.0
11
78.484250
21
3.896250
31
0.0
12
78.446750
22
3.933750
32
0.0
13
78.484250
23
3.933750
33
0.0
0
SOLID
8
09_ACIER_COUPE
10
78.446750
20
4.096250
30
0.0
11
78.484250
21
4.096250
31
0.0
12
78.446750
22
4.133750
32
0.0
13
78.484250
23
4.133750
33
0.0
0
SOLID
8
09_ACIER_COUPE
10
78.446750
20
4.296250
30
0.0
11
78.484250
21
4.296250
31
0.0
12
78.446750
22
4.333750
32
0.0
13
78.484250
23
4.333750
33
0.0
0
SOLID
8
09_ACIER_COUPE
10
78.446750
20
4.496250
30
0.0
11
78.484250
21
4.496250
31
0.0
12
78.446750
22
4.533750
32
0.0
13
78.484250
23
4.533750
33
0.0
0
SOLID
8
09_ACIER_COUPE
10
78.446750
20
4.696250
30
0.0
11
78.484250
21
4.696250
31
0.0
12
78.446750
22
4.733750
32
0.0
13
78.484250
23
4.733750
33
0.0
0
SOLID
8
09_ACIER_COUPE
10
78.446750
20
4.896250
30
0.0
11
78.484250
21
4.896250
31
0.0
12
78.446750
22
4.933750
32
0.0
13
78.484250
23
4.933750
33
0.0
0
SOLID
8
09_ACIER_COUPE
10
78.156750
20
2.296250
30
0.0
11
78.194250
21
2.296250
31
0.0
12
78.156750
22
2.333750
32
0.0
13
78.194250
23
2.333750
33
0.0
0
SOLID
8
09_ACIER_COUPE
10
78.156750
20
2.496250
30
0.0
11
78.194250
21
2.496250
31
0.0
12
78.156750
22
2.533750
32
0.0
13
78.194250
23
2.533750
33
0.0
0
SOLID
8
09_ACIER_COUPE
10
78.156750
20
2.696250
30
0.0
11
78.194250
21
2.696250
31
0.0
12
78.156750
22
2.733750
32
0.0
13
78.194250
23
2.733750
33
0.0
0
SOLID
8
09_ACIER_COUPE
10
78.156750
20
2.896250
30
0.0
11
78.194250
21
2.896250
31
0.0
12
78.156750
22
2.933750
32
0.0
13
78.194250
23
2.933750
33
0.0
0
SOLID
8
09_ACIER_COUPE
10
78.156750
20
3.096250
30
0.0
11
78.194250
21
3.096250
31
0.0
12
78.156750
22
3.133750
32
0.0
13
78.194250
23
3.133750
33
0.0
0
SOLID
8
09_ACIER_COUPE
10
78.156750
20
3.296250
30
0.0
11
78.194250
21
3.296250
31
0.0
12
78.156750
22
3.333750
32
0.0
13
78.194250
23
3.333750
33
0.0
0
SOLID
8
09_ACIER_COUPE
10
78.156750
20
3.496250
30
0.0
11
78.194250
21
3.496250
31
0.0
12
78.156750
22
3.533750
32
0.0
13
78.194250
23
3.533750
33
0.0
0
SOLID
8
09_ACIER_COUPE
10
78.156750
20
3.696250
30
0.0
11
78.194250
21
3.696250
31
0.0
12
78.156750
22
3.733750
32
0.0
13
78.194250
23
3.733750
33
0.0
0
SOLID
8
09_ACIER_COUPE
10
78.156750
20
3.896250
30
0.0
11
78.194250
21
3.896250
31
0.0
12
78.156750
22
3.933750
32
0.0
13
78.194250
23
3.933750
33
0.0
0
SOLID
8
09_ACIER_COUPE
10
78.156750
20
4.096250
30
0.0
11
78.194250
21
4.096250
31
0.0
12
78.156750
22
4.133750
32
0.0
13
78.194250
23
4.133750
33
0.0
0
SOLID
8
09_ACIER_COUPE
10
78.156750
20
4.296250
30
0.0
11
78.194250
21
4.296250
31
0.0
12
78.156750
22
4.333750
32
0.0
13
78.194250
23
4.333750
33
0.0
0
SOLID
8
09_ACIER_COUPE
10
78.156750
20
4.496250
30
0.0
11
78.194250
21
4.496250
31
0.0
12
78.156750
22
4.533750
32
0.0
13
78.194250
23
4.533750
33
0.0
0
LINE
8
10_COTATION
10
77.705500
20
1.840000
30
0.0
11
77.705500
21
1.377500
31
0.0
0
LINE
8
10_COTATION
10
78.105500
20
1.840000
30
0.0
11
78.105500
21
1.377500
31
0.0
0
LINE
8
10_COTATION
10
77.705500
20
1.415000
30
0.0
11
78.105500
21
1.415000
31
0.0
0
LINE
8
10_COTATION
10
77.683403
20
1.392903
30
0.0
11
77.727597
21
1.437097
31
0.0
0
LINE
8
10_COTATION
10
78.083403
20
1.392903
30
0.0
11
78.127597
21
1.437097
31
0.0
0
TEXT
8
10_COTATION
10
77.905500
20
1.435000
30
0.0
40
0.050000
1
0.40
41
0.850000
7
STANDARD
72
1
11
77.905500
21
1.435000
31
0.0
73
1
0
LINE
8
10_COTATION
10
78.105500
20
1.840000
30
0.0
11
78.105500
21
1.377500
31
0.0
0
LINE
8
10_COTATION
10
78.505500
20
1.840000
30
0.0
11
78.505500
21
1.377500
31
0.0
0
LINE
8
10_COTATION
10
78.105500
20
1.415000
30
0.0
11
78.505500
21
1.415000
31
0.0
0
LINE
8
10_COTATION
10
78.083403
20
1.392903
30
0.0
11
78.127597
21
1.437097
31
0.0
0
LINE
8
10_COTATION
10
78.483403
20
1.392903
30
0.0
11
78.527597
21
1.437097
31
0.0
0
TEXT
8
10_COTATION
10
78.305500
20
1.435000
30
0.0
40
0.050000
1
0.40
41
0.850000
7
STANDARD
72
1
11
78.305500
21
1.435000
31
0.0
73
1
0
LINE
8
10_COTATION
10
78.505500
20
1.840000
30
0.0
11
78.505500
21
1.377500
31
0.0
0
LINE
8
10_COTATION
10
79.705500
20
1.840000
30
0.0
11
79.705500
21
1.377500
31
0.0
0
LINE
8
10_COTATION
10
78.505500
20
1.415000
30
0.0
11
79.705500
21
1.415000
31
0.0
0
LINE
8
10_COTATION
10
78.483403
20
1.392903
30
0.0
11
78.527597
21
1.437097
31
0.0
0
LINE
8
10_COTATION
10
79.683403
20
1.392903
30
0.0
11
79.727597
21
1.437097
31
0.0
0
TEXT
8
10_COTATION
10
79.105500
20
1.435000
30
0.0
40
0.050000
1
1.20
41
0.850000
7
STANDARD
72
1
11
79.105500
21
1.435000
31
0.0
73
1
0
LINE
8
10_COTATION
10
77.705500
20
1.840000
30
0.0
11
77.705500
21
0.877500
31
0.0
0
LINE
8
10_COTATION
10
79.705500
20
1.840000
30
0.0
11
79.705500
21
0.877500
31
0.0
0
LINE
8
10_COTATION
10
77.705500
20
0.915000
30
0.0
11
79.705500
21
0.915000
31
0.0
0
LINE
8
10_COTATION
10
77.683403
20
0.892903
30
0.0
11
77.727597
21
0.937097
31
0.0
0
LINE
8
10_COTATION
10
79.683403
20
0.892903
30
0.0
11
79.727597
21
0.937097
31
0.0
0
TEXT
8
10_COTATION
10
78.705500
20
0.935000
30
0.0
40
0.050000
1
2.00
41
0.850000
7
STANDARD
72
1
11
78.705500
21
0.935000
31
0.0
73
1
0
LINE
8
10_COTATION
10
77.680500
20
1.865000
30
0.0
11
77.218000
21
1.865000
31
0.0
0
LINE
8
10_COTATION
10
77.680500
20
2.215000
30
0.0
11
77.218000
21
2.215000
31
0.0
0
LINE
8
10_COTATION
10
77.255500
20
1.865000
30
0.0
11
77.255500
21
2.215000
31
0.0
0
LINE
8
10_COTATION
10
77.233403
20
1.842903
30
0.0
11
77.277597
21
1.887097
31
0.0
0
LINE
8
10_COTATION
10
77.233403
20
2.192903
30
0.0
11
77.277597
21
2.237097
31
0.0
0
TEXT
8
10_COTATION
10
77.235500
20
2.040000
30
0.0
40
0.050000
1
0.35
50
90.000000
41
0.850000
7
STANDARD
72
1
11
77.235500
21
2.040000
31
0.0
73
3
0
LINE
8
10_COTATION
10
77.680500
20
2.215000
30
0.0
11
77.218000
21
2.215000
31
0.0
0
LINE
8
10_COTATION
10
77.680500
20
5.165000
30
0.0
11
77.218000
21
5.165000
31
0.0
0
LINE
8
10_COTATION
10
77.255500
20
2.215000
30
0.0
11
77.255500
21
5.165000
31
0.0
0
LINE
8
10_COTATION
10
77.233403
20
2.192903
30
0.0
11
77.277597
21
2.237097
31
0.0
0
LINE
8
10_COTATION
10
77.233403
20
5.142903
30
0.0
11
77.277597
21
5.187097
31
0.0
0
TEXT
8
10_COTATION
10
77.235500
20
3.690000
30
0.0
40
0.050000
1
2.95
50
90.000000
41
0.850000
7
STANDARD
72
1
11
77.235500
21
3.690000
31
0.0
73
3
0
LINE
8
10_COTATION
10
78.255500
20
5.190000
30
0.0
11
78.255500
21
5.552500
31
0.0
0
LINE
8
10_COTATION
10
78.505500
20
5.190000
30
0.0
11
78.505500
21
5.552500
31
0.0
0
LINE
8
10_COTATION
10
78.255500
20
5.515000
30
0.0
11
78.505500
21
5.515000
31
0.0
0
LINE
8
10_COTATION
10
78.233403
20
5.492903
30
0.0
11
78.277597
21
5.537097
31
0.0
0
LINE
8
10_COTATION
10
78.483403
20
5.492903
30
0.0
11
78.527597
21
5.537097
31
0.0
0
TEXT
8
10_COTATION
10
78.380500
20
5.535000
30
0.0
40
0.050000
1
0.25
41
0.850000
7
STANDARD
72
1
11
78.380500
21
5.535000
31
0.0
73
1
0
POLYLINE
8
10_COTATION
66
1
10
0.0
20
0.0
30
0.0
70
1
0
VERTEX
8
10_COTATION
10
76.565500
20
2.885000
30
0.0
0
VERTEX
8
10_COTATION
10
76.645500
20
2.885000
30
0.0
0
VERTEX
8
10_COTATION
10
76.605500
20
2.815000
30
0.0
0
SEQEND
8
10_COTATION
0
LINE
8
10_COTATION
10
76.605500
20
2.885000
30
0.0
11
76.955500
21
2.885000
31
0.0
0
TEXT
8
10_COTATION
10
76.955500
20
2.905000
30
0.0
40
0.050000
1
T.N. / FIL D'EAU
41
0.850000
7
STANDARD
72
2
11
76.955500
21
2.905000
31
0.0
73
1
0
LINE
8
11_TEXTE
10
78.465500
20
3.837500
30
0.0
11
81.305500
21
4.575000
31
0.0
0
LINE
8
11_TEXTE
10
81.305500
20
4.575000
30
0.0
11
81.405500
21
4.575000
31
0.0
0
SOLID
8
11_TEXTE
10
78.465500
20
3.837500
30
0.0
11
78.528821
21
3.842320
31
0.0
12
78.523166
22
3.864098
32
0.0
13
78.523166
23
3.864098
33
0.0
0
TEXT
8
11_TEXTE
10
81.430500
20
4.575000
30
0.0
40
0.062500
1
7 - HA12 e=15
41
0.850000
7
STANDARD
72
0
11
81.430500
21
4.575000
31
0.0
73
2
0
LINE
8
11_TEXTE
10
78.175500
20
3.542500
30
0.0
11
81.305500
21
3.542500
31
0.0
0
LINE
8
11_TEXTE
10
81.305500
20
3.542500
30
0.0
11
81.405500
21
3.542500
31
0.0
0
SOLID
8
11_TEXTE
10
78.175500
20
3.542500
30
0.0
11
78.238000
21
3.531250
31
0.0
12
78.238000
22
3.553750
32
0.0
13
78.238000
23
3.553750
33
0.0
0
TEXT
8
11_TEXTE
10
81.430500
20
3.542500
30
0.0
40
0.062500
1
8 - HA10 e=20  /  9 - HA10 e=20
41
0.850000
7
STANDARD
72
0
11
81.430500
21
3.542500
31
0.0
73
2
0
LINE
8
11_TEXTE
10
78.705500
20
1.965000
30
0.0
11
81.305500
21
1.515000
31
0.0
0
LINE
8
11_TEXTE
10
81.305500
20
1.515000
30
0.0
11
81.405500
21
1.515000
31
0.0
0
SOLID
8
11_TEXTE
10
78.705500
20
1.965000
30
0.0
11
78.765166
21
1.943256
31
0.0
12
78.769003
22
1.965426
32
0.0
13
78.769003
23
1.965426
33
0.0
0
TEXT
8
11_TEXTE
10
81.430500
20
1.515000
30
0.0
40
0.062500
1
10 - HA12 e=15  /  11 - HA10 e=20
41
0.850000
7
STANDARD
72
0
11
81.430500
21
1.515000
31
0.0
73
2
0
LINE
8
11_TEXTE
10
78.655500
20
3.815000
30
0.0
11
81.305500
21
3.765000
31
0.0
0
LINE
8
11_TEXTE
10
81.305500
20
3.765000
30
0.0
11
81.405500
21
3.765000
31
0.0
0
SOLID
8
11_TEXTE
10
78.655500
20
3.815000
30
0.0
11
78.717777
21
3.802573
31
0.0
12
78.718201
22
3.825069
32
0.0
13
78.718201
23
3.825069
33
0.0
0
TEXT
8
11_TEXTE
10
81.430500
20
3.765000
30
0.0
40
0.062500
1
MATERIAU DRAINANT + GEOTEXTILE
41
0.850000
7
STANDARD
72
0
11
81.430500
21
3.765000
31
0.0
73
2
0
LINE
8
11_TEXTE
10
78.605500
20
3.095000
30
0.0
11
81.305500
21
2.765000
31
0.0
0
LINE
8
11_TEXTE
10
81.305500
20
2.765000
30
0.0
11
81.405500
21
2.765000
31
0.0
0
SOLID
8
11_TEXTE
10
78.605500
20
3.095000
30
0.0
11
78.666174
21
3.076251
31
0.0
12
78.668903
22
3.098584
32
0.0
13
78.668903
23
3.098584
33
0.0
0
TEXT
8
11_TEXTE
10
81.430500
20
2.765000
30
0.0
40
0.062500
1
BARBACANE PVC %%c100 e=2.00 m
41
0.850000
7
STANDARD
72
0
11
81.430500
21
2.765000
31
0.0
73
2
0
TEXT
8
11_TEXTE
10
78.705500
20
0.415000
30
0.0
40
0.062500
1
COUPE TYPE
41
0.850000
7
STANDARD
72
1
11
78.705500
21
0.415000
31
0.0
73
1
0
POLYLINE
8
02_BETON
66
1
10
0.0
20
0.0
30
0.0
70
1
0
VERTEX
8
02_BETON
10
84.305500
20
2.215000
30
0.0
0
VERTEX
8
02_BETON
10
84.305500
20
5.165000
30
0.0
0
VERTEX
8
02_BETON
10
87.305500
20
2.815000
30
0.0
0
VERTEX
8
02_BETON
10
87.305500
20
2.215000
30
0.0
0
SEQEND
8
02_BETON
0
LINE
8
04_HACHURES
10
87.199434
20
2.215000
30
0.0
11
87.305500
21
2.321066
31
0.0
0
LINE
8
04_HACHURES
10
86.987302
20
2.215000
30
0.0
11
87.305500
21
2.533198
31
0.0
0
LINE
8
04_HACHURES
10
86.775170
20
2.215000
30
0.0
11
87.305500
21
2.745330
31
0.0
0
LINE
8
04_HACHURES
10
86.563038
20
2.215000
30
0.0
11
87.225615
21
2.877577
31
0.0
0
LINE
8
04_HACHURES
10
86.350906
20
2.215000
30
0.0
11
87.106662
21
2.970756
31
0.0
0
LINE
8
04_HACHURES
10
86.138774
20
2.215000
30
0.0
11
86.987710
21
3.063936
31
0.0
0
LINE
8
04_HACHURES
10
85.926642
20
2.215000
30
0.0
11
86.868757
21
3.157115
31
0.0
0
LINE
8
04_HACHURES
10
85.714510
20
2.215000
30
0.0
11
86.749805
21
3.250295
31
0.0
0
LINE
8
04_HACHURES
10
85.502378
20
2.215000
30
0.0
11
86.630852
21
3.343474
31
0.0
0
LINE
8
04_HACHURES
10
85.290246
20
2.215000
30
0.0
11
86.511899
21
3.436654
31
0.0
0
LINE
8
04_HACHURES
10
85.078114
20
2.215000
30
0.0
11
86.392947
21
3.529833
31
0.0
0
LINE
8
04_HACHURES
10
84.865982
20
2.215000
30
0.0
11
86.273994
21
3.623013
31
0.0
0
LINE
8
04_HACHURES
10
84.653850
20
2.215000
30
0.0
11
86.155042
21
3.716192
31
0.0
0
LINE
8
04_HACHURES
10
84.441718
20
2.215000
30
0.0
11
86.036089
21
3.809372
31
0.0
0
LINE
8
04_HACHURES
10
84.305500
20
2.290914
30
0.0
11
85.917137
21
3.902551
31
0.0
0
LINE
8
04_HACHURES
10
84.305500
20
2.503047
30
0.0
11
85.798184
21
3.995731
31
0.0
0
LINE
8
04_HACHURES
10
84.305500
20
2.715179
30
0.0
11
85.679232
21
4.088910
31
0.0
0
LINE
8
04_HACHURES
10
84.305500
20
2.927311
30
0.0
11
85.560279
21
4.182090
31
0.0
0
LINE
8
04_HACHURES
10
84.305500
20
3.139443
30
0.0
11
85.441327
21
4.275269
31
0.0
0
LINE
8
04_HACHURES
10
84.305500
20
3.351575
30
0.0
11
85.322374
21
4.368449
31
0.0
0
LINE
8
04_HACHURES
10
84.305500
20
3.563707
30
0.0
11
85.203421
21
4.461628
31
0.0
0
LINE
8
04_HACHURES
10
84.305500
20
3.775839
30
0.0
11
85.084469
21
4.554808
31
0.0
0
LINE
8
04_HACHURES
10
84.305500
20
3.987971
30
0.0
11
84.965516
21
4.647987
31
0.0
0
LINE
8
04_HACHURES
10
84.305500
20
4.200103
30
0.0
11
84.846564
21
4.741167
31
0.0
0
LINE
8
04_HACHURES
10
84.305500
20
4.412235
30
0.0
11
84.727611
21
4.834346
31
0.0
0
LINE
8
04_HACHURES
10
84.305500
20
4.624367
30
0.0
11
84.608659
21
4.927526
31
0.0
0
LINE
8
04_HACHURES
10
84.305500
20
4.836499
30
0.0
11
84.489706
21
5.020705
31
0.0
0
LINE
8
04_HACHURES
10
84.305500
20
5.048631
30
0.0
11
84.370754
21
5.113885
31
0.0
0
POLYLINE
8
02_BETON
66
1
10
0.0
20
0.0
30
0.0
70
1
0
VERTEX
8
02_BETON
10
84.205500
20
1.865000
30
0.0
0
VERTEX
8
02_BETON
10
87.405500
20
1.865000
30
0.0
0
VERTEX
8
02_BETON
10
87.405500
20
2.215000
30
0.0
0
VERTEX
8
02_BETON
10
84.205500
20
2.215000
30
0.0
0
SEQEND
8
02_BETON
0
LINE
8
04_HACHURES
10
87.366609
20
1.865000
30
0.0
11
87.405500
21
1.903891
31
0.0
0
LINE
8
04_HACHURES
10
87.288827
20
1.865000
30
0.0
11
87.405500
21
1.981673
31
0.0
0
LINE
8
04_HACHURES
10
87.211046
20
1.865000
30
0.0
11
87.405500
21
2.059454
31
0.0
0
LINE
8
04_HACHURES
10
87.133264
20
1.865000
30
0.0
11
87.405500
21
2.137236
31
0.0
0
LINE
8
04_HACHURES
10
87.055482
20
1.865000
30
0.0
11
87.405482
21
2.215000
31
0.0
0
LINE
8
04_HACHURES
10
86.977700
20
1.865000
30
0.0
11
87.327700
21
2.215000
31
0.0
0
LINE
8
04_HACHURES
10
86.899919
20
1.865000
30
0.0
11
87.249919
21
2.215000
31
0.0
0
LINE
8
04_HACHURES
10
86.822137
20
1.865000
30
0.0
11
87.172137
21
2.215000
31
0.0
0
LINE
8
04_HACHURES
10
86.744355
20
1.865000
30
0.0
11
87.094355
21
2.215000
31
0.0
0
LINE
8
04_HACHURES
10
86.666573
20
1.865000
30
0.0
11
87.016573
21
2.215000
31
0.0
0
LINE
8
04_HACHURES
10
86.588792
20
1.865000
30
0.0
11
86.938792
21
2.215000
31
0.0
0
LINE
8
04_HACHURES
10
86.511010
20
1.865000
30
0.0
11
86.861010
21
2.215000
31
0.0
0
LINE
8
04_HACHURES
10
86.433228
20
1.865000
30
0.0
11
86.783228
21
2.215000
31
0.0
0
LINE
8
04_HACHURES
10
86.355446
20
1.865000
30
0.0
11
86.705446
21
2.215000
31
0.0
0
LINE
8
04_HACHURES
10
86.277665
20
1.865000
30
0.0
11
86.627665
21
2.215000
31
0.0
0
LINE
8
04_HACHURES
10
86.199883
20
1.865000
30
0.0
11
86.549883
21
2.215000
31
0.0
0
LINE
8
04_HACHURES
10
86.122101
20
1.865000
30
0.0
11
86.472101
21
2.215000
31
0.0
0
LINE
8
04_HACHURES
10
86.044319
20
1.865000
30
0.0
11
86.394319
21
2.215000
31
0.0
0
LINE
8
04_HACHURES
10
85.966538
20
1.865000
30
0.0
11
86.316538
21
2.215000
31
0.0
0
LINE
8
04_HACHURES
10
85.888756
20
1.865000
30
0.0
11
86.238756
21
2.215000
31
0.0
0
LINE
8
04_HACHURES
10
85.810974
20
1.865000
30
0.0
11
86.160974
21
2.215000
31
0.0
0
LINE
8
04_HACHURES
10
85.733192
20
1.865000
30
0.0
11
86.083192
21
2.215000
31
0.0
0
LINE
8
04_HACHURES
10
85.655411
20
1.865000
30
0.0
11
86.005411
21
2.215000
31
0.0
0
LINE
8
04_HACHURES
10
85.577629
20
1.865000
30
0.0
11
85.927629
21
2.215000
31
0.0
0
LINE
8
04_HACHURES
10
85.499847
20
1.865000
30
0.0
11
85.849847
21
2.215000
31
0.0
0
LINE
8
04_HACHURES
10
85.422065
20
1.865000
30
0.0
11
85.772065
21
2.215000
31
0.0
0
LINE
8
04_HACHURES
10
85.344284
20
1.865000
30
0.0
11
85.694284
21
2.215000
31
0.0
0
LINE
8
04_HACHURES
10
85.266502
20
1.865000
30
0.0
11
85.616502
21
2.215000
31
0.0
0
LINE
8
04_HACHURES
10
85.188720
20
1.865000
30
0.0
11
85.538720
21
2.215000
31
0.0
0
LINE
8
04_HACHURES
10
85.110938
20
1.865000
30
0.0
11
85.460938
21
2.215000
31
0.0
0
LINE
8
04_HACHURES
10
85.033157
20
1.865000
30
0.0
11
85.383157
21
2.215000
31
0.0
0
LINE
8
04_HACHURES
10
84.955375
20
1.865000
30
0.0
11
85.305375
21
2.215000
31
0.0
0
LINE
8
04_HACHURES
10
84.877593
20
1.865000
30
0.0
11
85.227593
21
2.215000
31
0.0
0
LINE
8
04_HACHURES
10
84.799812
20
1.865000
30
0.0
11
85.149812
21
2.215000
31
0.0
0
LINE
8
04_HACHURES
10
84.722030
20
1.865000
30
0.0
11
85.072030
21
2.215000
31
0.0
0
LINE
8
04_HACHURES
10
84.644248
20
1.865000
30
0.0
11
84.994248
21
2.215000
31
0.0
0
LINE
8
04_HACHURES
10
84.566466
20
1.865000
30
0.0
11
84.916466
21
2.215000
31
0.0
0
LINE
8
04_HACHURES
10
84.488685
20
1.865000
30
0.0
11
84.838685
21
2.215000
31
0.0
0
LINE
8
04_HACHURES
10
84.410903
20
1.865000
30
0.0
11
84.760903
21
2.215000
31
0.0
0
LINE
8
04_HACHURES
10
84.333121
20
1.865000
30
0.0
11
84.683121
21
2.215000
31
0.0
0
LINE
8
04_HACHURES
10
84.255339
20
1.865000
30
0.0
11
84.605339
21
2.215000
31
0.0
0
LINE
8
04_HACHURES
10
84.205500
20
1.892942
30
0.0
11
84.527558
21
2.215000
31
0.0
0
LINE
8
04_HACHURES
10
84.205500
20
1.970724
30
0.0
11
84.449776
21
2.215000
31
0.0
0
LINE
8
04_HACHURES
10
84.205500
20
2.048506
30
0.0
11
84.371994
21
2.215000
31
0.0
0
LINE
8
04_HACHURES
10
84.205500
20
2.126288
30
0.0
11
84.294212
21
2.215000
31
0.0
0
LINE
8
04_HACHURES
10
84.205500
20
2.204069
30
0.0
11
84.216431
21
2.215000
31
0.0
0
LINE
8
08_ACIER_LONG
10
84.305500
20
1.915000
30
0.0
11
84.305500
21
5.125000
31
0.0
0
LINE
8
08_ACIER_LONG
10
84.455500
20
1.915000
30
0.0
11
84.455500
21
5.007500
31
0.0
0
LINE
8
08_ACIER_LONG
10
84.605500
20
1.915000
30
0.0
11
84.605500
21
4.890000
31
0.0
0
LINE
8
08_ACIER_LONG
10
84.755500
20
1.915000
30
0.0
11
84.755500
21
4.772500
31
0.0
0
LINE
8
08_ACIER_LONG
10
84.905500
20
1.915000
30
0.0
11
84.905500
21
4.655000
31
0.0
0
LINE
8
08_ACIER_LONG
10
85.055500
20
1.915000
30
0.0
11
85.055500
21
4.537500
31
0.0
0
LINE
8
08_ACIER_LONG
10
85.205500
20
1.915000
30
0.0
11
85.205500
21
4.420000
31
0.0
0
LINE
8
08_ACIER_LONG
10
85.355500
20
1.915000
30
0.0
11
85.355500
21
4.302500
31
0.0
0
LINE
8
08_ACIER_LONG
10
85.505500
20
1.915000
30
0.0
11
85.505500
21
4.185000
31
0.0
0
LINE
8
08_ACIER_LONG
10
85.655500
20
1.915000
30
0.0
11
85.655500
21
4.067500
31
0.0
0
LINE
8
08_ACIER_LONG
10
85.805500
20
1.915000
30
0.0
11
85.805500
21
3.950000
31
0.0
0
LINE
8
08_ACIER_LONG
10
85.955500
20
1.915000
30
0.0
11
85.955500
21
3.832500
31
0.0
0
LINE
8
08_ACIER_LONG
10
86.105500
20
1.915000
30
0.0
11
86.105500
21
3.715000
31
0.0
0
LINE
8
08_ACIER_LONG
10
86.255500
20
1.915000
30
0.0
11
86.255500
21
3.597500
31
0.0
0
LINE
8
08_ACIER_LONG
10
86.405500
20
1.915000
30
0.0
11
86.405500
21
3.480000
31
0.0
0
LINE
8
08_ACIER_LONG
10
86.555500
20
1.915000
30
0.0
11
86.555500
21
3.362500
31
0.0
0
LINE
8
08_ACIER_LONG
10
86.705500
20
1.915000
30
0.0
11
86.705500
21
3.245000
31
0.0
0
LINE
8
08_ACIER_LONG
10
86.855500
20
1.915000
30
0.0
11
86.855500
21
3.127500
31
0.0
0
LINE
8
08_ACIER_LONG
10
87.005500
20
1.915000
30
0.0
11
87.005500
21
3.010000
31
0.0
0
LINE
8
08_ACIER_LONG
10
87.155500
20
1.915000
30
0.0
11
87.155500
21
2.892500
31
0.0
0
LINE
8
08_ACIER_LONG
10
87.305500
20
1.915000
30
0.0
11
87.305500
21
2.775000
31
0.0
0
LINE
8
08_ACIER_LONG
10
84.345500
20
2.415000
30
0.0
11
87.265500
21
2.415000
31
0.0
0
LINE
8
08_ACIER_LONG
10
84.345500
20
2.615000
30
0.0
11
87.265500
21
2.615000
31
0.0
0
LINE
8
08_ACIER_LONG
10
84.345500
20
2.815000
30
0.0
11
87.265500
21
2.815000
31
0.0
0
LINE
8
08_ACIER_LONG
10
84.345500
20
3.015000
30
0.0
11
87.010181
21
3.015000
31
0.0
0
LINE
8
08_ACIER_LONG
10
84.345500
20
3.215000
30
0.0
11
86.754862
21
3.215000
31
0.0
0
LINE
8
08_ACIER_LONG
10
84.345500
20
3.415000
30
0.0
11
86.499543
21
3.415000
31
0.0
0
LINE
8
08_ACIER_LONG
10
84.345500
20
3.615000
30
0.0
11
86.244223
21
3.615000
31
0.0
0
LINE
8
08_ACIER_LONG
10
84.345500
20
3.815000
30
0.0
11
85.988904
21
3.815000
31
0.0
0
LINE
8
08_ACIER_LONG
10
84.345500
20
4.015000
30
0.0
11
85.733585
21
4.015000
31
0.0
0
LINE
8
08_ACIER_LONG
10
84.345500
20
4.215000
30
0.0
11
85.478266
21
4.215000
31
0.0
0
LINE
8
08_ACIER_LONG
10
84.345500
20
4.415000
30
0.0
11
85.222947
21
4.415000
31
0.0
0
LINE
8
08_ACIER_LONG
10
84.345500
20
4.615000
30
0.0
11
84.967628
21
4.615000
31
0.0
0
LINE
8
08_ACIER_LONG
10
84.345500
20
4.815000
30
0.0
11
84.712309
21
4.815000
31
0.0
0
LINE
8
08_ACIER_LONG
10
84.345500
20
5.015000
30
0.0
11
84.456989
21
5.015000
31
0.0
0
LINE
8
10_COTATION
10
84.305500
20
1.840000
30
0.0
11
84.305500
21
1.377500
31
0.0
0
LINE
8
10_COTATION
10
87.305500
20
1.840000
30
0.0
11
87.305500
21
1.377500
31
0.0
0
LINE
8
10_COTATION
10
84.305500
20
1.415000
30
0.0
11
87.305500
21
1.415000
31
0.0
0
LINE
8
10_COTATION
10
84.283403
20
1.392903
30
0.0
11
84.327597
21
1.437097
31
0.0
0
LINE
8
10_COTATION
10
87.283403
20
1.392903
30
0.0
11
87.327597
21
1.437097
31
0.0
0
TEXT
8
10_COTATION
10
85.805500
20
1.435000
30
0.0
40
0.050000
1
3.00
41
0.850000
7
STANDARD
72
1
11
85.805500
21
1.435000
31
0.0
73
1
0
LINE
8
10_COTATION
10
84.280500
20
2.215000
30
0.0
11
83.818000
21
2.215000
31
0.0
0
LINE
8
10_COTATION
10
84.280500
20
5.165000
30
0.0
11
83.818000
21
5.165000
31
0.0
0
LINE
8
10_COTATION
10
83.855500
20
2.215000
30
0.0
11
83.855500
21
5.165000
31
0.0
0
LINE
8
10_COTATION
10
83.833403
20
2.192903
30
0.0
11
83.877597
21
2.237097
31
0.0
0
LINE
8
10_COTATION
10
83.833403
20
5.142903
30
0.0
11
83.877597
21
5.187097
31
0.0
0
TEXT
8
10_COTATION
10
83.835500
20
3.690000
30
0.0
40
0.050000
1
2.95
50
90.000000
41
0.850000
7
STANDARD
72
1
11
83.835500
21
3.690000
31
0.0
73
3
0
LINE
8
10_COTATION
10
87.330500
20
2.215000
30
0.0
11
87.793000
21
2.215000
31
0.0
0
LINE
8
10_COTATION
10
87.330500
20
2.815000
30
0.0
11
87.793000
21
2.815000
31
0.0
0
LINE
8
10_COTATION
10
87.755500
20
2.215000
30
0.0
11
87.755500
21
2.815000
31
0.0
0
LINE
8
10_COTATION
10
87.733403
20
2.192903
30
0.0
11
87.777597
21
2.237097
31
0.0
0
LINE
8
10_COTATION
10
87.733403
20
2.792903
30
0.0
11
87.777597
21
2.837097
31
0.0
0
TEXT
8
10_COTATION
10
87.775500
20
2.515000
30
0.0
40
0.050000
1
0.60
50
90.000000
41
0.850000
7
STANDARD
72
1
11
87.775500
21
2.515000
31
0.0
73
1
0
TEXT
8
11_TEXTE
10
85.805500
20
0.415000
30
0.0
40
0.062500
1
ELEVATION DEVELOPPEE - ARASE SUIVANT TALUS 3/2
41
0.850000
7
STANDARD
72
1
11
85.805500
21
0.415000
31
0.0
73
1
0
TEXT
8
11_TEXTE
10
76.405500
20
0.115000
30
0.0
40
0.125000
1
MUR EN AILE - COUPE TYPE ET ELEVATION
41
0.850000
7
STANDARD
72
0
11
76.405500
21
0.115000
31
0.0
73
1
0
LINE
8
11_TEXTE
10
76.405500
20
0.075000
30
0.0
11
79.273000
21
0.075000
31
0.0
0
TEXT
8
11_TEXTE
10
76.405500
20
0.000000
30
0.0
40
0.062500
1
Ech. 1:25 - 4 murs identiques
41
0.850000
7
STANDARD
72
0
11
76.405500
21
0.000000
31
0.0
73
1
0
POLYLINE
8
02_BETON
66
1
10
0.0
20
0.0
30
0.0
70
0
0
VERTEX
8
02_BETON
10
93.930500
20
1.328000
30
0.0
0
VERTEX
8
02_BETON
10
93.930500
20
0.408000
30
0.0
0
VERTEX
8
02_BETON
10
94.730500
20
0.408000
30
0.0
0
SEQEND
8
02_BETON
0
POLYLINE
8
02_BETON
66
1
10
0.0
20
0.0
30
0.0
70
0
0
VERTEX
8
02_BETON
10
94.180500
20
1.328000
30
0.0
0
VERTEX
8
02_BETON
10
94.180500
20
0.908000
30
0.0
0
VERTEX
8
02_BETON
10
94.380500
20
0.708000
30
0.0
0
VERTEX
8
02_BETON
10
94.730500
20
0.708000
30
0.0
0
SEQEND
8
02_BETON
0
LINE
8
04_HACHURES
10
94.714944
20
0.408000
30
0.0
11
94.730500
21
0.423556
31
0.0
0
LINE
8
04_HACHURES
10
94.683831
20
0.408000
30
0.0
11
94.730500
21
0.454669
31
0.0
0
LINE
8
04_HACHURES
10
94.652718
20
0.408000
30
0.0
11
94.730500
21
0.485782
31
0.0
0
LINE
8
04_HACHURES
10
94.621606
20
0.408000
30
0.0
11
94.730500
21
0.516894
31
0.0
0
LINE
8
04_HACHURES
10
94.590493
20
0.408000
30
0.0
11
94.730500
21
0.548007
31
0.0
0
LINE
8
04_HACHURES
10
94.559380
20
0.408000
30
0.0
11
94.730500
21
0.579120
31
0.0
0
LINE
8
04_HACHURES
10
94.528267
20
0.408000
30
0.0
11
94.730500
21
0.610233
31
0.0
0
LINE
8
04_HACHURES
10
94.497155
20
0.408000
30
0.0
11
94.730500
21
0.641345
31
0.0
0
LINE
8
04_HACHURES
10
94.466042
20
0.408000
30
0.0
11
94.730500
21
0.672458
31
0.0
0
LINE
8
04_HACHURES
10
94.434929
20
0.408000
30
0.0
11
94.730500
21
0.703571
31
0.0
0
LINE
8
04_HACHURES
10
94.403817
20
0.408000
30
0.0
11
94.703817
21
0.708000
31
0.0
0
LINE
8
04_HACHURES
10
94.372704
20
0.408000
30
0.0
11
94.672704
21
0.708000
31
0.0
0
LINE
8
04_HACHURES
10
94.341591
20
0.408000
30
0.0
11
94.641591
21
0.708000
31
0.0
0
LINE
8
04_HACHURES
10
94.310479
20
0.408000
30
0.0
11
94.610479
21
0.708000
31
0.0
0
LINE
8
04_HACHURES
10
94.279366
20
0.408000
30
0.0
11
94.579366
21
0.708000
31
0.0
0
LINE
8
04_HACHURES
10
94.248253
20
0.408000
30
0.0
11
94.548253
21
0.708000
31
0.0
0
LINE
8
04_HACHURES
10
94.217140
20
0.408000
30
0.0
11
94.517140
21
0.708000
31
0.0
0
LINE
8
04_HACHURES
10
94.186028
20
0.408000
30
0.0
11
94.486028
21
0.708000
31
0.0
0
LINE
8
04_HACHURES
10
94.154915
20
0.408000
30
0.0
11
94.454915
21
0.708000
31
0.0
0
LINE
8
04_HACHURES
10
94.123802
20
0.408000
30
0.0
11
94.423802
21
0.708000
31
0.0
0
LINE
8
04_HACHURES
10
94.092690
20
0.408000
30
0.0
11
94.392690
21
0.708000
31
0.0
0
LINE
8
04_HACHURES
10
94.061577
20
0.408000
30
0.0
11
94.371038
21
0.717462
31
0.0
0
LINE
8
04_HACHURES
10
94.030464
20
0.408000
30
0.0
11
94.355482
21
0.733018
31
0.0
0
LINE
8
04_HACHURES
10
93.999352
20
0.408000
30
0.0
11
94.339926
21
0.748574
31
0.0
0
LINE
8
04_HACHURES
10
93.968239
20
0.408000
30
0.0
11
94.324369
21
0.764131
31
0.0
0
LINE
8
04_HACHURES
10
93.937126
20
0.408000
30
0.0
11
94.308813
21
0.779687
31
0.0
0
LINE
8
04_HACHURES
10
93.930500
20
0.432487
30
0.0
11
94.293257
21
0.795243
31
0.0
0
LINE
8
04_HACHURES
10
93.930500
20
0.463599
30
0.0
11
94.277700
21
0.810800
31
0.0
0
LINE
8
04_HACHURES
10
93.930500
20
0.494712
30
0.0
11
94.262144
21
0.826356
31
0.0
0
LINE
8
04_HACHURES
10
93.930500
20
0.525825
30
0.0
11
94.246588
21
0.841912
31
0.0
0
LINE
8
04_HACHURES
10
93.930500
20
0.556937
30
0.0
11
94.231031
21
0.857469
31
0.0
0
LINE
8
04_HACHURES
10
93.930500
20
0.588050
30
0.0
11
94.215475
21
0.873025
31
0.0
0
LINE
8
04_HACHURES
10
93.930500
20
0.619163
30
0.0
11
94.199919
21
0.888581
31
0.0
0
LINE
8
04_HACHURES
10
93.930500
20
0.650275
30
0.0
11
94.184362
21
0.904138
31
0.0
0
LINE
8
04_HACHURES
10
93.930500
20
0.681388
30
0.0
11
94.180500
21
0.931388
31
0.0
0
LINE
8
04_HACHURES
10
93.930500
20
0.712501
30
0.0
11
94.180500
21
0.962501
31
0.0
0
LINE
8
04_HACHURES
10
93.930500
20
0.743613
30
0.0
11
94.180500
21
0.993613
31
0.0
0
LINE
8
04_HACHURES
10
93.930500
20
0.774726
30
0.0
11
94.180500
21
1.024726
31
0.0
0
LINE
8
04_HACHURES
10
93.930500
20
0.805839
30
0.0
11
94.180500
21
1.055839
31
0.0
0
LINE
8
04_HACHURES
10
93.930500
20
0.836952
30
0.0
11
94.180500
21
1.086952
31
0.0
0
LINE
8
04_HACHURES
10
93.930500
20
0.868064
30
0.0
11
94.180500
21
1.118064
31
0.0
0
LINE
8
04_HACHURES
10
93.930500
20
0.899177
30
0.0
11
94.180500
21
1.149177
31
0.0
0
LINE
8
04_HACHURES
10
93.930500
20
0.930290
30
0.0
11
94.180500
21
1.180290
31
0.0
0
LINE
8
04_HACHURES
10
93.930500
20
0.961402
30
0.0
11
94.180500
21
1.211402
31
0.0
0
LINE
8
04_HACHURES
10
93.930500
20
0.992515
30
0.0
11
94.180500
21
1.242515
31
0.0
0
LINE
8
04_HACHURES
10
93.930500
20
1.023628
30
0.0
11
94.180500
21
1.273628
31
0.0
0
LINE
8
04_HACHURES
10
93.930500
20
1.054740
30
0.0
11
94.180500
21
1.304740
31
0.0
0
LINE
8
04_HACHURES
10
93.930500
20
1.085853
30
0.0
11
94.172647
21
1.328000
31
0.0
0
LINE
8
04_HACHURES
10
93.930500
20
1.116966
30
0.0
11
94.141534
21
1.328000
31
0.0
0
LINE
8
04_HACHURES
10
93.930500
20
1.148079
30
0.0
11
94.110421
21
1.328000
31
0.0
0
LINE
8
04_HACHURES
10
93.930500
20
1.179191
30
0.0
11
94.079309
21
1.328000
31
0.0
0
LINE
8
04_HACHURES
10
93.930500
20
1.210304
30
0.0
11
94.048196
21
1.328000
31
0.0
0
LINE
8
04_HACHURES
10
93.930500
20
1.241417
30
0.0
11
94.017083
21
1.328000
31
0.0
0
LINE
8
04_HACHURES
10
93.930500
20
1.272529
30
0.0
11
93.985971
21
1.328000
31
0.0
0
LINE
8
04_HACHURES
10
93.930500
20
1.303642
30
0.0
11
93.954858
21
1.328000
31
0.0
0
LINE
8
03_BETON_CACHE
10
94.730500
20
1.328000
30
0.0
11
94.730500
21
0.408000
31
0.0
0
POLYLINE
8
08_ACIER_LONG
66
1
10
0.0
20
0.0
30
0.0
70
0
0
VERTEX
8
08_ACIER_LONG
10
93.970500
20
1.328000
30
0.0
0
VERTEX
8
08_ACIER_LONG
10
93.970500
20
0.458000
30
0.0
0
VERTEX
8
08_ACIER_LONG
10
94.730500
20
0.458000
30
0.0
0
SEQEND
8
08_ACIER_LONG
0
POLYLINE
8
08_ACIER_LONG
66
1
10
0.0
20
0.0
30
0.0
70
0
0
VERTEX
8
08_ACIER_LONG
10
94.140500
20
1.328000
30
0.0
0
VERTEX
8
08_ACIER_LONG
10
94.140500
20
0.891431
30
0.0
0
VERTEX
8
08_ACIER_LONG
10
94.363931
20
0.668000
30
0.0
0
VERTEX
8
08_ACIER_LONG
10
94.730500
20
0.668000
30
0.0
0
SEQEND
8
08_ACIER_LONG
0
SOLID
8
08_ACIER_LONG
10
94.153716
20
0.765216
30
0.0
11
94.168716
21
0.765216
31
0.0
12
94.153716
22
0.780216
32
0.0
13
94.168716
23
0.780216
33
0.0
0
SOLID
8
08_ACIER_LONG
10
94.237716
20
0.681216
30
0.0
11
94.252716
21
0.681216
31
0.0
12
94.237716
22
0.696216
32
0.0
13
94.252716
23
0.696216
33
0.0
0
LINE
8
10_COTATION
10
94.180500
20
0.718000
30
0.0
11
94.180500
21
1.023000
31
0.0
0
LINE
8
10_COTATION
10
94.380500
20
0.718000
30
0.0
11
94.380500
21
1.023000
31
0.0
0
LINE
8
10_COTATION
10
94.180500
20
1.008000
30
0.0
11
94.380500
21
1.008000
31
0.0
0
LINE
8
10_COTATION
10
94.171661
20
0.999161
30
0.0
11
94.189339
21
1.016839
31
0.0
0
LINE
8
10_COTATION
10
94.371661
20
0.999161
30
0.0
11
94.389339
21
1.016839
31
0.0
0
TEXT
8
10_COTATION
10
94.280500
20
1.016000
30
0.0
40
0.020000
1
0.20
41
0.850000
7
STANDARD
72
1
11
94.280500
21
1.016000
31
0.0
73
1
0
LINE
8
10_COTATION
10
94.170500
20
0.708000
30
0.0
11
93.825500
21
0.708000
31
0.0
0
LINE
8
10_COTATION
10
94.170500
20
0.908000
30
0.0
11
93.825500
21
0.908000
31
0.0
0
LINE
8
10_COTATION
10
93.840500
20
0.708000
30
0.0
11
93.840500
21
0.908000
31
0.0
0
LINE
8
10_COTATION
10
93.831661
20
0.699161
30
0.0
11
93.849339
21
0.716839
31
0.0
0
LINE
8
10_COTATION
10
93.831661
20
0.899161
30
0.0
11
93.849339
21
0.916839
31
0.0
0
TEXT
8
10_COTATION
10
93.848500
20
0.808000
30
0.0
40
0.020000
1
0.20
50
90.000000
41
0.850000
7
STANDARD
72
1
11
93.848500
21
0.808000
31
0.0
73
1
0
LINE
8
10_COTATION
10
93.930500
20
1.258000
30
0.0
11
93.930500
21
1.253000
31
0.0
0
LINE
8
10_COTATION
10
93.970500
20
1.258000
30
0.0
11
93.970500
21
1.253000
31
0.0
0
LINE
8
10_COTATION
10
93.930500
20
1.268000
30
0.0
11
93.970500
21
1.268000
31
0.0
0
LINE
8
10_COTATION
10
93.921661
20
1.259161
30
0.0
11
93.939339
21
1.276839
31
0.0
0
LINE
8
10_COTATION
10
93.961661
20
1.259161
30
0.0
11
93.979339
21
1.276839
31
0.0
0
TEXT
8
10_COTATION
10
93.950500
20
1.276000
30
0.0
40
0.020000
1
4
41
0.850000
7
STANDARD
72
1
11
93.950500
21
1.276000
31
0.0
73
1
0
LINE
8
10_COTATION
10
94.720500
20
0.408000
30
0.0
11
94.615500
21
0.408000
31
0.0
0
LINE
8
10_COTATION
10
94.720500
20
0.458000
30
0.0
11
94.615500
21
0.458000
31
0.0
0
LINE
8
10_COTATION
10
94.630500
20
0.408000
30
0.0
11
94.630500
21
0.458000
31
0.0
0
LINE
8
10_COTATION
10
94.621661
20
0.399161
30
0.0
11
94.639339
21
0.416839
31
0.0
0
LINE
8
10_COTATION
10
94.621661
20
0.449161
30
0.0
11
94.639339
21
0.466839
31
0.0
0
TEXT
8
10_COTATION
10
94.622500
20
0.433000
30
0.0
40
0.020000
1
5
50
90.000000
41
0.850000
7
STANDARD
72
1
11
94.622500
21
0.433000
31
0.0
73
3
0
LINE
8
10_COTATION
10
93.930500
20
0.398000
30
0.0
11
93.930500
21
0.333000
31
0.0
0
LINE
8
10_COTATION
10
94.180500
20
0.398000
30
0.0
11
94.180500
21
0.333000
31
0.0
0
LINE
8
10_COTATION
10
93.930500
20
0.348000
30
0.0
11
94.180500
21
0.348000
31
0.0
0
LINE
8
10_COTATION
10
93.921661
20
0.339161
30
0.0
11
93.939339
21
0.356839
31
0.0
0
LINE
8
10_COTATION
10
94.171661
20
0.339161
30
0.0
11
94.189339
21
0.356839
31
0.0
0
TEXT
8
10_COTATION
10
94.055500
20
0.356000
30
0.0
40
0.020000
1
0.25
41
0.850000
7
STANDARD
72
1
11
94.055500
21
0.356000
31
0.0
73
1
0
LINE
8
10_COTATION
10
93.920500
20
0.408000
30
0.0
11
93.855500
21
0.408000
31
0.0
0
LINE
8
10_COTATION
10
93.920500
20
0.708000
30
0.0
11
93.855500
21
0.708000
31
0.0
0
LINE
8
10_COTATION
10
93.870500
20
0.408000
30
0.0
11
93.870500
21
0.708000
31
0.0
0
LINE
8
10_COTATION
10
93.861661
20
0.399161
30
0.0
11
93.879339
21
0.416839
31
0.0
0
LINE
8
10_COTATION
10
93.861661
20
0.699161
30
0.0
11
93.879339
21
0.716839
31
0.0
0
TEXT
8
10_COTATION
10
93.862500
20
0.558000
30
0.0
40
0.020000
1
0.30
50
90.000000
41
0.850000
7
STANDARD
72
1
11
93.862500
21
0.558000
31
0.0
73
3
0
LINE
8
11_TEXTE
10
94.230500
20
0.808000
30
0.0
11
94.640500
21
1.208000
31
0.0
0
LINE
8
11_TEXTE
10
94.640500
20
1.208000
30
0.0
11
94.680500
21
1.208000
31
0.0
0
SOLID
8
11_TEXTE
10
94.230500
20
0.808000
30
0.0
11
94.251537
21
0.822237
31
0.0
12
94.245252
22
0.828679
32
0.0
13
94.245252
23
0.828679
33
0.0
0
TEXT
8
11_TEXTE
10
94.690500
20
1.208000
30
0.0
40
0.025000
1
5 - 2 HA12 FILANTS
41
0.850000
7
STANDARD
72
0
11
94.690500
21
1.208000
31
0.0
73
2
0
TEXT
8
11_TEXTE
10
94.270500
20
0.188000
30
0.0
40
0.022000
1
GOUSSET 0.20 x 0.20 A 45 deg
41
0.850000
7
STANDARD
72
1
11
94.270500
21
0.188000
31
0.0
73
3
0
TEXT
8
11_TEXTE
10
93.825500
20
0.046000
30
0.0
40
0.050000
1
DETAIL 1 - GOUSSET ET ENROBAGE
41
0.850000
7
STANDARD
72
0
11
93.825500
21
0.046000
31
0.0
73
1
0
LINE
8
11_TEXTE
10
93.825500
20
0.030000
30
0.0
11
94.755500
21
0.030000
31
0.0
0
TEXT
8
11_TEXTE
10
93.825500
20
0.000000
30
0.0
40
0.025000
1
Angle inferieur gauche - Ech. 1:10
41
0.850000
7
STANDARD
72
0
11
93.825500
21
0.000000
31
0.0
73
1
0
POLYLINE
8
16_BETON_FIN
66
1
10
0.0
20
0.0
30
0.0
70
1
0
VERTEX
8
16_BETON_FIN
10
104.149500
20
1.605000
30
0.0
0
VERTEX
8
16_BETON_FIN
10
106.649500
20
1.605000
30
0.0
0
VERTEX
8
16_BETON_FIN
10
106.649500
20
10.605000
30
0.0
0
VERTEX
8
16_BETON_FIN
10
104.149500
20
10.605000
30
0.0
0
SEQEND
8
16_BETON_FIN
0
POLYLINE
8
03_BETON_CACHE
66
1
10
0.0
20
0.0
30
0.0
70
1
0
VERTEX
8
03_BETON_CACHE
10
104.399500
20
1.605000
30
0.0
0
VERTEX
8
03_BETON_CACHE
10
106.399500
20
1.605000
30
0.0
0
VERTEX
8
03_BETON_CACHE
10
106.399500
20
10.605000
30
0.0
0
VERTEX
8
03_BETON_CACHE
10
104.399500
20
10.605000
30
0.0
0
SEQEND
8
03_BETON_CACHE
0
LINE
8
08_ACIER_LONG
10
104.189500
20
1.645000
30
0.0
11
106.609500
21
1.645000
31
0.0
0
LINE
8
08_ACIER_LONG
10
104.189500
20
1.795000
30
0.0
11
106.609500
21
1.795000
31
0.0
0
LINE
8
08_ACIER_LONG
10
104.189500
20
1.945000
30
0.0
11
106.609500
21
1.945000
31
0.0
0
LINE
8
08_ACIER_LONG
10
104.189500
20
2.095000
30
0.0
11
106.609500
21
2.095000
31
0.0
0
LINE
8
08_ACIER_LONG
10
104.189500
20
2.245000
30
0.0
11
106.609500
21
2.245000
31
0.0
0
LINE
8
08_ACIER_LONG
10
104.189500
20
2.395000
30
0.0
11
106.609500
21
2.395000
31
0.0
0
LINE
8
08_ACIER_LONG
10
104.189500
20
2.545000
30
0.0
11
106.609500
21
2.545000
31
0.0
0
LINE
8
08_ACIER_LONG
10
104.189500
20
2.695000
30
0.0
11
106.609500
21
2.695000
31
0.0
0
LINE
8
08_ACIER_LONG
10
104.189500
20
2.845000
30
0.0
11
106.609500
21
2.845000
31
0.0
0
LINE
8
08_ACIER_LONG
10
104.189500
20
2.995000
30
0.0
11
106.609500
21
2.995000
31
0.0
0
LINE
8
08_ACIER_LONG
10
104.189500
20
3.145000
30
0.0
11
106.609500
21
3.145000
31
0.0
0
LINE
8
08_ACIER_LONG
10
104.189500
20
3.295000
30
0.0
11
106.609500
21
3.295000
31
0.0
0
LINE
8
08_ACIER_LONG
10
104.189500
20
3.445000
30
0.0
11
106.609500
21
3.445000
31
0.0
0
LINE
8
08_ACIER_LONG
10
104.189500
20
3.595000
30
0.0
11
106.609500
21
3.595000
31
0.0
0
LINE
8
08_ACIER_LONG
10
104.189500
20
3.745000
30
0.0
11
106.609500
21
3.745000
31
0.0
0
LINE
8
08_ACIER_LONG
10
104.189500
20
3.895000
30
0.0
11
106.609500
21
3.895000
31
0.0
0
LINE
8
08_ACIER_LONG
10
104.189500
20
4.045000
30
0.0
11
106.609500
21
4.045000
31
0.0
0
LINE
8
08_ACIER_LONG
10
104.189500
20
4.195000
30
0.0
11
106.609500
21
4.195000
31
0.0
0
LINE
8
08_ACIER_LONG
10
104.189500
20
4.345000
30
0.0
11
106.609500
21
4.345000
31
0.0
0
LINE
8
08_ACIER_LONG
10
104.189500
20
4.495000
30
0.0
11
106.609500
21
4.495000
31
0.0
0
LINE
8
08_ACIER_LONG
10
104.189500
20
4.645000
30
0.0
11
106.609500
21
4.645000
31
0.0
0
LINE
8
08_ACIER_LONG
10
104.189500
20
4.795000
30
0.0
11
106.609500
21
4.795000
31
0.0
0
LINE
8
08_ACIER_LONG
10
104.189500
20
4.945000
30
0.0
11
106.609500
21
4.945000
31
0.0
0
LINE
8
08_ACIER_LONG
10
104.189500
20
5.095000
30
0.0
11
106.609500
21
5.095000
31
0.0
0
LINE
8
08_ACIER_LONG
10
104.189500
20
5.245000
30
0.0
11
106.609500
21
5.245000
31
0.0
0
LINE
8
08_ACIER_LONG
10
104.189500
20
5.395000
30
0.0
11
106.609500
21
5.395000
31
0.0
0
LINE
8
08_ACIER_LONG
10
104.189500
20
5.545000
30
0.0
11
106.609500
21
5.545000
31
0.0
0
LINE
8
08_ACIER_LONG
10
104.189500
20
5.695000
30
0.0
11
106.609500
21
5.695000
31
0.0
0
LINE
8
08_ACIER_LONG
10
104.189500
20
5.845000
30
0.0
11
106.609500
21
5.845000
31
0.0
0
LINE
8
08_ACIER_LONG
10
104.189500
20
5.995000
30
0.0
11
106.609500
21
5.995000
31
0.0
0
LINE
8
08_ACIER_LONG
10
104.189500
20
6.145000
30
0.0
11
106.609500
21
6.145000
31
0.0
0
LINE
8
08_ACIER_LONG
10
104.189500
20
6.295000
30
0.0
11
106.609500
21
6.295000
31
0.0
0
LINE
8
08_ACIER_LONG
10
104.189500
20
6.445000
30
0.0
11
106.609500
21
6.445000
31
0.0
0
LINE
8
08_ACIER_LONG
10
104.189500
20
6.595000
30
0.0
11
106.609500
21
6.595000
31
0.0
0
LINE
8
08_ACIER_LONG
10
104.189500
20
6.745000
30
0.0
11
106.609500
21
6.745000
31
0.0
0
LINE
8
08_ACIER_LONG
10
104.189500
20
6.895000
30
0.0
11
106.609500
21
6.895000
31
0.0
0
LINE
8
08_ACIER_LONG
10
104.189500
20
7.045000
30
0.0
11
106.609500
21
7.045000
31
0.0
0
LINE
8
08_ACIER_LONG
10
104.189500
20
7.195000
30
0.0
11
106.609500
21
7.195000
31
0.0
0
LINE
8
08_ACIER_LONG
10
104.189500
20
7.345000
30
0.0
11
106.609500
21
7.345000
31
0.0
0
LINE
8
08_ACIER_LONG
10
104.189500
20
7.495000
30
0.0
11
106.609500
21
7.495000
31
0.0
0
LINE
8
08_ACIER_LONG
10
104.189500
20
7.645000
30
0.0
11
106.609500
21
7.645000
31
0.0
0
LINE
8
08_ACIER_LONG
10
104.189500
20
7.795000
30
0.0
11
106.609500
21
7.795000
31
0.0
0
LINE
8
08_ACIER_LONG
10
104.189500
20
7.945000
30
0.0
11
106.609500
21
7.945000
31
0.0
0
LINE
8
08_ACIER_LONG
10
104.189500
20
8.095000
30
0.0
11
106.609500
21
8.095000
31
0.0
0
LINE
8
08_ACIER_LONG
10
104.189500
20
8.245000
30
0.0
11
106.609500
21
8.245000
31
0.0
0
LINE
8
08_ACIER_LONG
10
104.189500
20
8.395000
30
0.0
11
106.609500
21
8.395000
31
0.0
0
LINE
8
08_ACIER_LONG
10
104.189500
20
8.545000
30
0.0
11
106.609500
21
8.545000
31
0.0
0
LINE
8
08_ACIER_LONG
10
104.189500
20
8.695000
30
0.0
11
106.609500
21
8.695000
31
0.0
0
LINE
8
08_ACIER_LONG
10
104.189500
20
8.845000
30
0.0
11
106.609500
21
8.845000
31
0.0
0
LINE
8
08_ACIER_LONG
10
104.189500
20
8.995000
30
0.0
11
106.609500
21
8.995000
31
0.0
0
LINE
8
08_ACIER_LONG
10
104.189500
20
9.145000
30
0.0
11
106.609500
21
9.145000
31
0.0
0
LINE
8
08_ACIER_LONG
10
104.189500
20
9.295000
30
0.0
11
106.609500
21
9.295000
31
0.0
0
LINE
8
08_ACIER_LONG
10
104.189500
20
9.445000
30
0.0
11
106.609500
21
9.445000
31
0.0
0
LINE
8
08_ACIER_LONG
10
104.189500
20
9.595000
30
0.0
11
106.609500
21
9.595000
31
0.0
0
LINE
8
08_ACIER_LONG
10
104.189500
20
9.745000
30
0.0
11
106.609500
21
9.745000
31
0.0
0
LINE
8
08_ACIER_LONG
10
104.189500
20
9.895000
30
0.0
11
106.609500
21
9.895000
31
0.0
0
LINE
8
08_ACIER_LONG
10
104.189500
20
10.045000
30
0.0
11
106.609500
21
10.045000
31
0.0
0
LINE
8
08_ACIER_LONG
10
104.189500
20
10.195000
30
0.0
11
106.609500
21
10.195000
31
0.0
0
LINE
8
08_ACIER_LONG
10
104.189500
20
10.345000
30
0.0
11
106.609500
21
10.345000
31
0.0
0
LINE
8
08_ACIER_LONG
10
104.189500
20
10.495000
30
0.0
11
106.609500
21
10.495000
31
0.0
0
LINE
8
08_ACIER_LONG
10
104.189500
20
1.645000
30
0.0
11
104.189500
21
10.565000
31
0.0
0
LINE
8
08_ACIER_LONG
10
104.389500
20
1.645000
30
0.0
11
104.389500
21
10.565000
31
0.0
0
LINE
8
08_ACIER_LONG
10
104.589500
20
1.645000
30
0.0
11
104.589500
21
10.565000
31
0.0
0
LINE
8
08_ACIER_LONG
10
104.789500
20
1.645000
30
0.0
11
104.789500
21
10.565000
31
0.0
0
LINE
8
08_ACIER_LONG
10
104.989500
20
1.645000
30
0.0
11
104.989500
21
10.565000
31
0.0
0
LINE
8
08_ACIER_LONG
10
105.189500
20
1.645000
30
0.0
11
105.189500
21
10.565000
31
0.0
0
LINE
8
08_ACIER_LONG
10
105.389500
20
1.645000
30
0.0
11
105.389500
21
10.565000
31
0.0
0
LINE
8
08_ACIER_LONG
10
105.589500
20
1.645000
30
0.0
11
105.589500
21
10.565000
31
0.0
0
LINE
8
08_ACIER_LONG
10
105.789500
20
1.645000
30
0.0
11
105.789500
21
10.565000
31
0.0
0
LINE
8
08_ACIER_LONG
10
105.989500
20
1.645000
30
0.0
11
105.989500
21
10.565000
31
0.0
0
LINE
8
08_ACIER_LONG
10
106.189500
20
1.645000
30
0.0
11
106.189500
21
10.565000
31
0.0
0
LINE
8
08_ACIER_LONG
10
106.389500
20
1.645000
30
0.0
11
106.389500
21
10.565000
31
0.0
0
LINE
8
08_ACIER_LONG
10
106.589500
20
1.645000
30
0.0
11
106.589500
21
10.565000
31
0.0
0
LINE
8
10_COTATION
10
104.149500
20
1.555000
30
0.0
11
104.149500
21
0.830000
31
0.0
0
LINE
8
10_COTATION
10
106.649500
20
1.555000
30
0.0
11
106.649500
21
0.830000
31
0.0
0
LINE
8
10_COTATION
10
104.149500
20
0.905000
30
0.0
11
106.649500
21
0.905000
31
0.0
0
LINE
8
10_COTATION
10
104.105306
20
0.860806
30
0.0
11
104.193694
21
0.949194
31
0.0
0
LINE
8
10_COTATION
10
106.605306
20
0.860806
30
0.0
11
106.693694
21
0.949194
31
0.0
0
TEXT
8
10_COTATION
10
105.399500
20
0.945000
30
0.0
40
0.100000
1
2.50
41
0.850000
7
STANDARD
72
1
11
105.399500
21
0.945000
31
0.0
73
1
0
LINE
8
10_COTATION
10
106.699500
20
1.605000
30
0.0
11
107.424500
21
1.605000
31
0.0
0
LINE
8
10_COTATION
10
106.699500
20
10.605000
30
0.0
11
107.424500
21
10.605000
31
0.0
0
LINE
8
10_COTATION
10
107.349500
20
1.605000
30
0.0
11
107.349500
21
10.605000
31
0.0
0
LINE
8
10_COTATION
10
107.305306
20
1.560806
30
0.0
11
107.393694
21
1.649194
31
0.0
0
LINE
8
10_COTATION
10
107.305306
20
10.560806
30
0.0
11
107.393694
21
10.649194
31
0.0
0
TEXT
8
10_COTATION
10
107.309500
20
6.105000
30
0.0
40
0.100000
1
9.00
50
90.000000
41
0.850000
7
STANDARD
72
1
11
107.309500
21
6.105000
31
0.0
73
3
0
LINE
8
11_TEXTE
10
105.999500
20
10.005000
30
0.0
11
108.649500
21
11.005000
31
0.0
0
LINE
8
11_TEXTE
10
108.649500
20
11.005000
30
0.0
11
108.849500
21
11.005000
31
0.0
0
SOLID
8
11_TEXTE
10
105.999500
20
10.005000
30
0.0
11
106.124394
21
10.028081
31
0.0
12
106.108506
22
10.070183
32
0.0
13
106.108506
23
10.070183
33
0.0
0
TEXT
8
11_TEXTE
10
108.899500
20
11.005000
30
0.0
40
0.125000
1
2 - 61 HA12 e=15
41
0.850000
7
STANDARD
72
0
11
108.899500
21
11.005000
31
0.0
73
2
0
LINE
8
11_TEXTE
10
104.799500
20
2.805000
30
0.0
11
102.149500
21
2.005000
31
0.0
0
LINE
8
11_TEXTE
10
102.149500
20
2.005000
30
0.0
11
101.949500
21
2.005000
31
0.0
0
SOLID
8
11_TEXTE
10
104.799500
20
2.805000
30
0.0
11
104.673331
21
2.790414
31
0.0
12
104.686337
22
2.747335
32
0.0
13
104.686337
23
2.747335
33
0.0
0
TEXT
8
11_TEXTE
10
101.899500
20
2.005000
30
0.0
40
0.125000
1
6 - HA8 e=20
41
0.850000
7
STANDARD
72
2
11
101.899500
21
2.005000
31
0.0
73
2
0
TEXT
8
11_TEXTE
10
105.399500
20
6.105000
30
0.0
40
0.110000
1
LIT SUPERIEUR
50
90.000000
41
0.850000
7
STANDARD
72
1
11
105.399500
21
6.105000
31
0.0
73
2
0
TEXT
8
11_TEXTE
10
100.969500
20
0.230000
30
0.0
40
0.250000
1
PLAN DE FERRAILLAGE - TRAVERSE SUPERIEURE
41
0.850000
7
STANDARD
72
0
11
100.969500
21
0.230000
31
0.0
73
1
0
LINE
8
11_TEXTE
10
100.969500
20
0.150000
30
0.0
11
107.324500
21
0.150000
31
0.0
0
TEXT
8
11_TEXTE
10
100.969500
20
0.000000
30
0.0
40
0.125000
1
Lit superieur - Ech. 1:50
41
0.850000
7
STANDARD
72
0
11
100.969500
21
0.000000
31
0.0
73
1
0
ENDSEC
0
EOF
