0
SECTION
2
HEADER
9
$ACADVER
1
AC1009
9
$DWGCODEPAGE
3
ANSI_1252
9
$INSBASE
10
0.0
20
0.0
30
0.0
9
$EXTMIN
10
0.000000
20
0.000000
30
0.0
9
$EXTMAX
10
841.000000
20
594.000000
30
0.0
9
$LIMMIN
10
0.000000
20
0.000000
9
$LIMMAX
10
841.000000
20
594.000000
9
$LTSCALE
40
1.0
9
$TEXTSTYLE
7
STANDARD
9
$CLAYER
8
0
9
$LUNITS
70
2
9
$LUPREC
70
3
0
ENDSEC
0
SECTION
2
TABLES
0
TABLE
2
VPORT
70
1
0
VPORT
2
*ACTIVE
70
0
10
0.0
20
0.0
11
1.0
21
1.0
12
420.500000
22
297.000000
13
0.0
23
0.0
14
0.5
24
0.5
15
0.0
25
0.0
16
0.0
26
0.0
36
1.0
17
0.0
27
0.0
37
0.0
40
653.400000
41
1.5
42
50.0
43
0.0
44
0.0
50
0.0
51
0.0
71
0
72
1000
73
1
74
3
75
0
76
1
77
0
78
0
0
ENDTAB
0
TABLE
2
LTYPE
70
4
0
LTYPE
2
CONTINUOUS
70
0
3
Trait continu
72
65
73
0
40
0.000000
0
LTYPE
2
AXE
70
0
3
Axe ____ _ ____ _ ____
72
65
73
4
40
0.960000
49
0.600000
49
-0.120000
49
0.120000
49
-0.120000
0
LTYPE
2
TIRETS
70
0
3
Tirets __ __ __ __ __
72
65
73
2
40
0.370000
49
0.250000
49
-0.120000
0
LTYPE
2
POINTILLE
70
0
3
Pointille . . . . . .
72
65
73
2
40
0.150000
49
0.000000
49
-0.150000
0
ENDTAB
0
TABLE
2
LAYER
70
18
0
LAYER
2
0
70
0
62
7
6
CONTINUOUS
0
LAYER
2
00_CARTOUCHE
70
0
62
7
6
CONTINUOUS
0
LAYER
2
01_AXES
70
0
62
1
6
AXE
0
LAYER
2
02_BETON
70
0
62
7
6
CONTINUOUS
0
LAYER
2
03_BETON_CACHE
70
0
62
8
6
TIRETS
0
LAYER
2
04_HACHURES
70
0
62
9
6
CONTINUOUS
0
LAYER
2
05_TERRAIN
70
0
62
3
6
CONTINUOUS
0
LAYER
2
06_REMBLAI
70
0
62
42
6
CONTINUOUS
0
LAYER
2
07_CHAUSSEE
70
0
62
8
6
CONTINUOUS
0
LAYER
2
08_ACIER_LONG
70
0
62
1
6
CONTINUOUS
0
LAYER
2
09_ACIER_COUPE
70
0
62
2
6
CONTINUOUS
0
LAYER
2
10_COTATION
70
0
62
4
6
CONTINUOUS
0
LAYER
2
11_TEXTE
70
0
62
7
6
CONTINUOUS
0
LAYER
2
12_TABLEAU
70
0
62
7
6
CONTINUOUS
0
LAYER
2
13_EAU
70
0
62
5
6
CONTINUOUS
0
LAYER
2
14_ENROCHEMENT
70
0
62
8
6
CONTINUOUS
0
LAYER
2
15_VU_ARRIERE
70
0
62
8
6
CONTINUOUS
0
LAYER
2
16_BETON_FIN
70
0
62
8
6
CONTINUOUS
0
ENDTAB
0
TABLE
2
STYLE
70
1
0
STYLE
2
STANDARD
70
0
40
0.0
41
0.85
50
0.0
71
0
42
2.5
3
txt
4

0
ENDTAB
0
ENDSEC
0
SECTION
2
BLOCKS
0
ENDSEC
0
SECTION
2
ENTITIES
0
POLYLINE
8
00_CARTOUCHE
66
1
10
0.0
20
0.0
30
0.0
70
1
0
VERTEX
8
00_CARTOUCHE
10
0.000000
20
0.000000
30
0.0
0
VERTEX
8
00_CARTOUCHE
10
841.000000
20
0.000000
30
0.0
0
VERTEX
8
00_CARTOUCHE
10
841.000000
20
594.000000
30
0.0
0
VERTEX
8
00_CARTOUCHE
10
0.000000
20
594.000000
30
0.0
0
SEQEND
8
00_CARTOUCHE
0
POLYLINE
8
00_CARTOUCHE
66
1
10
0.0
20
0.0
30
0.0
70
1
0
VERTEX
8
00_CARTOUCHE
10
20.000000
20
10.000000
30
0.0
0
VERTEX
8
00_CARTOUCHE
10
831.000000
20
10.000000
30
0.0
0
VERTEX
8
00_CARTOUCHE
10
831.000000
20
584.000000
30
0.0
0
VERTEX
8
00_CARTOUCHE
10
20.000000
20
584.000000
30
0.0
0
SEQEND
8
00_CARTOUCHE
0
POLYLINE
8
00_CARTOUCHE
66
1
10
0.0
20
0.0
30
0.0
70
1
0
VERTEX
8
00_CARTOUCHE
10
21.500000
20
11.500000
30
0.0
0
VERTEX
8
00_CARTOUCHE
10
829.500000
20
11.500000
30
0.0
0
VERTEX
8
00_CARTOUCHE
10
829.500000
20
582.500000
30
0.0
0
VERTEX
8
00_CARTOUCHE
10
21.500000
20
582.500000
30
0.0
0
SEQEND
8
00_CARTOUCHE
0
LINE
8
00_CARTOUCHE
10
420.500000
20
0.000000
30
0.0
11
420.500000
21
5.000000
31
0.0
0
LINE
8
00_CARTOUCHE
10
420.500000
20
594.000000
30
0.0
11
420.500000
21
589.000000
31
0.0
0
LINE
8
00_CARTOUCHE
10
0.000000
20
297.000000
30
0.0
11
5.000000
21
297.000000
31
0.0
0
LINE
8
00_CARTOUCHE
10
841.000000
20
297.000000
30
0.0
11
836.000000
21
297.000000
31
0.0
0
TEXT
8
11_TEXTE
10
26.000000
20
95.000000
30
0.0
40
5.000000
1
VUE EN PLAN
41
0.850000
7
STANDARD
72
0
11
26.000000
21
95.000000
31
0.0
73
1
0
LINE
8
11_TEXTE
10
26.000000
20
93.000000
30
0.0
11
66.100000
21
93.000000
31
0.0
0
TEXT
8
11_TEXTE
10
26.000000
20
88.800000
30
0.0
40
2.600000
1
Traverse superieure arrachee - Ech. 1:50
41
0.850000
7
STANDARD
72
0
11
26.000000
21
88.800000
31
0.0
73
1
0
TEXT
8
11_TEXTE
10
370.000000
20
395.000000
30
0.0
40
5.000000
1
COUPE A-A
41
0.850000
7
STANDARD
72
0
11
370.000000
21
395.000000
31
0.0
73
1
0
LINE
8
11_TEXTE
10
370.000000
20
393.000000
30
0.0
11
403.900000
21
393.000000
31
0.0
0
TEXT
8
11_TEXTE
10
370.000000
20
388.800000
30
0.0
40
2.600000
1
Coupe longitudinale suivant l'axe hydraulique - Ech. 1:50
41
0.850000
7
STANDARD
72
0
11
370.000000
21
388.800000
31
0.0
73
1
0
TEXT
8
11_TEXTE
10
370.000000
20
177.000000
30
0.0
40
5.000000
1
COUPE B-B
41
0.850000
7
STANDARD
72
0
11
370.000000
21
177.000000
31
0.0
73
1
0
LINE
8
11_TEXTE
10
370.000000
20
175.000000
30
0.0
11
403.900000
21
175.000000
31
0.0
0
TEXT
8
11_TEXTE
10
370.000000
20
170.800000
30
0.0
40
2.600000
1
Coupe transversale sur le cadre - Ech. 1:25
41
0.850000
7
STANDARD
72
0
11
370.000000
21
170.800000
31
0.0
73
1
0
POLYLINE
8
12_TABLEAU
66
1
10
0.0
20
0.0
30
0.0
70
1
0
VERTEX
8
12_TABLEAU
10
370.000000
20
154.000000
30
0.0
0
VERTEX
8
12_TABLEAU
10
515.000000
20
154.000000
30
0.0
0
VERTEX
8
12_TABLEAU
10
515.000000
20
162.000000
30
0.0
0
VERTEX
8
12_TABLEAU
10
370.000000
20
162.000000
30
0.0
0
SEQEND
8
12_TABLEAU
0
TEXT
8
12_TABLEAU
10
372.000000
20
158.000000
30
0.0
40
3.200000
1
QUANTITES ESTIMATIVES
41
0.850000
7
STANDARD
72
0
11
372.000000
21
158.000000
31
0.0
73
2
0
POLYLINE
8
12_TABLEAU
66
1
10
0.0
20
0.0
30
0.0
70
1
0
VERTEX
8
12_TABLEAU
10
370.000000
20
147.800000
30
0.0
0
VERTEX
8
12_TABLEAU
10
515.000000
20
147.800000
30
0.0
0
VERTEX
8
12_TABLEAU
10
515.000000
20
154.000000
30
0.0
0
VERTEX
8
12_TABLEAU
10
370.000000
20
154.000000
30
0.0
0
SEQEND
8
12_TABLEAU
0
TEXT
8
12_TABLEAU
10
422.500000
20
150.900000
30
0.0
40
2.200000
1
DESIGNATION
41
0.850000
7
STANDARD
72
1
11
422.500000
21
150.900000
31
0.0
73
2
0
LINE
8
12_TABLEAU
10
475.000000
20
147.800000
30
0.0
11
475.000000
21
154.000000
31
0.0
0
TEXT
8
12_TABLEAU
10
482.500000
20
150.900000
30
0.0
40
2.200000
1
U
41
0.850000
7
STANDARD
72
1
11
482.500000
21
150.900000
31
0.0
73
2
0
LINE
8
12_TABLEAU
10
490.000000
20
147.800000
30
0.0
11
490.000000
21
154.000000
31
0.0
0
TEXT
8
12_TABLEAU
10
502.500000
20
150.900000
30
0.0
40
2.200000
1
QUANTITE
41
0.850000
7
STANDARD
72
1
11
502.500000
21
150.900000
31
0.0
73
2
0
POLYLINE
8
12_TABLEAU
66
1
10
0.0
20
0.0
30
0.0
70
1
0
VERTEX
8
12_TABLEAU
10
370.000000
20
141.600000
30
0.0
0
VERTEX
8
12_TABLEAU
10
515.000000
20
141.600000
30
0.0
0
VERTEX
8
12_TABLEAU
10
515.000000
20
147.800000
30
0.0
0
VERTEX
8
12_TABLEAU
10
370.000000
20
147.800000
30
0.0
0
SEQEND
8
12_TABLEAU
0
TEXT
8
12_TABLEAU
10
371.800000
20
144.700000
30
0.0
40
2.200000
1
Deblais en terrain ordinaire (fouilles)
41
0.850000
7
STANDARD
72
0
11
371.800000
21
144.700000
31
0.0
73
2
0
LINE
8
12_TABLEAU
10
475.000000
20
141.600000
30
0.0
11
475.000000
21
147.800000
31
0.0
0
TEXT
8
12_TABLEAU
10
482.500000
20
144.700000
30
0.0
40
2.200000
1
m3
41
0.850000
7
STANDARD
72
1
11
482.500000
21
144.700000
31
0.0
73
2
0
LINE
8
12_TABLEAU
10
490.000000
20
141.600000
30
0.0
11
490.000000
21
147.800000
31
0.0
0
TEXT
8
12_TABLEAU
10
513.200000
20
144.700000
30
0.0
40
2.200000
1
86.16
41
0.850000
7
STANDARD
72
2
11
513.200000
21
144.700000
31
0.0
73
2
0
POLYLINE
8
12_TABLEAU
66
1
10
0.0
20
0.0
30
0.0
70
1
0
VERTEX
8
12_TABLEAU
10
370.000000
20
135.400000
30
0.0
0
VERTEX
8
12_TABLEAU
10
515.000000
20
135.400000
30
0.0
0
VERTEX
8
12_TABLEAU
10
515.000000
20
141.600000
30
0.0
0
VERTEX
8
12_TABLEAU
10
370.000000
20
141.600000
30
0.0
0
SEQEND
8
12_TABLEAU
0
TEXT
8
12_TABLEAU
10
371.800000
20
138.500000
30
0.0
40
2.200000
1
Beton de proprete dose a 150 kg/m3
41
0.850000
7
STANDARD
72
0
11
371.800000
21
138.500000
31
0.0
73
2
0
LINE
8
12_TABLEAU
10
475.000000
20
135.400000
30
0.0
11
475.000000
21
141.600000
31
0.0
0
TEXT
8
12_TABLEAU
10
482.500000
20
138.500000
30
0.0
40
2.200000
1
m3
41
0.850000
7
STANDARD
72
1
11
482.500000
21
138.500000
31
0.0
73
2
0
LINE
8
12_TABLEAU
10
490.000000
20
135.400000
30
0.0
11
490.000000
21
141.600000
31
0.0
0
TEXT
8
12_TABLEAU
10
513.200000
20
138.500000
30
0.0
40
2.200000
1
2.43
41
0.850000
7
STANDARD
72
2
11
513.200000
21
138.500000
31
0.0
73
2
0
POLYLINE
8
12_TABLEAU
66
1
10
0.0
20
0.0
30
0.0
70
1
0
VERTEX
8
12_TABLEAU
10
370.000000
20
129.200000
30
0.0
0
VERTEX
8
12_TABLEAU
10
515.000000
20
129.200000
30
0.0
0
VERTEX
8
12_TABLEAU
10
515.000000
20
135.400000
30
0.0
0
VERTEX
8
12_TABLEAU
10
370.000000
20
135.400000
30
0.0
0
SEQEND
8
12_TABLEAU
0
TEXT
8
12_TABLEAU
10
371.800000
20
132.300000
30
0.0
40
2.200000
1
Beton arme C25/30 - cadre
41
0.850000
7
STANDARD
72
0
11
371.800000
21
132.300000
31
0.0
73
2
0
LINE
8
12_TABLEAU
10
475.000000
20
129.200000
30
0.0
11
475.000000
21
135.400000
31
0.0
0
TEXT
8
12_TABLEAU
10
482.500000
20
132.300000
30
0.0
40
2.200000
1
m3
41
0.850000
7
STANDARD
72
1
11
482.500000
21
132.300000
31
0.0
73
2
0
LINE
8
12_TABLEAU
10
490.000000
20
129.200000
30
0.0
11
490.000000
21
135.400000
31
0.0
0
TEXT
8
12_TABLEAU
10
513.200000
20
132.300000
30
0.0
40
2.200000
1
19.84
41
0.850000
7
STANDARD
72
2
11
513.200000
21
132.300000
31
0.0
73
2
0
POLYLINE
8
12_TABLEAU
66
1
10
0.0
20
0.0
30
0.0
70
1
0
VERTEX
8
12_TABLEAU
10
370.000000
20
123.000000
30
0.0
0
VERTEX
8
12_TABLEAU
10
515.000000
20
123.000000
30
0.0
0
VERTEX
8
12_TABLEAU
10
515.000000
20
129.200000
30
0.0
0
VERTEX
8
12_TABLEAU
10
370.000000
20
129.200000
30
0.0
0
SEQEND
8
12_TABLEAU
0
TEXT
8
12_TABLEAU
10
371.800000
20
126.100000
30
0.0
40
2.200000
1
Beton arme C25/30 - murs de tete
41
0.850000
7
STANDARD
72
0
11
371.800000
21
126.100000
31
0.0
73
2
0
LINE
8
12_TABLEAU
10
475.000000
20
123.000000
30
0.0
11
475.000000
21
129.200000
31
0.0
0
TEXT
8
12_TABLEAU
10
482.500000
20
126.100000
30
0.0
40
2.200000
1
m3
41
0.850000
7
STANDARD
72
1
11
482.500000
21
126.100000
31
0.0
73
2
0
LINE
8
12_TABLEAU
10
490.000000
20
123.000000
30
0.0
11
490.000000
21
129.200000
31
0.0
0
TEXT
8
12_TABLEAU
10
513.200000
20
126.100000
30
0.0
40
2.200000
1
0.81
41
0.850000
7
STANDARD
72
2
11
513.200000
21
126.100000
31
0.0
73
2
0
POLYLINE
8
12_TABLEAU
66
1
10
0.0
20
0.0
30
0.0
70
1
0
VERTEX
8
12_TABLEAU
10
370.000000
20
116.800000
30
0.0
0
VERTEX
8
12_TABLEAU
10
515.000000
20
116.800000
30
0.0
0
VERTEX
8
12_TABLEAU
10
515.000000
20
123.000000
30
0.0
0
VERTEX
8
12_TABLEAU
10
370.000000
20
123.000000
30
0.0
0
SEQEND
8
12_TABLEAU
0
TEXT
8
12_TABLEAU
10
371.800000
20
119.900000
30
0.0
40
2.200000
1
Beton arme C25/30 - murs en aile et semelles
41
0.850000
7
STANDARD
72
0
11
371.800000
21
119.900000
31
0.0
73
2
0
LINE
8
12_TABLEAU
10
475.000000
20
116.800000
30
0.0
11
475.000000
21
123.000000
31
0.0
0
TEXT
8
12_TABLEAU
10
482.500000
20
119.900000
30
0.0
40
2.200000
1
m3
41
0.850000
7
STANDARD
72
1
11
482.500000
21
119.900000
31
0.0
73
2
0
LINE
8
12_TABLEAU
10
490.000000
20
116.800000
30
0.0
11
490.000000
21
123.000000
31
0.0
0
TEXT
8
12_TABLEAU
10
513.200000
20
119.900000
30
0.0
40
2.200000
1
15.32
41
0.850000
7
STANDARD
72
2
11
513.200000
21
119.900000
31
0.0
73
2
0
POLYLINE
8
12_TABLEAU
66
1
10
0.0
20
0.0
30
0.0
70
1
0
VERTEX
8
12_TABLEAU
10
370.000000
20
110.600000
30
0.0
0
VERTEX
8
12_TABLEAU
10
515.000000
20
110.600000
30
0.0
0
VERTEX
8
12_TABLEAU
10
515.000000
20
116.800000
30
0.0
0
VERTEX
8
12_TABLEAU
10
370.000000
20
116.800000
30
0.0
0
SEQEND
8
12_TABLEAU
0
TEXT
8
12_TABLEAU
10
371.800000
20
113.700000
30
0.0
40
2.200000
1
Beton arme C25/30 - beches amont / aval
41
0.850000
7
STANDARD
72
0
11
371.800000
21
113.700000
31
0.0
73
2
0
LINE
8
12_TABLEAU
10
475.000000
20
110.600000
30
0.0
11
475.000000
21
116.800000
31
0.0
0
TEXT
8
12_TABLEAU
10
482.500000
20
113.700000
30
0.0
40
2.200000
1
m3
41
0.850000
7
STANDARD
72
1
11
482.500000
21
113.700000
31
0.0
73
2
0
LINE
8
12_TABLEAU
10
490.000000
20
110.600000
30
0.0
11
490.000000
21
116.800000
31
0.0
0
TEXT
8
12_TABLEAU
10
513.200000
20
113.700000
30
0.0
40
2.200000
1
0.97
41
0.850000
7
STANDARD
72
2
11
513.200000
21
113.700000
31
0.0
73
2
0
POLYLINE
8
12_TABLEAU
66
1
10
0.0
20
0.0
30
0.0
70
1
0
VERTEX
8
12_TABLEAU
10
370.000000
20
104.400000
30
0.0
0
VERTEX
8
12_TABLEAU
10
515.000000
20
104.400000
30
0.0
0
VERTEX
8
12_TABLEAU
10
515.000000
20
110.600000
30
0.0
0
VERTEX
8
12_TABLEAU
10
370.000000
20
110.600000
30
0.0
0
SEQEND
8
12_TABLEAU
0
TEXT
8
12_TABLEAU
10
371.800000
20
107.500000
30
0.0
40
2.420000
1
TOTAL beton arme
41
0.850000
7
STANDARD
72
0
11
371.800000
21
107.500000
31
0.0
73
2
0
LINE
8
12_TABLEAU
10
475.000000
20
104.400000
30
0.0
11
475.000000
21
110.600000
31
0.0
0
TEXT
8
12_TABLEAU
10
482.500000
20
107.500000
30
0.0
40
2.420000
1
m3
41
0.850000
7
STANDARD
72
1
11
482.500000
21
107.500000
31
0.0
73
2
0
LINE
8
12_TABLEAU
10
490.000000
20
104.400000
30
0.0
11
490.000000
21
110.600000
31
0.0
0
TEXT
8
12_TABLEAU
10
513.200000
20
107.500000
30
0.0
40
2.420000
1
36.95
41
0.850000
7
STANDARD
72
2
11
513.200000
21
107.500000
31
0.0
73
2
0
POLYLINE
8
12_TABLEAU
66
1
10
0.0
20
0.0
30
0.0
70
1
0
VERTEX
8
12_TABLEAU
10
370.000000
20
98.200000
30
0.0
0
VERTEX
8
12_TABLEAU
10
515.000000
20
98.200000
30
0.0
0
VERTEX
8
12_TABLEAU
10
515.000000
20
104.400000
30
0.0
0
VERTEX
8
12_TABLEAU
10
370.000000
20
104.400000
30
0.0
0
SEQEND
8
12_TABLEAU
0
TEXT
8
12_TABLEAU
10
371.800000
20
101.300000
30
0.0
40
2.200000
1
Coffrage ordinaire et soigne
41
0.850000
7
STANDARD
72
0
11
371.800000
21
101.300000
31
0.0
73
2
0
LINE
8
12_TABLEAU
10
475.000000
20
98.200000
30
0.0
11
475.000000
21
104.400000
31
0.0
0
TEXT
8
12_TABLEAU
10
482.500000
20
101.300000
30
0.0
40
2.200000
1
m2
41
0.850000
7
STANDARD
72
1
11
482.500000
21
101.300000
31
0.0
73
2
0
LINE
8
12_TABLEAU
10
490.000000
20
98.200000
30
0.0
11
490.000000
21
104.400000
31
0.0
0
TEXT
8
12_TABLEAU
10
513.200000
20
101.300000
30
0.0
40
2.200000
1
160.78
41
0.850000
7
STANDARD
72
2
11
513.200000
21
101.300000
31
0.0
73
2
0
POLYLINE
8
12_TABLEAU
66
1
10
0.0
20
0.0
30
0.0
70
1
0
VERTEX
8
12_TABLEAU
10
370.000000
20
92.000000
30
0.0
0
VERTEX
8
12_TABLEAU
10
515.000000
20
92.000000
30
0.0
0
VERTEX
8
12_TABLEAU
10
515.000000
20
98.200000
30
0.0
0
VERTEX
8
12_TABLEAU
10
370.000000
20
98.200000
30
0.0
0
SEQEND
8
12_TABLEAU
0
TEXT
8
12_TABLEAU
10
371.800000
20
95.100000
30
0.0
40
2.200000
1
Aciers HA FeE500 (HA)
41
0.850000
7
STANDARD
72
0
11
371.800000
21
95.100000
31
0.0
73
2
0
LINE
8
12_TABLEAU
10
475.000000
20
92.000000
30
0.0
11
475.000000
21
98.200000
31
0.0
0
TEXT
8
12_TABLEAU
10
482.500000
20
95.100000
30
0.0
40
2.200000
1
kg
41
0.850000
7
STANDARD
72
1
11
482.500000
21
95.100000
31
0.0
73
2
0
LINE
8
12_TABLEAU
10
490.000000
20
92.000000
30
0.0
11
490.000000
21
98.200000
31
0.0
0
TEXT
8
12_TABLEAU
10
513.200000
20
95.100000
30
0.0
40
2.200000
1
2455.70
41
0.850000
7
STANDARD
72
2
11
513.200000
21
95.100000
31
0.0
73
2
0
POLYLINE
8
12_TABLEAU
66
1
10
0.0
20
0.0
30
0.0
70
1
0
VERTEX
8
12_TABLEAU
10
370.000000
20
85.800000
30
0.0
0
VERTEX
8
12_TABLEAU
10
515.000000
20
85.800000
30
0.0
0
VERTEX
8
12_TABLEAU
10
515.000000
20
92.000000
30
0.0
0
VERTEX
8
12_TABLEAU
10
370.000000
20
92.000000
30
0.0
0
SEQEND
8
12_TABLEAU
0
TEXT
8
12_TABLEAU
10
371.800000
20
88.900000
30
0.0
40
2.200000
1
Remblai contigu compacte a 95 % OPM
41
0.850000
7
STANDARD
72
0
11
371.800000
21
88.900000
31
0.0
73
2
0
LINE
8
12_TABLEAU
10
475.000000
20
85.800000
30
0.0
11
475.000000
21
92.000000
31
0.0
0
TEXT
8
12_TABLEAU
10
482.500000
20
88.900000
30
0.0
40
2.200000
1
m3
41
0.850000
7
STANDARD
72
1
11
482.500000
21
88.900000
31
0.0
73
2
0
LINE
8
12_TABLEAU
10
490.000000
20
85.800000
30
0.0
11
490.000000
21
92.000000
31
0.0
0
TEXT
8
12_TABLEAU
10
513.200000
20
88.900000
30
0.0
40
2.200000
1
38.33
41
0.850000
7
STANDARD
72
2
11
513.200000
21
88.900000
31
0.0
73
2
0
POLYLINE
8
12_TABLEAU
66
1
10
0.0
20
0.0
30
0.0
70
1
0
VERTEX
8
12_TABLEAU
10
370.000000
20
79.600000
30
0.0
0
VERTEX
8
12_TABLEAU
10
515.000000
20
79.600000
30
0.0
0
VERTEX
8
12_TABLEAU
10
515.000000
20
85.800000
30
0.0
0
VERTEX
8
12_TABLEAU
10
370.000000
20
85.800000
30
0.0
0
SEQEND
8
12_TABLEAU
0
TEXT
8
12_TABLEAU
10
371.800000
20
82.700000
30
0.0
40
2.200000
1
Perre / enrochement de protection
41
0.850000
7
STANDARD
72
0
11
371.800000
21
82.700000
31
0.0
73
2
0
LINE
8
12_TABLEAU
10
475.000000
20
79.600000
30
0.0
11
475.000000
21
85.800000
31
0.0
0
TEXT
8
12_TABLEAU
10
482.500000
20
82.700000
30
0.0
40
2.200000
1
m3
41
0.850000
7
STANDARD
72
1
11
482.500000
21
82.700000
31
0.0
73
2
0
LINE
8
12_TABLEAU
10
490.000000
20
79.600000
30
0.0
11
490.000000
21
85.800000
31
0.0
0
TEXT
8
12_TABLEAU
10
513.200000
20
82.700000
30
0.0
40
2.200000
1
6.60
41
0.850000
7
STANDARD
72
2
11
513.200000
21
82.700000
31
0.0
73
2
0
POLYLINE
8
12_TABLEAU
66
1
10
0.0
20
0.0
30
0.0
70
1
0
VERTEX
8
12_TABLEAU
10
525.000000
20
154.000000
30
0.0
0
VERTEX
8
12_TABLEAU
10
670.000000
20
154.000000
30
0.0
0
VERTEX
8
12_TABLEAU
10
670.000000
20
162.000000
30
0.0
0
VERTEX
8
12_TABLEAU
10
525.000000
20
162.000000
30
0.0
0
SEQEND
8
12_TABLEAU
0
TEXT
8
12_TABLEAU
10
527.000000
20
158.000000
30
0.0
40
3.200000
1
HYPOTHESES DE DIMENSIONNEMENT
41
0.850000
7
STANDARD
72
0
11
527.000000
21
158.000000
31
0.0
73
2
0
POLYLINE
8
12_TABLEAU
66
1
10
0.0
20
0.0
30
0.0
70
1
0
VERTEX
8
12_TABLEAU
10
525.000000
20
148.600000
30
0.0
0
VERTEX
8
12_TABLEAU
10
670.000000
20
148.600000
30
0.0
0
VERTEX
8
12_TABLEAU
10
670.000000
20
154.000000
30
0.0
0
VERTEX
8
12_TABLEAU
10
525.000000
20
154.000000
30
0.0
0
SEQEND
8
12_TABLEAU
0
TEXT
8
12_TABLEAU
10
550.000000
20
151.300000
30
0.0
40
2.000000
1

41
0.850000
7
STANDARD
72
1
11
550.000000
21
151.300000
31
0.0
73
2
0
LINE
8
12_TABLEAU
10
575.000000
20
148.600000
30
0.0
11
575.000000
21
154.000000
31
0.0
0
TEXT
8
12_TABLEAU
10
622.500000
20
151.300000
30
0.0
40
2.000000
1

41
0.850000
7
STANDARD
72
1
11
622.500000
21
151.300000
31
0.0
73
2
0
POLYLINE
8
12_TABLEAU
66
1
10
0.0
20
0.0
30
0.0
70
1
0
VERTEX
8
12_TABLEAU
10
525.000000
20
143.200000
30
0.0
0
VERTEX
8
12_TABLEAU
10
670.000000
20
143.200000
30
0.0
0
VERTEX
8
12_TABLEAU
10
670.000000
20
148.600000
30
0.0
0
VERTEX
8
12_TABLEAU
10
525.000000
20
148.600000
30
0.0
0
SEQEND
8
12_TABLEAU
0
TEXT
8
12_TABLEAU
10
526.800000
20
145.900000
30
0.0
40
2.000000
1
Beton / acier
41
0.850000
7
STANDARD
72
0
11
526.800000
21
145.900000
31
0.0
73
2
0
LINE
8
12_TABLEAU
10
575.000000
20
143.200000
30
0.0
11
575.000000
21
148.600000
31
0.0
0
TEXT
8
12_TABLEAU
10
576.800000
20
145.900000
30
0.0
40
2.000000
1
C25/30  -  FeE500 (HA)
41
0.850000
7
STANDARD
72
0
11
576.800000
21
145.900000
31
0.0
73
2
0
POLYLINE
8
12_TABLEAU
66
1
10
0.0
20
0.0
30
0.0
70
1
0
VERTEX
8
12_TABLEAU
10
525.000000
20
137.800000
30
0.0
0
VERTEX
8
12_TABLEAU
10
670.000000
20
137.800000
30
0.0
0
VERTEX
8
12_TABLEAU
10
670.000000
20
143.200000
30
0.0
0
VERTEX
8
12_TABLEAU
10
525.000000
20
143.200000
30
0.0
0
SEQEND
8
12_TABLEAU
0
TEXT
8
12_TABLEAU
10
526.800000
20
140.500000
30
0.0
40
2.000000
1
Reglement
41
0.850000
7
STANDARD
72
0
11
526.800000
21
140.500000
31
0.0
73
2
0
LINE
8
12_TABLEAU
10
575.000000
20
137.800000
30
0.0
11
575.000000
21
143.200000
31
0.0
0
TEXT
8
12_TABLEAU
10
576.800000
20
140.500000
30
0.0
40
2.000000
1
BAEL 91 rev. 99 - charges Fasc. 61 titre II (Bc / Bt)
41
0.850000
7
STANDARD
72
0
11
576.800000
21
140.500000
31
0.0
73
2
0
POLYLINE
8
12_TABLEAU
66
1
10
0.0
20
0.0
30
0.0
70
1
0
VERTEX
8
12_TABLEAU
10
525.000000
20
132.400000
30
0.0
0
VERTEX
8
12_TABLEAU
10
670.000000
20
132.400000
30
0.0
0
VERTEX
8
12_TABLEAU
10
670.000000
20
137.800000
30
0.0
0
VERTEX
8
12_TABLEAU
10
525.000000
20
137.800000
30
0.0
0
SEQEND
8
12_TABLEAU
0
TEXT
8
12_TABLEAU
10
526.800000
20
135.100000
30
0.0
40
2.000000
1
Couverture de remblai
41
0.850000
7
STANDARD
72
0
11
526.800000
21
135.100000
31
0.0
73
2
0
LINE
8
12_TABLEAU
10
575.000000
20
132.400000
30
0.0
11
575.000000
21
137.800000
31
0.0
0
TEXT
8
12_TABLEAU
10
576.800000
20
135.100000
30
0.0
40
2.000000
1
0.60 m mini sur l'extrados
41
0.850000
7
STANDARD
72
0
11
576.800000
21
135.100000
31
0.0
73
2
0
POLYLINE
8
12_TABLEAU
66
1
10
0.0
20
0.0
30
0.0
70
1
0
VERTEX
8
12_TABLEAU
10
525.000000
20
127.000000
30
0.0
0
VERTEX
8
12_TABLEAU
10
670.000000
20
127.000000
30
0.0
0
VERTEX
8
12_TABLEAU
10
670.000000
20
132.400000
30
0.0
0
VERTEX
8
12_TABLEAU
10
525.000000
20
132.400000
30
0.0
0
SEQEND
8
12_TABLEAU
0
TEXT
8
12_TABLEAU
10
526.800000
20
129.700000
30
0.0
40
2.000000
1
Poids volumique remblai
41
0.850000
7
STANDARD
72
0
11
526.800000
21
129.700000
31
0.0
73
2
0
LINE
8
12_TABLEAU
10
575.000000
20
127.000000
30
0.0
11
575.000000
21
132.400000
31
0.0
0
TEXT
8
12_TABLEAU
10
576.800000
20
129.700000
30
0.0
40
2.000000
1
20 kN/m3  -  angle de frottement 30 deg
41
0.850000
7
STANDARD
72
0
11
576.800000
21
129.700000
31
0.0
73
2
0
POLYLINE
8
12_TABLEAU
66
1
10
0.0
20
0.0
30
0.0
70
1
0
VERTEX
8
12_TABLEAU
10
525.000000
20
121.600000
30
0.0
0
VERTEX
8
12_TABLEAU
10
670.000000
20
121.600000
30
0.0
0
VERTEX
8
12_TABLEAU
10
670.000000
20
127.000000
30
0.0
0
VERTEX
8
12_TABLEAU
10
525.000000
20
127.000000
30
0.0
0
SEQEND
8
12_TABLEAU
0
TEXT
8
12_TABLEAU
10
526.800000
20
124.300000
30
0.0
40
2.000000
1
Poussee des terres
41
0.850000
7
STANDARD
72
0
11
526.800000
21
124.300000
31
0.0
73
2
0
LINE
8
12_TABLEAU
10
575.000000
20
121.600000
30
0.0
11
575.000000
21
127.000000
31
0.0
0
TEXT
8
12_TABLEAU
10
576.800000
20
124.300000
30
0.0
40
2.000000
1
Ka = 0.333 (etat actif, Rankine)
41
0.850000
7
STANDARD
72
0
11
576.800000
21
124.300000
31
0.0
73
2
0
POLYLINE
8
12_TABLEAU
66
1
10
0.0
20
0.0
30
0.0
70
1
0
VERTEX
8
12_TABLEAU
10
525.000000
20
116.200000
30
0.0
0
VERTEX
8
12_TABLEAU
10
670.000000
20
116.200000
30
0.0
0
VERTEX
8
12_TABLEAU
10
670.000000
20
121.600000
30
0.0
0
VERTEX
8
12_TABLEAU
10
525.000000
20
121.600000
30
0.0
0
SEQEND
8
12_TABLEAU
0
TEXT
8
12_TABLEAU
10
526.800000
20
118.900000
30
0.0
40
2.000000
1
Contrainte de sol admise
41
0.850000
7
STANDARD
72
0
11
526.800000
21
118.900000
31
0.0
73
2
0
LINE
8
12_TABLEAU
10
575.000000
20
116.200000
30
0.0
11
575.000000
21
121.600000
31
0.0
0
TEXT
8
12_TABLEAU
10
576.800000
20
118.900000
30
0.0
40
2.000000
1
0.15 MPa  -  A CONFIRMER
41
0.850000
7
STANDARD
72
0
11
576.800000
21
118.900000
31
0.0
73
2
0
POLYLINE
8
12_TABLEAU
66
1
10
0.0
20
0.0
30
0.0
70
1
0
VERTEX
8
12_TABLEAU
10
525.000000
20
110.800000
30
0.0
0
VERTEX
8
12_TABLEAU
10
670.000000
20
110.800000
30
0.0
0
VERTEX
8
12_TABLEAU
10
670.000000
20
116.200000
30
0.0
0
VERTEX
8
12_TABLEAU
10
525.000000
20
116.200000
30
0.0
0
SEQEND
8
12_TABLEAU
0
TEXT
8
12_TABLEAU
10
526.800000
20
113.500000
30
0.0
40
2.000000
1
Section hydraulique
41
0.850000
7
STANDARD
72
0
11
526.800000
21
113.500000
31
0.0
73
2
0
LINE
8
12_TABLEAU
10
575.000000
20
110.800000
30
0.0
11
575.000000
21
116.200000
31
0.0
0
TEXT
8
12_TABLEAU
10
576.800000
20
113.500000
30
0.0
40
2.000000
1
2.40 m2  -  rayon hydraulique 0.545 m
41
0.850000
7
STANDARD
72
0
11
576.800000
21
113.500000
31
0.0
73
2
0
POLYLINE
8
12_TABLEAU
66
1
10
0.0
20
0.0
30
0.0
70
1
0
VERTEX
8
12_TABLEAU
10
525.000000
20
105.400000
30
0.0
0
VERTEX
8
12_TABLEAU
10
670.000000
20
105.400000
30
0.0
0
VERTEX
8
12_TABLEAU
10
670.000000
20
110.800000
30
0.0
0
VERTEX
8
12_TABLEAU
10
525.000000
20
110.800000
30
0.0
0
SEQEND
8
12_TABLEAU
0
TEXT
8
12_TABLEAU
10
526.800000
20
108.100000
30
0.0
40
2.000000
1
Debit capable (Strickler)
41
0.850000
7
STANDARD
72
0
11
526.800000
21
108.100000
31
0.0
73
2
0
LINE
8
12_TABLEAU
10
575.000000
20
105.400000
30
0.0
11
575.000000
21
110.800000
31
0.0
0
TEXT
8
12_TABLEAU
10
576.800000
20
108.100000
30
0.0
40
2.000000
1
11.2 m3/s a 80 % de remplissage (K=70, I=1.0 %)
41
0.850000
7
STANDARD
72
0
11
576.800000
21
108.100000
31
0.0
73
2
0
POLYLINE
8
12_TABLEAU
66
1
10
0.0
20
0.0
30
0.0
70
1
0
VERTEX
8
12_TABLEAU
10
525.000000
20
100.000000
30
0.0
0
VERTEX
8
12_TABLEAU
10
670.000000
20
100.000000
30
0.0
0
VERTEX
8
12_TABLEAU
10
670.000000
20
105.400000
30
0.0
0
VERTEX
8
12_TABLEAU
10
525.000000
20
105.400000
30
0.0
0
SEQEND
8
12_TABLEAU
0
TEXT
8
12_TABLEAU
10
526.800000
20
102.700000
30
0.0
40
2.000000
1
Vitesse correspondante
41
0.850000
7
STANDARD
72
0
11
526.800000
21
102.700000
31
0.0
73
2
0
LINE
8
12_TABLEAU
10
575.000000
20
100.000000
30
0.0
11
575.000000
21
105.400000
31
0.0
0
TEXT
8
12_TABLEAU
10
576.800000
20
102.700000
30
0.0
40
2.000000
1
4.67 m/s  -  protection aval obligatoire
41
0.850000
7
STANDARD
72
0
11
576.800000
21
102.700000
31
0.0
73
2
0
POLYLINE
8
12_TABLEAU
66
1
10
0.0
20
0.0
30
0.0
70
1
0
VERTEX
8
12_TABLEAU
10
525.000000
20
94.600000
30
0.0
0
VERTEX
8
12_TABLEAU
10
670.000000
20
94.600000
30
0.0
0
VERTEX
8
12_TABLEAU
10
670.000000
20
100.000000
30
0.0
0
VERTEX
8
12_TABLEAU
10
525.000000
20
100.000000
30
0.0
0
SEQEND
8
12_TABLEAU
0
TEXT
8
12_TABLEAU
10
526.800000
20
97.300000
30
0.0
40
2.000000
1
Debit de projet
41
0.850000
7
STANDARD
72
0
11
526.800000
21
97.300000
31
0.0
73
2
0
LINE
8
12_TABLEAU
10
575.000000
20
94.600000
30
0.0
11
575.000000
21
100.000000
31
0.0
0
TEXT
8
12_TABLEAU
10
576.800000
20
97.300000
30
0.0
40
2.000000
1
A RENSEIGNER (etude de bassin versant)
41
0.850000
7
STANDARD
72
0
11
576.800000
21
97.300000
31
0.0
73
2
0
TEXT
8
11_TEXTE
10
26.000000
20
80.000000
30
0.0
40
3.200000
1
NOTES GENERALES
41
0.850000
7
STANDARD
72
0
11
26.000000
21
80.000000
31
0.0
73
3
0
LINE
8
11_TEXTE
10
26.000000
20
75.400000
30
0.0
11
356.000000
21
75.400000
31
0.0
0
TEXT
8
11_TEXTE
10
26.000000
20
71.400000
30
0.0
40
2.300000
1
1.
41
0.850000
7
STANDARD
72
0
11
26.000000
21
71.400000
31
0.0
73
3
0
TEXT
8
11_TEXTE
10
32.000000
20
71.400000
30
0.0
40
2.300000
1
Cotes en metres sauf indication contraire ; cotes de nivellement relatives au fil d'eau amont (0.00),
41
0.850000
7
STANDARD
72
0
11
32.000000
21
71.400000
31
0.0
73
3
0
TEXT
8
11_TEXTE
10
26.000000
20
67.200000
30
0.0
40
2.300000
1
2.
41
0.850000
7
STANDARD
72
0
11
26.000000
21
67.200000
31
0.0
73
3
0
TEXT
8
11_TEXTE
10
32.000000
20
67.200000
30
0.0
40
2.300000
1
a rattacher au systeme altimetrique du projet avant execution.
41
0.850000
7
STANDARD
72
0
11
32.000000
21
67.200000
31
0.0
73
3
0
TEXT
8
11_TEXTE
10
26.000000
20
63.000000
30
0.0
40
2.300000
1
3.
41
0.850000
7
STANDARD
72
0
11
26.000000
21
63.000000
31
0.0
73
3
0
TEXT
8
11_TEXTE
10
32.000000
20
63.000000
30
0.0
40
2.300000
1
Beton arme C25/30, dosage minimal 350 kg/m3 de CEM II/B 42,5 ; classe d'exposition XC2 / XA1.
41
0.850000
7
STANDARD
72
0
11
32.000000
21
63.000000
31
0.0
73
3
0
TEXT
8
11_TEXTE
10
26.000000
20
58.800000
30
0.0
40
2.300000
1
4.
41
0.850000
7
STANDARD
72
0
11
26.000000
21
58.800000
31
0.0
73
3
0
TEXT
8
11_TEXTE
10
32.000000
20
58.800000
30
0.0
40
2.300000
1
Aciers a haute adherence FeE500 (NF A 35-016). Enrobage 4 cm, porte a 5 cm au contact du sol.
41
0.850000
7
STANDARD
72
0
11
32.000000
21
58.800000
31
0.0
73
3
0
TEXT
8
11_TEXTE
10
26.000000
20
54.600000
30
0.0
40
2.300000
1
5.
41
0.850000
7
STANDARD
72
0
11
26.000000
21
54.600000
31
0.0
73
3
0
TEXT
8
11_TEXTE
10
32.000000
20
54.600000
30
0.0
40
2.300000
1
Recouvrements 50 diametres minimum, decales en quinconce ; aucun recouvrement en zone de moment maximal.
41
0.850000
7
STANDARD
72
0
11
32.000000
21
54.600000
31
0.0
73
3
0
TEXT
8
11_TEXTE
10
26.000000
20
50.400000
30
0.0
40
2.300000
1
6.
41
0.850000
7
STANDARD
72
0
11
26.000000
21
50.400000
31
0.0
73
3
0
TEXT
8
11_TEXTE
10
32.000000
20
50.400000
30
0.0
40
2.300000
1
Beton de proprete dose a 150 kg/m3, epaisseur 10 cm, deborde de 10 cm du nu des fondations.
41
0.850000
7
STANDARD
72
0
11
32.000000
21
50.400000
31
0.0
73
3
0
TEXT
8
11_TEXTE
10
26.000000
20
46.200000
30
0.0
40
2.300000
1
7.
41
0.850000
7
STANDARD
72
0
11
26.000000
21
46.200000
31
0.0
73
3
0
TEXT
8
11_TEXTE
10
32.000000
20
46.200000
30
0.0
40
2.300000
1
Fond de fouille receptionne avant tout coulage ; portance admissible supposee 0,15 MPa, A CONFIRMER par essai.
41
0.850000
7
STANDARD
72
0
11
32.000000
21
46.200000
31
0.0
73
3
0
TEXT
8
11_TEXTE
10
26.000000
20
42.000000
30
0.0
40
2.300000
1
8.
41
0.850000
7
STANDARD
72
0
11
26.000000
21
42.000000
31
0.0
73
3
0
TEXT
8
11_TEXTE
10
32.000000
20
42.000000
30
0.0
40
2.300000
1
Remblais contigus en materiau selectionne, par couches de 20 cm compactees a 95 % OPM, montes
41
0.850000
7
STANDARD
72
0
11
32.000000
21
42.000000
31
0.0
73
3
0
TEXT
8
11_TEXTE
10
26.000000
20
37.800000
30
0.0
40
2.300000
1
9.
41
0.850000
7
STANDARD
72
0
11
26.000000
21
37.800000
31
0.0
73
3
0
TEXT
8
11_TEXTE
10
32.000000
20
37.800000
30
0.0
40
2.300000
1
symetriquement de part et d'autre du cadre ; engins lourds interdits a moins de 1,00 m des parements.
41
0.850000
7
STANDARD
72
0
11
32.000000
21
37.800000
31
0.0
73
3
0
TEXT
8
11_TEXTE
10
26.000000
20
33.600000
30
0.0
40
2.300000
1
10.
41
0.850000
7
STANDARD
72
0
11
26.000000
21
33.600000
31
0.0
73
3
0
TEXT
8
11_TEXTE
10
32.000000
20
33.600000
30
0.0
40
2.300000
1
Reprise de betonnage radier / piedroits a 15 cm au-dessus de l'extrados du radier : surface repiquee et lavee.
41
0.850000
7
STANDARD
72
0
11
32.000000
21
33.600000
31
0.0
73
3
0
TEXT
8
11_TEXTE
10
26.000000
20
29.400000
30
0.0
40
2.300000
1
11.
41
0.850000
7
STANDARD
72
0
11
26.000000
21
29.400000
31
0.0
73
3
0
TEXT
8
11_TEXTE
10
32.000000
20
29.400000
30
0.0
40
2.300000
1
Cure du beton pendant 7 jours minimum ; decoffrage des sous-faces apres 7 jours ou justification.
41
0.850000
7
STANDARD
72
0
11
32.000000
21
29.400000
31
0.0
73
3
0
TEXT
8
11_TEXTE
10
26.000000
20
25.200000
30
0.0
40
2.300000
1
12.
41
0.850000
7
STANDARD
72
0
11
26.000000
21
25.200000
31
0.0
73
3
0
TEXT
8
11_TEXTE
10
32.000000
20
25.200000
30
0.0
40
2.300000
1
Ne pas mettre en service avant 28 jours ou justification par essais de resistance.
41
0.850000
7
STANDARD
72
0
11
32.000000
21
25.200000
31
0.0
73
3
0
POLYLINE
8
00_CARTOUCHE
66
1
10
0.0
20
0.0
30
0.0
70
1
0
VERTEX
8
00_CARTOUCHE
10
370.000000
20
545.000000
30
0.0
0
VERTEX
8
00_CARTOUCHE
10
807.000000
20
545.000000
30
0.0
0
VERTEX
8
00_CARTOUCHE
10
807.000000
20
578.000000
30
0.0
0
VERTEX
8
00_CARTOUCHE
10
370.000000
20
578.000000
30
0.0
0
SEQEND
8
00_CARTOUCHE
0
POLYLINE
8
00_CARTOUCHE
66
1
10
0.0
20
0.0
30
0.0
70
1
0
VERTEX
8
00_CARTOUCHE
10
371.000000
20
546.000000
30
0.0
0
VERTEX
8
00_CARTOUCHE
10
806.000000
20
546.000000
30
0.0
0
VERTEX
8
00_CARTOUCHE
10
806.000000
20
577.000000
30
0.0
0
VERTEX
8
00_CARTOUCHE
10
371.000000
20
577.000000
30
0.0
0
SEQEND
8
00_CARTOUCHE
0
TEXT
8
00_CARTOUCHE
10
588.500000
20
569.750000
30
0.0
40
2.600000
1
PLAN TYPE ETABLI SUR HYPOTHESES - NE PAS EXECUTER EN L'ETAT
41
0.850000
7
STANDARD
72
1
11
588.500000
21
569.750000
31
0.0
73
2
0
TEXT
8
00_CARTOUCHE
10
588.500000
20
561.500000
30
0.0
40
2.600000
1
A valider par l'ingenieur apres leve topographique, etude hydrologique du bassin versant
41
0.850000
7
STANDARD
72
1
11
588.500000
21
561.500000
31
0.0
73
2
0
TEXT
8
00_CARTOUCHE
10
588.500000
20
553.250000
30
0.0
40
2.600000
1
et etude geotechnique. Le debit de projet et la portance du sol conditionnent le dimensionnement.
41
0.850000
7
STANDARD
72
1
11
588.500000
21
553.250000
31
0.0
73
2
0
POLYLINE
8
00_CARTOUCHE
66
1
10
0.0
20
0.0
30
0.0
70
1
0
VERTEX
8
00_CARTOUCHE
10
637.000000
20
14.000000
30
0.0
0
VERTEX
8
00_CARTOUCHE
10
827.000000
20
14.000000
30
0.0
0
VERTEX
8
00_CARTOUCHE
10
827.000000
20
86.000000
30
0.0
0
VERTEX
8
00_CARTOUCHE
10
637.000000
20
86.000000
30
0.0
0
SEQEND
8
00_CARTOUCHE
0
LINE
8
00_CARTOUCHE
10
637.000000
20
24.000000
30
0.0
11
827.000000
21
24.000000
31
0.0
0
LINE
8
00_CARTOUCHE
10
637.000000
20
36.000000
30
0.0
11
827.000000
21
36.000000
31
0.0
0
LINE
8
00_CARTOUCHE
10
637.000000
20
48.000000
30
0.0
11
827.000000
21
48.000000
31
0.0
0
LINE
8
00_CARTOUCHE
10
637.000000
20
60.000000
30
0.0
11
827.000000
21
60.000000
31
0.0
0
LINE
8
00_CARTOUCHE
10
637.000000
20
73.000000
30
0.0
11
827.000000
21
73.000000
31
0.0
0
TEXT
8
12_TABLEAU
10
639.000000
20
82.800000
30
0.0
40
2.000000
1
MAITRE D'OUVRAGE
41
0.850000
7
STANDARD
72
0
11
639.000000
21
82.800000
31
0.0
73
3
0
TEXT
8
12_TABLEAU
10
639.000000
20
75.400000
30
0.0
40
3.200000
1
A COMPLETER
41
0.850000
7
STANDARD
72
0
11
639.000000
21
75.400000
31
0.0
73
1
0
LINE
8
00_CARTOUCHE
10
741.500000
20
73.000000
30
0.0
11
741.500000
21
86.000000
31
0.0
0
TEXT
8
12_TABLEAU
10
743.500000
20
82.800000
30
0.0
40
2.000000
1
BUREAU D'ETUDES
41
0.850000
7
STANDARD
72
0
11
743.500000
21
82.800000
31
0.0
73
3
0
TEXT
8
12_TABLEAU
10
743.500000
20
75.400000
30
0.0
40
3.200000
1
A COMPLETER
41
0.850000
7
STANDARD
72
0
11
743.500000
21
75.400000
31
0.0
73
1
0
TEXT
8
12_TABLEAU
10
639.000000
20
69.800000
30
0.0
40
2.000000
1
PROJET
41
0.850000
7
STANDARD
72
0
11
639.000000
21
69.800000
31
0.0
73
3
0
TEXT
8
12_TABLEAU
10
639.000000
20
62.400000
30
0.0
40
2.800000
1
AMENAGEMENT ROUTIER - FRANCHISSEMENT HYDRAULIQUE
41
0.850000
7
STANDARD
72
0
11
639.000000
21
62.400000
31
0.0
73
1
0
TEXT
8
12_TABLEAU
10
639.000000
20
56.800000
30
0.0
40
2.000000
1
OUVRAGE
41
0.850000
7
STANDARD
72
0
11
639.000000
21
56.800000
31
0.0
73
3
0
TEXT
8
12_TABLEAU
10
639.000000
20
50.400000
30
0.0
40
2.800000
1
DALOT CADRE FERME 1 x (2.00 x 1.50) - PK 0+000 - A COMPLETER
41
0.850000
7
STANDARD
72
0
11
639.000000
21
50.400000
31
0.0
73
1
0
TEXT
8
12_TABLEAU
10
639.000000
20
44.800000
30
0.0
40
2.000000
1
TITRE DE LA PLANCHE
41
0.850000
7
STANDARD
72
0
11
639.000000
21
44.800000
31
0.0
73
3
0
TEXT
8
12_TABLEAU
10
639.000000
20
38.400000
30
0.0
40
3.600000
1
PLANCHE 1 - COFFRAGE ET IMPLANTATION
41
0.850000
7
STANDARD
72
0
11
639.000000
21
38.400000
31
0.0
73
1
0
LINE
8
00_CARTOUCHE
10
689.000000
20
24.000000
30
0.0
11
689.000000
21
36.000000
31
0.0
0
LINE
8
00_CARTOUCHE
10
729.000000
20
24.000000
30
0.0
11
729.000000
21
36.000000
31
0.0
0
LINE
8
00_CARTOUCHE
10
759.000000
20
24.000000
30
0.0
11
759.000000
21
36.000000
31
0.0
0
TEXT
8
12_TABLEAU
10
639.000000
20
32.800000
30
0.0
40
2.000000
1
ECHELLES
41
0.850000
7
STANDARD
72
0
11
639.000000
21
32.800000
31
0.0
73
3
0
TEXT
8
12_TABLEAU
10
639.000000
20
26.400000
30
0.0
40
3.000000
1
1:50 et 1:25 (A1)
41
0.850000
7
STANDARD
72
0
11
639.000000
21
26.400000
31
0.0
73
1
0
TEXT
8
12_TABLEAU
10
691.000000
20
32.800000
30
0.0
40
2.000000
1
DATE
41
0.850000
7
STANDARD
72
0
11
691.000000
21
32.800000
31
0.0
73
3
0
TEXT
8
12_TABLEAU
10
691.000000
20
26.400000
30
0.0
40
3.000000
1
06/09/2026
41
0.850000
7
STANDARD
72
0
11
691.000000
21
26.400000
31
0.0
73
1
0
TEXT
8
12_TABLEAU
10
731.000000
20
32.800000
30
0.0
40
2.000000
1
INDICE
41
0.850000
7
STANDARD
72
0
11
731.000000
21
32.800000
31
0.0
73
3
0
TEXT
8
12_TABLEAU
10
731.000000
20
26.400000
30
0.0
40
3.000000
1
A
41
0.850000
7
STANDARD
72
0
11
731.000000
21
26.400000
31
0.0
73
1
0
TEXT
8
12_TABLEAU
10
761.000000
20
32.800000
30
0.0
40
2.000000
1
No DE PLAN
41
0.850000
7
STANDARD
72
0
11
761.000000
21
32.800000
31
0.0
73
3
0
TEXT
8
12_TABLEAU
10
761.000000
20
26.400000
30
0.0
40
3.600000
1
DAL-01
41
0.850000
7
STANDARD
72
0
11
761.000000
21
26.400000
31
0.0
73
1
0
LINE
8
00_CARTOUCHE
10
700.333333
20
14.000000
30
0.0
11
700.333333
21
24.000000
31
0.0
0
LINE
8
00_CARTOUCHE
10
763.666667
20
14.000000
30
0.0
11
763.666667
21
24.000000
31
0.0
0
TEXT
8
12_TABLEAU
10
639.000000
20
20.800000
30
0.0
40
2.000000
1
DESSINE
41
0.850000
7
STANDARD
72
0
11
639.000000
21
20.800000
31
0.0
73
3
0
TEXT
8
12_TABLEAU
10
639.000000
20
16.400000
30
0.0
40
2.600000
1

41
0.850000
7
STANDARD
72
0
11
639.000000
21
16.400000
31
0.0
73
1
0
TEXT
8
12_TABLEAU
10
702.333333
20
20.800000
30
0.0
40
2.000000
1
VERIFIE
41
0.850000
7
STANDARD
72
0
11
702.333333
21
20.800000
31
0.0
73
3
0
TEXT
8
12_TABLEAU
10
702.333333
20
16.400000
30
0.0
40
2.600000
1

41
0.850000
7
STANDARD
72
0
11
702.333333
21
16.400000
31
0.0
73
1
0
TEXT
8
12_TABLEAU
10
765.666667
20
20.800000
30
0.0
40
2.000000
1
APPROUVE
41
0.850000
7
STANDARD
72
0
11
765.666667
21
20.800000
31
0.0
73
3
0
TEXT
8
12_TABLEAU
10
765.666667
20
16.400000
30
0.0
40
2.600000
1

41
0.850000
7
STANDARD
72
0
11
765.666667
21
16.400000
31
0.0
73
1
0
POLYLINE
8
02_BETON
66
1
10
0.0
20
0.0
30
0.0
70
1
0
VERTEX
8
02_BETON
10
157.900000
20
241.500000
30
0.0
0
VERTEX
8
02_BETON
10
127.900000
20
189.538476
30
0.0
0
VERTEX
8
02_BETON
10
123.569873
20
192.038476
30
0.0
0
VERTEX
8
02_BETON
10
153.569873
20
244.000000
30
0.0
0
SEQEND
8
02_BETON
0
LINE
8
04_HACHURES
10
126.913767
20
190.107878
30
0.0
11
130.025037
21
193.219148
31
0.0
0
LINE
8
04_HACHURES
10
124.941301
20
191.246681
30
0.0
11
134.275110
21
200.580491
31
0.0
0
LINE
8
04_HACHURES
10
124.864930
20
194.281580
30
0.0
11
138.525184
21
207.941834
31
0.0
0
LINE
8
04_HACHURES
10
129.115004
20
201.642924
30
0.0
11
142.775258
21
215.303178
31
0.0
0
LINE
8
04_HACHURES
10
133.365077
20
209.004267
30
0.0
11
147.025331
21
222.664521
31
0.0
0
LINE
8
04_HACHURES
10
137.615151
20
216.365611
30
0.0
11
151.275405
21
230.025865
31
0.0
0
LINE
8
04_HACHURES
10
141.865225
20
223.726954
30
0.0
11
155.525479
21
237.387208
31
0.0
0
LINE
8
04_HACHURES
10
146.115298
20
231.088298
30
0.0
11
157.029553
21
242.002553
31
0.0
0
LINE
8
04_HACHURES
10
150.365372
20
238.449641
30
0.0
11
155.057087
21
243.141357
31
0.0
0
POLYLINE
8
03_BETON_CACHE
66
1
10
0.0
20
0.0
30
0.0
70
1
0
VERTEX
8
03_BETON_CACHE
10
164.828203
20
237.500000
30
0.0
0
VERTEX
8
03_BETON_CACHE
10
134.828203
20
185.538476
30
0.0
0
VERTEX
8
03_BETON_CACHE
10
100.187187
20
205.538476
30
0.0
0
VERTEX
8
03_BETON_CACHE
10
130.187187
20
257.500000
30
0.0
0
SEQEND
8
03_BETON_CACHE
0
POLYLINE
8
02_BETON
66
1
10
0.0
20
0.0
30
0.0
70
1
0
VERTEX
8
02_BETON
10
197.900000
20
241.500000
30
0.0
0
VERTEX
8
02_BETON
10
227.900000
20
189.538476
30
0.0
0
VERTEX
8
02_BETON
10
232.230127
20
192.038476
30
0.0
0
VERTEX
8
02_BETON
10
202.230127
20
244.000000
30
0.0
0
SEQEND
8
02_BETON
0
LINE
8
04_HACHURES
10
228.549455
20
189.913439
30
0.0
11
231.660725
21
193.024709
31
0.0
0
LINE
8
04_HACHURES
10
226.861667
20
191.336921
30
0.0
11
230.521921
21
194.997175
31
0.0
0
LINE
8
04_HACHURES
10
225.722863
20
193.309387
30
0.0
11
229.383118
21
196.969641
31
0.0
0
LINE
8
04_HACHURES
10
224.584060
20
195.281853
30
0.0
11
228.244314
21
198.942107
31
0.0
0
LINE
8
04_HACHURES
10
223.445256
20
197.254319
30
0.0
11
227.105510
21
200.914573
31
0.0
0
LINE
8
04_HACHURES
10
222.306452
20
199.226785
30
0.0
11
225.966706
21
202.887039
31
0.0
0
LINE
8
04_HACHURES
10
221.167648
20
201.199251
30
0.0
11
224.827902
21
204.859505
31
0.0
0
LINE
8
04_HACHURES
10
220.028844
20
203.171717
30
0.0
11
223.689099
21
206.831971
31
0.0
0
LINE
8
04_HACHURES
10
218.890041
20
205.144183
30
0.0
11
222.550295
21
208.804437
31
0.0
0
LINE
8
04_HACHURES
10
217.751237
20
207.116649
30
0.0
11
221.411491
21
210.776903
31
0.0
0
LINE
8
04_HACHURES
10
216.612433
20
209.089115
30
0.0
11
220.272687
21
212.749369
31
0.0
0
LINE
8
04_HACHURES
10
215.473629
20
211.061581
30
0.0
11
219.133883
21
214.721835
31
0.0
0
LINE
8
04_HACHURES
10
214.334826
20
213.034047
30
0.0
11
217.995080
21
216.694301
31
0.0
0
LINE
8
04_HACHURES
10
213.196022
20
215.006513
30
0.0
11
216.856276
21
218.666767
31
0.0
0
LINE
8
04_HACHURES
10
212.057218
20
216.978979
30
0.0
11
215.717472
21
220.639233
31
0.0
0
LINE
8
04_HACHURES
10
210.918414
20
218.951445
30
0.0
11
214.578668
21
222.611699
31
0.0
0
LINE
8
04_HACHURES
10
209.779610
20
220.923911
30
0.0
11
213.439864
21
224.584165
31
0.0
0
LINE
8
04_HACHURES
10
208.640807
20
222.896377
30
0.0
11
212.301061
21
226.556631
31
0.0
0
LINE
8
04_HACHURES
10
207.502003
20
224.868843
30
0.0
11
211.162257
21
228.529097
31
0.0
0
LINE
8
04_HACHURES
10
206.363199
20
226.841309
30
0.0
11
210.023453
21
230.501564
31
0.0
0
LINE
8
04_HACHURES
10
205.224395
20
228.813776
30
0.0
11
208.884649
21
232.474030
31
0.0
0
LINE
8
04_HACHURES
10
204.085591
20
230.786242
30
0.0
11
207.745845
21
234.446496
31
0.0
0
LINE
8
04_HACHURES
10
202.946788
20
232.758708
30
0.0
11
206.607042
21
236.418962
31
0.0
0
LINE
8
04_HACHURES
10
201.807984
20
234.731174
30
0.0
11
205.468238
21
238.391428
31
0.0
0
LINE
8
04_HACHURES
10
200.669180
20
236.703640
30
0.0
11
204.329434
21
240.363894
31
0.0
0
LINE
8
04_HACHURES
10
199.530376
20
238.676106
30
0.0
11
203.190630
21
242.336360
31
0.0
0
LINE
8
04_HACHURES
10
198.391572
20
240.648572
30
0.0
11
201.077573
21
243.334573
31
0.0
0
POLYLINE
8
03_BETON_CACHE
66
1
10
0.0
20
0.0
30
0.0
70
1
0
VERTEX
8
03_BETON_CACHE
10
190.971797
20
237.500000
30
0.0
0
VERTEX
8
03_BETON_CACHE
10
220.971797
20
185.538476
30
0.0
0
VERTEX
8
03_BETON_CACHE
10
255.612813
20
205.538476
30
0.0
0
VERTEX
8
03_BETON_CACHE
10
225.612813
20
257.500000
30
0.0
0
SEQEND
8
03_BETON_CACHE
0
POLYLINE
8
02_BETON
66
1
10
0.0
20
0.0
30
0.0
70
1
0
VERTEX
8
02_BETON
10
157.900000
20
421.500000
30
0.0
0
VERTEX
8
02_BETON
10
127.900000
20
473.461524
30
0.0
0
VERTEX
8
02_BETON
10
123.569873
20
470.961524
30
0.0
0
VERTEX
8
02_BETON
10
153.569873
20
419.000000
30
0.0
0
SEQEND
8
02_BETON
0
LINE
8
04_HACHURES
10
154.219328
20
419.374963
30
0.0
11
157.330598
21
422.486233
31
0.0
0
LINE
8
04_HACHURES
10
152.531540
20
420.798445
30
0.0
11
156.191794
21
424.458699
31
0.0
0
LINE
8
04_HACHURES
10
151.392736
20
422.770911
30
0.0
11
155.052991
21
426.431165
31
0.0
0
LINE
8
04_HACHURES
10
150.253933
20
424.743377
30
0.0
11
153.914187
21
428.403631
31
0.0
0
LINE
8
04_HACHURES
10
149.115129
20
426.715843
30
0.0
11
152.775383
21
430.376097
31
0.0
0
LINE
8
04_HACHURES
10
147.976325
20
428.688309
30
0.0
11
151.636579
21
432.348563
31
0.0
0
LINE
8
04_HACHURES
10
146.837521
20
430.660775
30
0.0
11
150.497775
21
434.321029
31
0.0
0
LINE
8
04_HACHURES
10
145.698717
20
432.633241
30
0.0
11
149.358972
21
436.293495
31
0.0
0
LINE
8
04_HACHURES
10
144.559914
20
434.605707
30
0.0
11
148.220168
21
438.265961
31
0.0
0
LINE
8
04_HACHURES
10
143.421110
20
436.578173
30
0.0
11
147.081364
21
440.238427
31
0.0
0
LINE
8
04_HACHURES
10
142.282306
20
438.550639
30
0.0
11
145.942560
21
442.210893
31
0.0
0
LINE
8
04_HACHURES
10
141.143502
20
440.523105
30
0.0
11
144.803756
21
444.183359
31
0.0
0
LINE
8
04_HACHURES
10
140.004698
20
442.495571
30
0.0
11
143.664953
21
446.155825
31
0.0
0
LINE
8
04_HACHURES
10
138.865895
20
444.468037
30
0.0
11
142.526149
21
448.128292
31
0.0
0
LINE
8
04_HACHURES
10
137.727091
20
446.440504
30
0.0
11
141.387345
21
450.100758
31
0.0
0
LINE
8
04_HACHURES
10
136.588287
20
448.412970
30
0.0
11
140.248541
21
452.073224
31
0.0
0
LINE
8
04_HACHURES
10
135.449483
20
450.385436
30
0.0
11
139.109737
21
454.045690
31
0.0
0
LINE
8
04_HACHURES
10
134.310679
20
452.357902
30
0.0
11
137.970934
21
456.018156
31
0.0
0
LINE
8
04_HACHURES
10
133.171876
20
454.330368
30
0.0
11
136.832130
21
457.990622
31
0.0
0
LINE
8
04_HACHURES
10
132.033072
20
456.302834
30
0.0
11
135.693326
21
459.963088
31
0.0
0
LINE
8
04_HACHURES
10
130.894268
20
458.275300
30
0.0
11
134.554522
21
461.935554
31
0.0
0
LINE
8
04_HACHURES
10
129.755464
20
460.247766
30
0.0
11
133.415718
21
463.908020
31
0.0
0
LINE
8
04_HACHURES
10
128.616660
20
462.220232
30
0.0
11
132.276915
21
465.880486
31
0.0
0
LINE
8
04_HACHURES
10
127.477857
20
464.192698
30
0.0
11
131.138111
21
467.852952
31
0.0
0
LINE
8
04_HACHURES
10
126.339053
20
466.165164
30
0.0
11
129.999307
21
469.825418
31
0.0
0
LINE
8
04_HACHURES
10
125.200249
20
468.137630
30
0.0
11
128.860503
21
471.797884
31
0.0
0
LINE
8
04_HACHURES
10
124.061445
20
470.110096
30
0.0
11
126.747446
21
472.796097
31
0.0
0
POLYLINE
8
03_BETON_CACHE
66
1
10
0.0
20
0.0
30
0.0
70
1
0
VERTEX
8
03_BETON_CACHE
10
164.828203
20
425.500000
30
0.0
0
VERTEX
8
03_BETON_CACHE
10
134.828203
20
477.461524
30
0.0
0
VERTEX
8
03_BETON_CACHE
10
100.187187
20
457.461524
30
0.0
0
VERTEX
8
03_BETON_CACHE
10
130.187187
20
405.500000
30
0.0
0
SEQEND
8
03_BETON_CACHE
0
POLYLINE
8
02_BETON
66
1
10
0.0
20
0.0
30
0.0
70
1
0
VERTEX
8
02_BETON
10
197.900000
20
421.500000
30
0.0
0
VERTEX
8
02_BETON
10
227.900000
20
473.461524
30
0.0
0
VERTEX
8
02_BETON
10
232.230127
20
470.961524
30
0.0
0
VERTEX
8
02_BETON
10
202.230127
20
419.000000
30
0.0
0
SEQEND
8
02_BETON
0
LINE
8
04_HACHURES
10
201.243894
20
419.569402
30
0.0
11
204.355164
21
422.680672
31
0.0
0
LINE
8
04_HACHURES
10
199.271428
20
420.708206
30
0.0
11
208.605237
21
430.042015
31
0.0
0
LINE
8
04_HACHURES
10
199.195057
20
423.743105
30
0.0
11
212.855311
21
437.403359
31
0.0
0
LINE
8
04_HACHURES
10
203.445131
20
431.104448
30
0.0
11
217.105385
21
444.764702
31
0.0
0
LINE
8
04_HACHURES
10
207.695204
20
438.465792
30
0.0
11
221.355458
21
452.126046
31
0.0
0
LINE
8
04_HACHURES
10
211.945278
20
445.827135
30
0.0
11
225.605532
21
459.487389
31
0.0
0
LINE
8
04_HACHURES
10
216.195352
20
453.188479
30
0.0
11
229.855606
21
466.848733
31
0.0
0
LINE
8
04_HACHURES
10
220.445425
20
460.549822
30
0.0
11
231.359680
21
471.464077
31
0.0
0
LINE
8
04_HACHURES
10
224.695499
20
467.911165
30
0.0
11
229.387214
21
472.602881
31
0.0
0
POLYLINE
8
03_BETON_CACHE
66
1
10
0.0
20
0.0
30
0.0
70
1
0
VERTEX
8
03_BETON_CACHE
10
190.971797
20
425.500000
30
0.0
0
VERTEX
8
03_BETON_CACHE
10
220.971797
20
477.461524
30
0.0
0
VERTEX
8
03_BETON_CACHE
10
255.612813
20
457.461524
30
0.0
0
VERTEX
8
03_BETON_CACHE
10
225.612813
20
405.500000
30
0.0
0
SEQEND
8
03_BETON_CACHE
0
POLYLINE
8
02_BETON
66
1
10
0.0
20
0.0
30
0.0
70
1
0
VERTEX
8
02_BETON
10
152.900000
20
241.500000
30
0.0
0
VERTEX
8
02_BETON
10
202.900000
20
241.500000
30
0.0
0
VERTEX
8
02_BETON
10
202.900000
20
421.500000
30
0.0
0
VERTEX
8
02_BETON
10
152.900000
20
421.500000
30
0.0
0
SEQEND
8
02_BETON
0
POLYLINE
8
03_BETON_CACHE
66
1
10
0.0
20
0.0
30
0.0
70
1
0
VERTEX
8
03_BETON_CACHE
10
157.900000
20
241.500000
30
0.0
0
VERTEX
8
03_BETON_CACHE
10
197.900000
20
241.500000
30
0.0
0
VERTEX
8
03_BETON_CACHE
10
197.900000
20
421.500000
30
0.0
0
VERTEX
8
03_BETON_CACHE
10
157.900000
20
421.500000
30
0.0
0
SEQEND
8
03_BETON_CACHE
0
LINE
8
02_BETON
10
152.900000
20
246.500000
30
0.0
11
202.900000
21
246.500000
31
0.0
0
LINE
8
02_BETON
10
152.900000
20
416.500000
30
0.0
11
202.900000
21
416.500000
31
0.0
0
LINE
8
04_HACHURES
10
201.344365
20
241.500000
30
0.0
11
202.900000
21
243.055635
31
0.0
0
LINE
8
04_HACHURES
10
198.233095
20
241.500000
30
0.0
11
202.900000
21
246.166905
31
0.0
0
LINE
8
04_HACHURES
10
197.900000
20
244.278175
30
0.0
11
202.900000
21
249.278175
31
0.0
0
LINE
8
04_HACHURES
10
197.900000
20
247.389444
30
0.0
11
202.900000
21
252.389444
31
0.0
0
LINE
8
04_HACHURES
10
197.900000
20
250.500714
30
0.0
11
202.900000
21
255.500714
31
0.0
0
LINE
8
04_HACHURES
10
197.900000
20
253.611984
30
0.0
11
202.900000
21
258.611984
31
0.0
0
LINE
8
04_HACHURES
10
197.900000
20
256.723254
30
0.0
11
202.900000
21
261.723254
31
0.0
0
LINE
8
04_HACHURES
10
197.900000
20
259.834524
30
0.0
11
202.900000
21
264.834524
31
0.0
0
LINE
8
04_HACHURES
10
197.900000
20
262.945794
30
0.0
11
202.900000
21
267.945794
31
0.0
0
LINE
8
04_HACHURES
10
197.900000
20
266.057063
30
0.0
11
202.900000
21
271.057063
31
0.0
0
LINE
8
04_HACHURES
10
197.900000
20
269.168333
30
0.0
11
202.900000
21
274.168333
31
0.0
0
LINE
8
04_HACHURES
10
197.900000
20
272.279603
30
0.0
11
202.900000
21
277.279603
31
0.0
0
LINE
8
04_HACHURES
10
197.900000
20
275.390873
30
0.0
11
202.900000
21
280.390873
31
0.0
0
LINE
8
04_HACHURES
10
197.900000
20
278.502143
30
0.0
11
202.900000
21
283.502143
31
0.0
0
LINE
8
04_HACHURES
10
157.786587
20
241.500000
30
0.0
11
157.900000
21
241.613413
31
0.0
0
LINE
8
04_HACHURES
10
197.900000
20
281.613413
30
0.0
11
202.900000
21
286.613413
31
0.0
0
LINE
8
04_HACHURES
10
154.675318
20
241.500000
30
0.0
11
157.900000
21
244.724682
31
0.0
0
LINE
8
04_HACHURES
10
197.900000
20
284.724682
30
0.0
11
202.900000
21
289.724682
31
0.0
0
LINE
8
04_HACHURES
10
152.900000
20
242.835952
30
0.0
11
157.900000
21
247.835952
31
0.0
0
LINE
8
04_HACHURES
10
197.900000
20
287.835952
30
0.0
11
202.900000
21
292.835952
31
0.0
0
LINE
8
04_HACHURES
10
152.900000
20
245.947222
30
0.0
11
157.900000
21
250.947222
31
0.0
0
LINE
8
04_HACHURES
10
197.900000
20
290.947222
30
0.0
11
202.900000
21
295.947222
31
0.0
0
LINE
8
04_HACHURES
10
152.900000
20
249.058492
30
0.0
11
157.900000
21
254.058492
31
0.0
0
LINE
8
04_HACHURES
10
197.900000
20
294.058492
30
0.0
11
202.900000
21
299.058492
31
0.0
0
LINE
8
04_HACHURES
10
152.900000
20
252.169762
30
0.0
11
157.900000
21
257.169762
31
0.0
0
LINE
8
04_HACHURES
10
197.900000
20
297.169762
30
0.0
11
202.900000
21
302.169762
31
0.0
0
LINE
8
04_HACHURES
10
152.900000
20
255.281032
30
0.0
11
157.900000
21
260.281032
31
0.0
0
LINE
8
04_HACHURES
10
197.900000
20
300.281032
30
0.0
11
202.900000
21
305.281032
31
0.0
0
LINE
8
04_HACHURES
10
152.900000
20
258.392302
30
0.0
11
157.900000
21
263.392302
31
0.0
0
LINE
8
04_HACHURES
10
197.900000
20
303.392302
30
0.0
11
202.900000
21
308.392302
31
0.0
0
LINE
8
04_HACHURES
10
152.900000
20
261.503571
30
0.0
11
157.900000
21
266.503571
31
0.0
0
LINE
8
04_HACHURES
10
197.900000
20
306.503571
30
0.0
11
202.900000
21
311.503571
31
0.0
0
LINE
8
04_HACHURES
10
152.900000
20
264.614841
30
0.0
11
157.900000
21
269.614841
31
0.0
0
LINE
8
04_HACHURES
10
197.900000
20
309.614841
30
0.0
11
202.900000
21
314.614841
31
0.0
0
LINE
8
04_HACHURES
10
152.900000
20
267.726111
30
0.0
11
157.900000
21
272.726111
31
0.0
0
LINE
8
04_HACHURES
10
197.900000
20
312.726111
30
0.0
11
202.900000
21
317.726111
31
0.0
0
LINE
8
04_HACHURES
10
152.900000
20
270.837381
30
0.0
11
157.900000
21
275.837381
31
0.0
0
LINE
8
04_HACHURES
10
197.900000
20
315.837381
30
0.0
11
202.900000
21
320.837381
31
0.0
0
LINE
8
04_HACHURES
10
152.900000
20
273.948651
30
0.0
11
157.900000
21
278.948651
31
0.0
0
LINE
8
04_HACHURES
10
197.900000
20
318.948651
30
0.0
11
202.900000
21
323.948651
31
0.0
0
LINE
8
04_HACHURES
10
152.900000
20
277.059921
30
0.0
11
157.900000
21
282.059921
31
0.0
0
LINE
8
04_HACHURES
10
197.900000
20
322.059921
30
0.0
11
202.900000
21
327.059921
31
0.0
0
LINE
8
04_HACHURES
10
152.900000
20
280.171190
30
0.0
11
157.900000
21
285.171190
31
0.0
0
LINE
8
04_HACHURES
10
197.900000
20
325.171190
30
0.0
11
202.900000
21
330.171190
31
0.0
0
LINE
8
04_HACHURES
10
152.900000
20
283.282460
30
0.0
11
157.900000
21
288.282460
31
0.0
0
LINE
8
04_HACHURES
10
197.900000
20
328.282460
30
0.0
11
202.900000
21
333.282460
31
0.0
0
LINE
8
04_HACHURES
10
152.900000
20
286.393730
30
0.0
11
157.900000
21
291.393730
31
0.0
0
LINE
8
04_HACHURES
10
197.900000
20
331.393730
30
0.0
11
202.900000
21
336.393730
31
0.0
0
LINE
8
04_HACHURES
10
152.900000
20
289.505000
30
0.0
11
157.900000
21
294.505000
31
0.0
0
LINE
8
04_HACHURES
10
197.900000
20
334.505000
30
0.0
11
202.900000
21
339.505000
31
0.0
0
LINE
8
04_HACHURES
10
152.900000
20
292.616270
30
0.0
11
157.900000
21
297.616270
31
0.0
0
LINE
8
04_HACHURES
10
197.900000
20
337.616270
30
0.0
11
202.900000
21
342.616270
31
0.0
0
LINE
8
04_HACHURES
10
152.900000
20
295.727540
30
0.0
11
157.900000
21
300.727540
31
0.0
0
LINE
8
04_HACHURES
10
197.900000
20
340.727540
30
0.0
11
202.900000
21
345.727540
31
0.0
0
LINE
8
04_HACHURES
10
152.900000
20
298.838809
30
0.0
11
157.900000
21
303.838809
31
0.0
0
LINE
8
04_HACHURES
10
197.900000
20
343.838809
30
0.0
11
202.900000
21
348.838809
31
0.0
0
LINE
8
04_HACHURES
10
152.900000
20
301.950079
30
0.0
11
157.900000
21
306.950079
31
0.0
0
LINE
8
04_HACHURES
10
197.900000
20
346.950079
30
0.0
11
202.900000
21
351.950079
31
0.0
0
LINE
8
04_HACHURES
10
152.900000
20
305.061349
30
0.0
11
157.900000
21
310.061349
31
0.0
0
LINE
8
04_HACHURES
10
197.900000
20
350.061349
30
0.0
11
202.900000
21
355.061349
31
0.0
0
LINE
8
04_HACHURES
10
152.900000
20
308.172619
30
0.0
11
157.900000
21
313.172619
31
0.0
0
LINE
8
04_HACHURES
10
197.900000
20
353.172619
30
0.0
11
202.900000
21
358.172619
31
0.0
0
LINE
8
04_HACHURES
10
152.900000
20
311.283889
30
0.0
11
157.900000
21
316.283889
31
0.0
0
LINE
8
04_HACHURES
10
197.900000
20
356.283889
30
0.0
11
202.900000
21
361.283889
31
0.0
0
LINE
8
04_HACHURES
10
152.900000
20
314.395159
30
0.0
11
157.900000
21
319.395159
31
0.0
0
LINE
8
04_HACHURES
10
197.900000
20
359.395159
30
0.0
11
202.900000
21
364.395159
31
0.0
0
LINE
8
04_HACHURES
10
152.900000
20
317.506428
30
0.0
11
157.900000
21
322.506428
31
0.0
0
LINE
8
04_HACHURES
10
197.900000
20
362.506428
30
0.0
11
202.900000
21
367.506428
31
0.0
0
LINE
8
04_HACHURES
10
152.900000
20
320.617698
30
0.0
11
157.900000
21
325.617698
31
0.0
0
LINE
8
04_HACHURES
10
197.900000
20
365.617698
30
0.0
11
202.900000
21
370.617698
31
0.0
0
LINE
8
04_HACHURES
10
152.900000
20
323.728968
30
0.0
11
157.900000
21
328.728968
31
0.0
0
LINE
8
04_HACHURES
10
197.900000
20
368.728968
30
0.0
11
202.900000
21
373.728968
31
0.0
0
LINE
8
04_HACHURES
10
152.900000
20
326.840238
30
0.0
11
157.900000
21
331.840238
31
0.0
0
LINE
8
04_HACHURES
10
197.900000
20
371.840238
30
0.0
11
202.900000
21
376.840238
31
0.0
0
LINE
8
04_HACHURES
10
152.900000
20
329.951508
30
0.0
11
157.900000
21
334.951508
31
0.0
0
LINE
8
04_HACHURES
10
197.900000
20
374.951508
30
0.0
11
202.900000
21
379.951508
31
0.0
0
LINE
8
04_HACHURES
10
152.900000
20
333.062778
30
0.0
11
157.900000
21
338.062778
31
0.0
0
LINE
8
04_HACHURES
10
197.900000
20
378.062778
30
0.0
11
202.900000
21
383.062778
31
0.0
0
LINE
8
04_HACHURES
10
152.900000
20
336.174047
30
0.0
11
157.900000
21
341.174047
31
0.0
0
LINE
8
04_HACHURES
10
197.900000
20
381.174047
30
0.0
11
202.900000
21
386.174047
31
0.0
0
LINE
8
04_HACHURES
10
152.900000
20
339.285317
30
0.0
11
157.900000
21
344.285317
31
0.0
0
LINE
8
04_HACHURES
10
197.900000
20
384.285317
30
0.0
11
202.900000
21
389.285317
31
0.0
0
LINE
8
04_HACHURES
10
152.900000
20
342.396587
30
0.0
11
157.900000
21
347.396587
31
0.0
0
LINE
8
04_HACHURES
10
197.900000
20
387.396587
30
0.0
11
202.900000
21
392.396587
31
0.0
0
LINE
8
04_HACHURES
10
152.900000
20
345.507857
30
0.0
11
157.900000
21
350.507857
31
0.0
0
LINE
8
04_HACHURES
10
197.900000
20
390.507857
30
0.0
11
202.900000
21
395.507857
31
0.0
0
LINE
8
04_HACHURES
10
152.900000
20
348.619127
30
0.0
11
157.900000
21
353.619127
31
0.0
0
LINE
8
04_HACHURES
10
197.900000
20
393.619127
30
0.0
11
202.900000
21
398.619127
31
0.0
0
LINE
8
04_HACHURES
10
152.900000
20
351.730397
30
0.0
11
157.900000
21
356.730397
31
0.0
0
LINE
8
04_HACHURES
10
197.900000
20
396.730397
30
0.0
11
202.900000
21
401.730397
31
0.0
0
LINE
8
04_HACHURES
10
152.900000
20
354.841666
30
0.0
11
157.900000
21
359.841666
31
0.0
0
LINE
8
04_HACHURES
10
197.900000
20
399.841666
30
0.0
11
202.900000
21
404.841666
31
0.0
0
LINE
8
04_HACHURES
10
152.900000
20
357.952936
30
0.0
11
157.900000
21
362.952936
31
0.0
0
LINE
8
04_HACHURES
10
197.900000
20
402.952936
30
0.0
11
202.900000
21
407.952936
31
0.0
0
LINE
8
04_HACHURES
10
152.900000
20
361.064206
30
0.0
11
157.900000
21
366.064206
31
0.0
0
LINE
8
04_HACHURES
10
197.900000
20
406.064206
30
0.0
11
202.900000
21
411.064206
31
0.0
0
LINE
8
04_HACHURES
10
152.900000
20
364.175476
30
0.0
11
157.900000
21
369.175476
31
0.0
0
LINE
8
04_HACHURES
10
197.900000
20
409.175476
30
0.0
11
202.900000
21
414.175476
31
0.0
0
LINE
8
04_HACHURES
10
152.900000
20
367.286746
30
0.0
11
157.900000
21
372.286746
31
0.0
0
LINE
8
04_HACHURES
10
197.900000
20
412.286746
30
0.0
11
202.900000
21
417.286746
31
0.0
0
LINE
8
04_HACHURES
10
152.900000
20
370.398016
30
0.0
11
157.900000
21
375.398016
31
0.0
0
LINE
8
04_HACHURES
10
197.900000
20
415.398016
30
0.0
11
202.900000
21
420.398016
31
0.0
0
LINE
8
04_HACHURES
10
152.900000
20
373.509285
30
0.0
11
157.900000
21
378.509285
31
0.0
0
LINE
8
04_HACHURES
10
197.900000
20
418.509285
30
0.0
11
200.890715
21
421.500000
31
0.0
0
LINE
8
04_HACHURES
10
152.900000
20
376.620555
30
0.0
11
157.900000
21
381.620555
31
0.0
0
LINE
8
04_HACHURES
10
152.900000
20
379.731825
30
0.0
11
157.900000
21
384.731825
31
0.0
0
LINE
8
04_HACHURES
10
152.900000
20
382.843095
30
0.0
11
157.900000
21
387.843095
31
0.0
0
LINE
8
04_HACHURES
10
152.900000
20
385.954365
30
0.0
11
157.900000
21
390.954365
31
0.0
0
LINE
8
04_HACHURES
10
152.900000
20
389.065635
30
0.0
11
157.900000
21
394.065635
31
0.0
0
LINE
8
04_HACHURES
10
152.900000
20
392.176905
30
0.0
11
157.900000
21
397.176905
31
0.0
0
LINE
8
04_HACHURES
10
152.900000
20
395.288174
30
0.0
11
157.900000
21
400.288174
31
0.0
0
LINE
8
04_HACHURES
10
152.900000
20
398.399444
30
0.0
11
157.900000
21
403.399444
31
0.0
0
LINE
8
04_HACHURES
10
152.900000
20
401.510714
30
0.0
11
157.900000
21
406.510714
31
0.0
0
LINE
8
04_HACHURES
10
152.900000
20
404.621984
30
0.0
11
157.900000
21
409.621984
31
0.0
0
LINE
8
04_HACHURES
10
152.900000
20
407.733254
30
0.0
11
157.900000
21
412.733254
31
0.0
0
LINE
8
04_HACHURES
10
152.900000
20
410.844524
30
0.0
11
157.900000
21
415.844524
31
0.0
0
LINE
8
04_HACHURES
10
152.900000
20
413.955793
30
0.0
11
157.900000
21
418.955793
31
0.0
0
LINE
8
04_HACHURES
10
152.900000
20
417.067063
30
0.0
11
157.332937
21
421.500000
31
0.0
0
LINE
8
04_HACHURES
10
152.900000
20
420.178333
30
0.0
11
154.221667
21
421.500000
31
0.0
0
LINE
8
07_CHAUSSEE
10
58.900000
20
241.500000
30
0.0
11
296.900000
21
241.500000
31
0.0
0
LINE
8
07_CHAUSSEE
10
58.900000
20
421.500000
30
0.0
11
296.900000
21
421.500000
31
0.0
0
LINE
8
07_CHAUSSEE
6
TIRETS
10
58.900000
20
261.500000
30
0.0
11
296.900000
21
261.500000
31
0.0
0
LINE
8
07_CHAUSSEE
6
TIRETS
10
58.900000
20
401.500000
30
0.0
11
296.900000
21
401.500000
31
0.0
0
LINE
8
05_TERRAIN
10
116.900000
20
171.500000
30
0.0
11
58.900000
21
171.500000
31
0.0
0
LINE
8
06_REMBLAI
10
116.900000
20
171.500000
30
0.0
11
116.900000
21
241.500000
31
0.0
0
LINE
8
06_REMBLAI
10
94.900000
20
171.500000
30
0.0
11
94.900000
21
241.500000
31
0.0
0
LINE
8
06_REMBLAI
10
72.900000
20
171.500000
30
0.0
11
72.900000
21
241.500000
31
0.0
0
LINE
8
05_TERRAIN
10
238.900000
20
171.500000
30
0.0
11
296.900000
21
171.500000
31
0.0
0
LINE
8
06_REMBLAI
10
238.900000
20
171.500000
30
0.0
11
238.900000
21
241.500000
31
0.0
0
LINE
8
06_REMBLAI
10
260.900000
20
171.500000
30
0.0
11
260.900000
21
241.500000
31
0.0
0
LINE
8
06_REMBLAI
10
282.900000
20
171.500000
30
0.0
11
282.900000
21
241.500000
31
0.0
0
LINE
8
05_TERRAIN
10
116.900000
20
491.500000
30
0.0
11
58.900000
21
491.500000
31
0.0
0
LINE
8
06_REMBLAI
10
116.900000
20
491.500000
30
0.0
11
116.900000
21
421.500000
31
0.0
0
LINE
8
06_REMBLAI
10
94.900000
20
491.500000
30
0.0
11
94.900000
21
421.500000
31
0.0
0
LINE
8
06_REMBLAI
10
72.900000
20
491.500000
30
0.0
11
72.900000
21
421.500000
31
0.0
0
LINE
8
05_TERRAIN
10
238.900000
20
491.500000
30
0.0
11
296.900000
21
491.500000
31
0.0
0
LINE
8
06_REMBLAI
10
238.900000
20
491.500000
30
0.0
11
238.900000
21
421.500000
31
0.0
0
LINE
8
06_REMBLAI
10
260.900000
20
491.500000
30
0.0
11
260.900000
21
421.500000
31
0.0
0
LINE
8
06_REMBLAI
10
282.900000
20
491.500000
30
0.0
11
282.900000
21
421.500000
31
0.0
0
TEXT
8
05_TERRAIN
10
290.900000
20
206.500000
30
0.0
40
2.000000
1
PIED DE TALUS
41
0.850000
7
STANDARD
72
2
11
290.900000
21
206.500000
31
0.0
73
1
0
LINE
8
01_AXES
10
52.900000
20
331.500000
30
0.0
11
302.900000
21
331.500000
31
0.0
0
TEXT
8
01_AXES
10
306.500000
20
331.500000
30
0.0
40
2.500000
1
AXE ROUTE
41
0.850000
7
STANDARD
72
0
11
306.500000
21
331.500000
31
0.0
73
2
0
LINE
8
01_AXES
10
177.900000
20
133.500000
30
0.0
11
177.900000
21
529.500000
31
0.0
0
TEXT
8
01_AXES
10
179.900000
20
539.500000
30
0.0
40
2.000000
1
AXE HYDRAULIQUE
50
90.000000
41
0.850000
7
STANDARD
72
1
11
179.900000
21
539.500000
31
0.0
73
1
0
LINE
8
13_EAU
10
126.900000
20
491.500000
30
0.0
11
126.900000
21
523.500000
31
0.0
0
SOLID
8
11_TEXTE
10
126.900000
20
523.500000
30
0.0
11
126.100000
21
519.500000
31
0.0
12
127.700000
22
519.500000
32
0.0
13
127.700000
23
519.500000
33
0.0
0
TEXT
8
13_EAU
10
120.900000
20
507.500000
30
0.0
40
2.000000
1
SENS D'ECOULEMENT
50
90.000000
41
0.850000
7
STANDARD
72
1
11
120.900000
21
507.500000
31
0.0
73
3
0
LINE
8
01_AXES
10
66.900000
20
331.500000
30
0.0
11
288.900000
21
331.500000
31
0.0
0
LINE
8
01_AXES
10
66.900000
20
331.500000
30
0.0
11
66.900000
21
321.500000
31
0.0
0
SOLID
8
11_TEXTE
10
66.900000
20
321.500000
30
0.0
11
67.350000
21
324.000000
31
0.0
12
66.450000
22
324.000000
32
0.0
13
66.450000
23
324.000000
33
0.0
0
TEXT
8
11_TEXTE
10
66.900000
20
317.500000
30
0.0
40
3.500000
1
B
41
0.850000
7
STANDARD
72
1
11
66.900000
21
317.500000
31
0.0
73
2
0
LINE
8
01_AXES
10
288.900000
20
331.500000
30
0.0
11
288.900000
21
321.500000
31
0.0
0
SOLID
8
11_TEXTE
10
288.900000
20
321.500000
30
0.0
11
289.350000
21
324.000000
31
0.0
12
288.450000
22
324.000000
32
0.0
13
288.450000
23
324.000000
33
0.0
0
TEXT
8
11_TEXTE
10
288.900000
20
317.500000
30
0.0
40
3.500000
1
B
41
0.850000
7
STANDARD
72
1
11
288.900000
21
317.500000
31
0.0
73
2
0
LINE
8
01_AXES
10
177.900000
20
155.500000
30
0.0
11
177.900000
21
507.500000
31
0.0
0
LINE
8
01_AXES
10
177.900000
20
155.500000
30
0.0
11
167.900000
21
155.500000
31
0.0
0
SOLID
8
11_TEXTE
10
167.900000
20
155.500000
30
0.0
11
170.400000
21
155.050000
31
0.0
12
170.400000
22
155.950000
32
0.0
13
170.400000
23
155.950000
33
0.0
0
TEXT
8
11_TEXTE
10
163.900000
20
155.500000
30
0.0
40
3.500000
1
A
41
0.850000
7
STANDARD
72
1
11
163.900000
21
155.500000
31
0.0
73
2
0
LINE
8
01_AXES
10
177.900000
20
507.500000
30
0.0
11
167.900000
21
507.500000
31
0.0
0
SOLID
8
11_TEXTE
10
167.900000
20
507.500000
30
0.0
11
170.400000
21
507.050000
31
0.0
12
170.400000
22
507.950000
32
0.0
13
170.400000
23
507.950000
33
0.0
0
TEXT
8
11_TEXTE
10
163.900000
20
507.500000
30
0.0
40
3.500000
1
A
41
0.850000
7
STANDARD
72
1
11
163.900000
21
507.500000
31
0.0
73
2
0
LINE
8
10_COTATION
10
152.900000
20
240.500000
30
0.0
11
152.900000
21
122.000000
31
0.0
0
LINE
8
10_COTATION
10
157.900000
20
240.500000
30
0.0
11
157.900000
21
122.000000
31
0.0
0
LINE
8
10_COTATION
10
152.900000
20
123.500000
30
0.0
11
157.900000
21
123.500000
31
0.0
0
LINE
8
10_COTATION
10
152.016117
20
122.616117
30
0.0
11
153.783883
21
124.383883
31
0.0
0
LINE
8
10_COTATION
10
157.016117
20
122.616117
30
0.0
11
158.783883
21
124.383883
31
0.0
0
TEXT
8
10_COTATION
10
155.400000
20
124.300000
30
0.0
40
2.000000
1
0.25
41
0.850000
7
STANDARD
72
1
11
155.400000
21
124.300000
31
0.0
73
1
0
LINE
8
10_COTATION
10
157.900000
20
240.500000
30
0.0
11
157.900000
21
122.000000
31
0.0
0
LINE
8
10_COTATION
10
197.900000
20
240.500000
30
0.0
11
197.900000
21
122.000000
31
0.0
0
LINE
8
10_COTATION
10
157.900000
20
123.500000
30
0.0
11
197.900000
21
123.500000
31
0.0
0
LINE
8
10_COTATION
10
157.016117
20
122.616117
30
0.0
11
158.783883
21
124.383883
31
0.0
0
LINE
8
10_COTATION
10
197.016117
20
122.616117
30
0.0
11
198.783883
21
124.383883
31
0.0
0
TEXT
8
10_COTATION
10
177.900000
20
124.300000
30
0.0
40
2.000000
1
2.00
41
0.850000
7
STANDARD
72
1
11
177.900000
21
124.300000
31
0.0
73
1
0
LINE
8
10_COTATION
10
197.900000
20
240.500000
30
0.0
11
197.900000
21
122.000000
31
0.0
0
LINE
8
10_COTATION
10
202.900000
20
240.500000
30
0.0
11
202.900000
21
122.000000
31
0.0
0
LINE
8
10_COTATION
10
197.900000
20
123.500000
30
0.0
11
202.900000
21
123.500000
31
0.0
0
LINE
8
10_COTATION
10
197.016117
20
122.616117
30
0.0
11
198.783883
21
124.383883
31
0.0
0
LINE
8
10_COTATION
10
202.016117
20
122.616117
30
0.0
11
203.783883
21
124.383883
31
0.0
0
TEXT
8
10_COTATION
10
200.400000
20
124.300000
30
0.0
40
2.000000
1
0.25
41
0.850000
7
STANDARD
72
1
11
200.400000
21
124.300000
31
0.0
73
1
0
LINE
8
10_COTATION
10
152.900000
20
240.500000
30
0.0
11
152.900000
21
106.000000
31
0.0
0
LINE
8
10_COTATION
10
202.900000
20
240.500000
30
0.0
11
202.900000
21
106.000000
31
0.0
0
LINE
8
10_COTATION
10
152.900000
20
107.500000
30
0.0
11
202.900000
21
107.500000
31
0.0
0
LINE
8
10_COTATION
10
152.016117
20
106.616117
30
0.0
11
153.783883
21
108.383883
31
0.0
0
LINE
8
10_COTATION
10
202.016117
20
106.616117
30
0.0
11
203.783883
21
108.383883
31
0.0
0
TEXT
8
10_COTATION
10
177.900000
20
108.300000
30
0.0
40
2.000000
1
2.50
41
0.850000
7
STANDARD
72
1
11
177.900000
21
108.300000
31
0.0
73
1
0
LINE
8
10_COTATION
10
203.900000
20
241.500000
30
0.0
11
316.400000
21
241.500000
31
0.0
0
LINE
8
10_COTATION
10
203.900000
20
261.500000
30
0.0
11
316.400000
21
261.500000
31
0.0
0
LINE
8
10_COTATION
10
314.900000
20
241.500000
30
0.0
11
314.900000
21
261.500000
31
0.0
0
LINE
8
10_COTATION
10
314.016117
20
240.616117
30
0.0
11
315.783883
21
242.383883
31
0.0
0
LINE
8
10_COTATION
10
314.016117
20
260.616117
30
0.0
11
315.783883
21
262.383883
31
0.0
0
TEXT
8
10_COTATION
10
314.100000
20
251.500000
30
0.0
40
2.000000
1
1.00
50
90.000000
41
0.850000
7
STANDARD
72
1
11
314.100000
21
251.500000
31
0.0
73
3
0
LINE
8
10_COTATION
10
203.900000
20
261.500000
30
0.0
11
316.400000
21
261.500000
31
0.0
0
LINE
8
10_COTATION
10
203.900000
20
401.500000
30
0.0
11
316.400000
21
401.500000
31
0.0
0
LINE
8
10_COTATION
10
314.900000
20
261.500000
30
0.0
11
314.900000
21
401.500000
31
0.0
0
LINE
8
10_COTATION
10
314.016117
20
260.616117
30
0.0
11
315.783883
21
262.383883
31
0.0
0
LINE
8
10_COTATION
10
314.016117
20
400.616117
30
0.0
11
315.783883
21
402.383883
31
0.0
0
TEXT
8
10_COTATION
10
314.100000
20
331.500000
30
0.0
40
2.000000
1
7.00
50
90.000000
41
0.850000
7
STANDARD
72
1
11
314.100000
21
331.500000
31
0.0
73
3
0
LINE
8
10_COTATION
10
203.900000
20
401.500000
30
0.0
11
316.400000
21
401.500000
31
0.0
0
LINE
8
10_COTATION
10
203.900000
20
421.500000
30
0.0
11
316.400000
21
421.500000
31
0.0
0
LINE
8
10_COTATION
10
314.900000
20
401.500000
30
0.0
11
314.900000
21
421.500000
31
0.0
0
LINE
8
10_COTATION
10
314.016117
20
400.616117
30
0.0
11
315.783883
21
402.383883
31
0.0
0
LINE
8
10_COTATION
10
314.016117
20
420.616117
30
0.0
11
315.783883
21
422.383883
31
0.0
0
TEXT
8
10_COTATION
10
314.100000
20
411.500000
30
0.0
40
2.000000
1
1.00
50
90.000000
41
0.850000
7
STANDARD
72
1
11
314.100000
21
411.500000
31
0.0
73
3
0
LINE
8
10_COTATION
10
203.900000
20
241.500000
30
0.0
11
334.400000
21
241.500000
31
0.0
0
LINE
8
10_COTATION
10
203.900000
20
421.500000
30
0.0
11
334.400000
21
421.500000
31
0.0
0
LINE
8
10_COTATION
10
332.900000
20
241.500000
30
0.0
11
332.900000
21
421.500000
31
0.0
0
LINE
8
10_COTATION
10
332.016117
20
240.616117
30
0.0
11
333.783883
21
242.383883
31
0.0
0
LINE
8
10_COTATION
10
332.016117
20
420.616117
30
0.0
11
333.783883
21
422.383883
31
0.0
0
TEXT
8
10_COTATION
10
332.100000
20
331.500000
30
0.0
40
2.000000
1
9.00
50
90.000000
41
0.850000
7
STANDARD
72
1
11
332.100000
21
331.500000
31
0.0
73
3
0
LINE
8
11_TEXTE
10
142.900000
20
215.519238
30
0.0
11
58.900000
21
205.500000
31
0.0
0
LINE
8
11_TEXTE
10
58.900000
20
205.500000
30
0.0
11
54.900000
21
205.500000
31
0.0
0
SOLID
8
11_TEXTE
10
142.900000
20
215.519238
30
0.0
11
140.364299
21
215.669978
31
0.0
12
140.470893
22
214.776312
32
0.0
13
140.470893
23
214.776312
33
0.0
0
TEXT
8
11_TEXTE
10
53.900000
20
205.500000
30
0.0
40
2.500000
1
MUR EN AILE L=3.00
41
0.850000
7
STANDARD
72
2
11
53.900000
21
205.500000
31
0.0
73
2
0
ARC
8
10_COTATION
10
157.900000
20
241.500000
30
0.0
40
20.000000
50
240.000000
51
270.000000
0
LINE
8
01_AXES
10
157.900000
20
241.500000
30
0.0
11
157.900000
21
215.500000
31
0.0
0
TEXT
8
10_COTATION
10
150.394248
20
213.488151
30
0.0
40
2.000000
1
30 deg
41
0.850000
7
STANDARD
72
1
11
150.394248
21
213.488151
31
0.0
73
2
0
LINE
8
11_TEXTE
10
200.400000
20
363.500000
30
0.0
11
298.900000
21
387.500000
31
0.0
0
LINE
8
11_TEXTE
10
298.900000
20
387.500000
30
0.0
11
302.900000
21
387.500000
31
0.0
0
SOLID
8
11_TEXTE
10
200.400000
20
363.500000
30
0.0
11
202.935467
21
363.654614
31
0.0
12
202.722411
22
364.529032
32
0.0
13
202.722411
23
364.529032
33
0.0
0
TEXT
8
11_TEXTE
10
303.900000
20
387.500000
30
0.0
40
2.500000
1
SEMELLE D'AILE (VUE EN PLAN CACHEE)
41
0.850000
7
STANDARD
72
0
11
303.900000
21
387.500000
31
0.0
73
2
0
TEXT
8
11_TEXTE
10
177.900000
20
331.500000
30
0.0
40
3.000000
1
1 x (2.00 x 1.50)
41
0.850000
7
STANDARD
72
1
11
177.900000
21
331.500000
31
0.0
73
2
0
LINE
8
06_REMBLAI
10
730.799366
20
452.792006
30
0.0
11
732.184416
21
454.177056
31
0.0
0
LINE
8
06_REMBLAI
10
722.398097
20
452.876019
30
0.0
11
727.093247
21
457.571169
31
0.0
0
LINE
8
06_REMBLAI
10
713.996828
20
452.960032
30
0.0
11
722.002078
21
460.965281
31
0.0
0
LINE
8
06_REMBLAI
10
705.595560
20
453.044044
30
0.0
11
716.910909
21
464.359394
31
0.0
0
LINE
8
06_REMBLAI
10
697.194291
20
453.128057
30
0.0
11
711.819740
21
467.753506
31
0.0
0
LINE
8
06_REMBLAI
10
688.793022
20
453.212070
30
0.0
11
706.728571
21
471.147619
31
0.0
0
LINE
8
06_REMBLAI
10
680.391754
20
453.296082
30
0.0
11
701.637403
21
474.541732
31
0.0
0
LINE
8
06_REMBLAI
10
671.990485
20
453.380095
30
0.0
11
696.546234
21
477.935844
31
0.0
0
LINE
8
06_REMBLAI
10
655.668424
20
445.543316
30
0.0
11
660.000000
21
449.874892
31
0.0
0
LINE
8
06_REMBLAI
10
663.589216
20
453.464108
30
0.0
11
691.455065
21
481.329957
31
0.0
0
LINE
8
06_REMBLAI
10
647.267155
20
445.627328
30
0.0
11
655.187947
21
453.548121
31
0.0
0
LINE
8
06_REMBLAI
10
660.000000
20
458.360173
30
0.0
11
686.363896
21
484.724069
31
0.0
0
LINE
8
06_REMBLAI
10
638.865887
20
445.711341
30
0.0
11
646.786679
21
453.632133
31
0.0
0
LINE
8
06_REMBLAI
10
660.000000
20
466.845454
30
0.0
11
681.272727
21
488.118182
31
0.0
0
LINE
8
06_REMBLAI
10
630.464618
20
445.795354
30
0.0
11
638.385410
21
453.716146
31
0.0
0
LINE
8
06_REMBLAI
10
660.000000
20
475.330736
30
0.0
11
676.181559
21
491.512294
31
0.0
0
LINE
8
06_REMBLAI
10
622.063349
20
445.879367
30
0.0
11
629.984141
21
453.800159
31
0.0
0
LINE
8
06_REMBLAI
10
660.000000
20
483.816017
30
0.0
11
671.090390
21
494.906407
31
0.0
0
LINE
8
06_REMBLAI
10
613.662081
20
445.963379
30
0.0
11
621.582873
21
453.884171
31
0.0
0
LINE
8
06_REMBLAI
10
660.000000
20
492.301299
30
0.0
11
665.999221
21
498.300519
31
0.0
0
LINE
8
06_REMBLAI
10
605.260812
20
446.047392
30
0.0
11
613.181604
21
453.968184
31
0.0
0
LINE
8
06_REMBLAI
10
647.789764
20
488.576344
30
0.0
11
655.000000
21
495.786580
31
0.0
0
LINE
8
06_REMBLAI
10
660.000000
20
500.786580
30
0.0
11
660.908052
21
501.694632
31
0.0
0
LINE
8
06_REMBLAI
10
596.859543
20
446.131405
30
0.0
11
604.780335
21
454.052197
31
0.0
0
LINE
8
06_REMBLAI
10
639.393385
20
488.665247
30
0.0
11
653.028139
21
502.300000
31
0.0
0
LINE
8
06_REMBLAI
10
588.458275
20
446.215417
30
0.0
11
596.379067
21
454.136209
31
0.0
0
LINE
8
06_REMBLAI
10
630.997007
20
488.754149
30
0.0
11
644.542857
21
502.300000
31
0.0
0
LINE
8
06_REMBLAI
10
580.057006
20
446.299430
30
0.0
11
587.977798
21
454.220222
31
0.0
0
LINE
8
06_REMBLAI
10
622.600628
20
488.843052
30
0.0
11
636.057576
21
502.300000
31
0.0
0
LINE
8
06_REMBLAI
10
571.655737
20
446.383443
30
0.0
11
579.576529
21
454.304235
31
0.0
0
LINE
8
06_REMBLAI
10
614.204250
20
488.931955
30
0.0
11
627.572295
21
502.300000
31
0.0
0
LINE
8
06_REMBLAI
10
563.254469
20
446.467455
30
0.0
11
571.175261
21
454.388247
31
0.0
0
LINE
8
06_REMBLAI
10
605.807871
20
489.020858
30
0.0
11
619.087013
21
502.300000
31
0.0
0
LINE
8
06_REMBLAI
10
554.853200
20
446.551468
30
0.0
11
562.773992
21
454.472260
31
0.0
0
LINE
8
06_REMBLAI
10
597.411492
20
489.109761
30
0.0
11
610.601732
21
502.300000
31
0.0
0
LINE
8
06_REMBLAI
10
546.451931
20
446.635481
30
0.0
11
554.372723
21
454.556273
31
0.0
0
LINE
8
06_REMBLAI
10
589.015114
20
489.198663
30
0.0
11
602.116450
21
502.300000
31
0.0
0
LINE
8
06_REMBLAI
10
538.050662
20
446.719493
30
0.0
11
545.971455
21
454.640285
31
0.0
0
LINE
8
06_REMBLAI
10
580.618735
20
489.287566
30
0.0
11
593.631169
21
502.300000
31
0.0
0
LINE
8
06_REMBLAI
10
529.649394
20
446.803506
30
0.0
11
537.570186
21
454.724298
31
0.0
0
LINE
8
06_REMBLAI
10
572.222357
20
489.376469
30
0.0
11
585.145888
21
502.300000
31
0.0
0
LINE
8
06_REMBLAI
10
521.248125
20
446.887519
30
0.0
11
529.168917
21
454.808311
31
0.0
0
LINE
8
06_REMBLAI
10
563.825978
20
489.465372
30
0.0
11
576.660606
21
502.300000
31
0.0
0
LINE
8
06_REMBLAI
10
512.846856
20
446.971531
30
0.0
11
520.767648
21
454.892324
31
0.0
0
LINE
8
06_REMBLAI
10
555.429600
20
489.554275
30
0.0
11
568.175325
21
502.300000
31
0.0
0
LINE
8
06_REMBLAI
10
504.445588
20
447.055544
30
0.0
11
512.366380
21
454.976336
31
0.0
0
LINE
8
06_REMBLAI
10
547.033221
20
489.643178
30
0.0
11
559.690044
21
502.300000
31
0.0
0
LINE
8
06_REMBLAI
10
496.044319
20
447.139557
30
0.0
11
503.965111
21
455.060349
31
0.0
0
LINE
8
06_REMBLAI
10
538.636843
20
489.732080
30
0.0
11
551.204762
21
502.300000
31
0.0
0
LINE
8
06_REMBLAI
10
487.643050
20
447.223569
30
0.0
11
495.563842
21
455.144362
31
0.0
0
LINE
8
06_REMBLAI
10
530.240464
20
489.820983
30
0.0
11
542.719481
21
502.300000
31
0.0
0
LINE
8
06_REMBLAI
10
480.000000
20
448.065801
30
0.0
11
487.162574
21
455.228374
31
0.0
0
LINE
8
06_REMBLAI
10
521.844086
20
489.909886
30
0.0
11
534.234199
21
502.300000
31
0.0
0
LINE
8
06_REMBLAI
10
478.761305
20
455.312387
30
0.0
11
480.000000
21
456.551082
31
0.0
0
LINE
8
06_REMBLAI
10
513.447707
20
489.998789
30
0.0
11
525.748918
21
502.300000
31
0.0
0
LINE
8
06_REMBLAI
10
470.360036
20
455.396400
30
0.0
11
480.000000
21
465.036363
31
0.0
0
LINE
8
06_REMBLAI
10
505.051329
20
490.087692
30
0.0
11
517.263637
21
502.300000
31
0.0
0
LINE
8
06_REMBLAI
10
461.958768
20
455.480412
30
0.0
11
480.000000
21
473.521645
31
0.0
0
LINE
8
06_REMBLAI
10
496.654950
20
490.176595
30
0.0
11
508.778355
21
502.300000
31
0.0
0
LINE
8
06_REMBLAI
10
453.557499
20
455.564425
30
0.0
11
480.000000
21
482.006926
31
0.0
0
LINE
8
06_REMBLAI
10
488.258571
20
490.265497
30
0.0
11
500.293074
21
502.300000
31
0.0
0
LINE
8
06_REMBLAI
10
445.156230
20
455.648438
30
0.0
11
480.000000
21
490.492207
31
0.0
0
LINE
8
06_REMBLAI
10
485.000000
20
495.492207
30
0.0
11
491.807793
21
502.300000
31
0.0
0
LINE
8
06_REMBLAI
10
436.754962
20
455.732450
30
0.0
11
480.000000
21
498.977489
31
0.0
0
LINE
8
06_REMBLAI
10
428.353693
20
455.816463
30
0.0
11
464.511690
21
491.974460
31
0.0
0
LINE
8
06_REMBLAI
10
419.952424
20
455.900476
30
0.0
11
439.055845
21
475.003897
31
0.0
0
LINE
8
06_REMBLAI
10
411.551156
20
455.984488
30
0.0
11
413.600001
21
458.033334
31
0.0
0
LINE
8
06_REMBLAI
10
730.714504
20
452.792855
30
0.0
11
723.622078
21
459.885281
31
0.0
0
LINE
8
06_REMBLAI
10
722.143513
20
452.878565
30
0.0
11
698.166234
21
476.855844
31
0.0
0
LINE
8
06_REMBLAI
10
713.572522
20
452.964275
30
0.0
11
672.710390
21
493.826407
31
0.0
0
LINE
8
06_REMBLAI
10
705.001530
20
453.049985
30
0.0
11
660.000000
21
498.051515
31
0.0
0
LINE
8
06_REMBLAI
10
696.430539
20
453.135695
30
0.0
11
660.000000
21
489.566234
31
0.0
0
LINE
8
06_REMBLAI
10
655.000000
20
494.566234
30
0.0
11
647.266234
21
502.300000
31
0.0
0
LINE
8
06_REMBLAI
10
687.859548
20
453.221405
30
0.0
11
660.000000
21
481.080952
31
0.0
0
LINE
8
06_REMBLAI
10
652.555065
20
488.525888
30
0.0
11
638.780952
21
502.300000
31
0.0
0
LINE
8
06_REMBLAI
10
679.288557
20
453.307114
30
0.0
11
660.000000
21
472.595671
31
0.0
0
LINE
8
06_REMBLAI
10
643.978978
20
488.616693
30
0.0
11
630.295671
21
502.300000
31
0.0
0
LINE
8
06_REMBLAI
10
670.717565
20
453.392824
30
0.0
11
660.000000
21
464.110390
31
0.0
0
LINE
8
06_REMBLAI
10
635.402891
20
488.707499
30
0.0
11
621.810390
21
502.300000
31
0.0
0
LINE
8
06_REMBLAI
10
662.146574
20
453.478534
30
0.0
11
660.000000
21
455.625108
31
0.0
0
LINE
8
06_REMBLAI
10
626.826804
20
488.798304
30
0.0
11
613.325108
21
502.300000
31
0.0
0
LINE
8
06_REMBLAI
10
660.000000
20
447.139827
30
0.0
11
653.575583
21
453.564244
31
0.0
0
LINE
8
06_REMBLAI
10
618.250717
20
488.889110
30
0.0
11
604.839827
21
502.300000
31
0.0
0
LINE
8
06_REMBLAI
10
653.085400
20
445.569146
30
0.0
11
645.004591
21
453.649954
31
0.0
0
LINE
8
06_REMBLAI
10
609.674630
20
488.979916
30
0.0
11
596.354546
21
502.300000
31
0.0
0
LINE
8
06_REMBLAI
10
644.514408
20
445.654856
30
0.0
11
636.433600
21
453.735664
31
0.0
0
LINE
8
06_REMBLAI
10
601.098543
20
489.070721
30
0.0
11
587.869264
21
502.300000
31
0.0
0
LINE
8
06_REMBLAI
10
635.943417
20
445.740566
30
0.0
11
627.862609
21
453.821374
31
0.0
0
LINE
8
06_REMBLAI
10
592.522456
20
489.161527
30
0.0
11
579.383983
21
502.300000
31
0.0
0
LINE
8
06_REMBLAI
10
627.372426
20
445.826276
30
0.0
11
619.291618
21
453.907084
31
0.0
0
LINE
8
06_REMBLAI
10
583.946369
20
489.252333
30
0.0
11
570.898701
21
502.300000
31
0.0
0
LINE
8
06_REMBLAI
10
618.801434
20
445.911986
30
0.0
11
610.720626
21
453.992794
31
0.0
0
LINE
8
06_REMBLAI
10
575.370282
20
489.343138
30
0.0
11
562.413420
21
502.300000
31
0.0
0
LINE
8
06_REMBLAI
10
610.230443
20
445.997696
30
0.0
11
602.149635
21
454.078504
31
0.0
0
LINE
8
06_REMBLAI
10
566.794195
20
489.433944
30
0.0
11
553.928139
21
502.300000
31
0.0
0
LINE
8
06_REMBLAI
10
601.659452
20
446.083405
30
0.0
11
593.578644
21
454.164214
31
0.0
0
LINE
8
06_REMBLAI
10
558.218108
20
489.524749
30
0.0
11
545.442857
21
502.300000
31
0.0
0
LINE
8
06_REMBLAI
10
593.088461
20
446.169115
30
0.0
11
585.007652
21
454.249923
31
0.0
0
LINE
8
06_REMBLAI
10
549.642021
20
489.615555
30
0.0
11
536.957576
21
502.300000
31
0.0
0
LINE
8
06_REMBLAI
10
584.517469
20
446.254825
30
0.0
11
576.436661
21
454.335633
31
0.0
0
LINE
8
06_REMBLAI
10
541.065934
20
489.706361
30
0.0
11
528.472295
21
502.300000
31
0.0
0
LINE
8
06_REMBLAI
10
575.946478
20
446.340535
30
0.0
11
567.865670
21
454.421343
31
0.0
0
LINE
8
06_REMBLAI
10
532.489847
20
489.797166
30
0.0
11
519.987013
21
502.300000
31
0.0
0
LINE
8
06_REMBLAI
10
567.375487
20
446.426245
30
0.0
11
559.294679
21
454.507053
31
0.0
0
LINE
8
06_REMBLAI
10
523.913760
20
489.887972
30
0.0
11
511.501732
21
502.300000
31
0.0
0
LINE
8
06_REMBLAI
10
558.804495
20
446.511955
30
0.0
11
550.723687
21
454.592763
31
0.0
0
LINE
8
06_REMBLAI
10
515.337673
20
489.978778
30
0.0
11
503.016450
21
502.300000
31
0.0
0
LINE
8
06_REMBLAI
10
550.233504
20
446.597665
30
0.0
11
542.152696
21
454.678473
31
0.0
0
LINE
8
06_REMBLAI
10
506.761586
20
490.069583
30
0.0
11
494.531169
21
502.300000
31
0.0
0
LINE
8
06_REMBLAI
10
541.662513
20
446.683375
30
0.0
11
533.581705
21
454.764183
31
0.0
0
LINE
8
06_REMBLAI
10
498.185499
20
490.160389
30
0.0
11
486.045888
21
502.300000
31
0.0
0
LINE
8
06_REMBLAI
10
533.091522
20
446.769085
30
0.0
11
525.010713
21
454.849893
31
0.0
0
LINE
8
06_REMBLAI
10
489.609412
20
490.251194
30
0.0
11
485.000000
21
494.860606
31
0.0
0
LINE
8
06_REMBLAI
10
480.000000
20
499.860606
30
0.0
11
478.536364
21
501.324243
31
0.0
0
LINE
8
06_REMBLAI
10
524.520530
20
446.854795
30
0.0
11
516.439722
21
454.935603
31
0.0
0
LINE
8
06_REMBLAI
10
480.000000
20
491.375325
30
0.0
11
473.445195
21
497.930130
31
0.0
0
LINE
8
06_REMBLAI
10
515.949539
20
446.940505
30
0.0
11
507.868731
21
455.021313
31
0.0
0
LINE
8
06_REMBLAI
10
480.000000
20
482.890044
30
0.0
11
468.354026
21
494.536017
31
0.0
0
LINE
8
06_REMBLAI
10
507.378548
20
447.026215
30
0.0
11
499.297740
21
455.107023
31
0.0
0
LINE
8
06_REMBLAI
10
480.000000
20
474.404762
30
0.0
11
463.262857
21
491.141905
31
0.0
0
LINE
8
06_REMBLAI
10
498.807556
20
447.111924
30
0.0
11
490.726748
21
455.192733
31
0.0
0
LINE
8
06_REMBLAI
10
480.000000
20
465.919481
30
0.0
11
458.171689
21
487.747792
31
0.0
0
LINE
8
06_REMBLAI
10
490.236565
20
447.197634
30
0.0
11
482.155757
21
455.278442
31
0.0
0
LINE
8
06_REMBLAI
10
480.000000
20
457.434199
30
0.0
11
453.080520
21
484.353680
31
0.0
0
LINE
8
06_REMBLAI
10
481.665574
20
447.283344
30
0.0
11
480.000000
21
448.948918
31
0.0
0
LINE
8
06_REMBLAI
10
473.584766
20
455.364152
30
0.0
11
447.989351
21
480.959567
31
0.0
0
LINE
8
06_REMBLAI
10
465.013774
20
455.449862
30
0.0
11
442.898182
21
477.565455
31
0.0
0
LINE
8
06_REMBLAI
10
456.442783
20
455.535572
30
0.0
11
437.807013
21
474.171342
31
0.0
0
LINE
8
06_REMBLAI
10
447.871792
20
455.621282
30
0.0
11
432.715844
21
470.777230
31
0.0
0
LINE
8
06_REMBLAI
10
439.300801
20
455.706992
30
0.0
11
427.624676
21
467.383117
31
0.0
0
LINE
8
06_REMBLAI
10
430.729809
20
455.792702
30
0.0
11
422.533507
21
463.989004
31
0.0
0
LINE
8
06_REMBLAI
10
422.158818
20
455.878412
30
0.0
11
417.442338
21
460.594892
31
0.0
0
LINE
8
06_REMBLAI
10
413.587827
20
455.964122
30
0.0
11
412.351169
21
457.200779
31
0.0
0
POLYLINE
8
05_TERRAIN
66
1
10
0.0
20
0.0
30
0.0
70
0
0
VERTEX
8
05_TERRAIN
10
370.000000
20
456.400000
30
0.0
0
VERTEX
8
05_TERRAIN
10
410.000000
20
456.000000
30
0.0
0
SEQEND
8
05_TERRAIN
0
LINE
8
05_TERRAIN
10
372.000000
20
456.380000
30
0.0
11
370.400000
21
454.780000
31
0.0
0
LINE
8
05_TERRAIN
10
376.000000
20
456.340000
30
0.0
11
374.400000
21
454.740000
31
0.0
0
LINE
8
05_TERRAIN
10
380.000000
20
456.300000
30
0.0
11
378.400000
21
454.700000
31
0.0
0
LINE
8
05_TERRAIN
10
384.000000
20
456.260000
30
0.0
11
382.400000
21
454.660000
31
0.0
0
LINE
8
05_TERRAIN
10
388.000000
20
456.220000
30
0.0
11
386.400000
21
454.620000
31
0.0
0
LINE
8
05_TERRAIN
10
392.000000
20
456.180000
30
0.0
11
390.400000
21
454.580000
31
0.0
0
LINE
8
05_TERRAIN
10
396.000000
20
456.140000
30
0.0
11
394.400000
21
454.540000
31
0.0
0
LINE
8
05_TERRAIN
10
400.000000
20
456.100000
30
0.0
11
398.400000
21
454.500000
31
0.0
0
LINE
8
05_TERRAIN
10
404.000000
20
456.060000
30
0.0
11
402.400000
21
454.460000
31
0.0
0
LINE
8
05_TERRAIN
10
408.000000
20
456.020000
30
0.0
11
406.400000
21
454.420000
31
0.0
0
POLYLINE
8
05_TERRAIN
66
1
10
0.0
20
0.0
30
0.0
70
0
0
VERTEX
8
05_TERRAIN
10
735.000000
20
452.750000
30
0.0
0
VERTEX
8
05_TERRAIN
10
775.000000
20
452.350000
30
0.0
0
SEQEND
8
05_TERRAIN
0
LINE
8
05_TERRAIN
10
737.000000
20
452.730000
30
0.0
11
735.400000
21
451.130000
31
0.0
0
LINE
8
05_TERRAIN
10
741.000000
20
452.690000
30
0.0
11
739.400000
21
451.090000
31
0.0
0
LINE
8
05_TERRAIN
10
745.000000
20
452.650000
30
0.0
11
743.400000
21
451.050000
31
0.0
0
LINE
8
05_TERRAIN
10
749.000000
20
452.610000
30
0.0
11
747.400000
21
451.010000
31
0.0
0
LINE
8
05_TERRAIN
10
753.000000
20
452.570000
30
0.0
11
751.400000
21
450.970000
31
0.0
0
LINE
8
05_TERRAIN
10
757.000000
20
452.530000
30
0.0
11
755.400000
21
450.930000
31
0.0
0
LINE
8
05_TERRAIN
10
761.000000
20
452.490000
30
0.0
11
759.400000
21
450.890000
31
0.0
0
LINE
8
05_TERRAIN
10
765.000000
20
452.450000
30
0.0
11
763.400000
21
450.850000
31
0.0
0
LINE
8
05_TERRAIN
10
769.000000
20
452.410000
30
0.0
11
767.400000
21
450.810000
31
0.0
0
LINE
8
05_TERRAIN
10
773.000000
20
452.370000
30
0.0
11
771.400000
21
450.770000
31
0.0
0
POLYLINE
8
06_REMBLAI
66
1
10
0.0
20
0.0
30
0.0
70
0
0
VERTEX
8
06_REMBLAI
10
480.000000
20
502.300000
30
0.0
0
VERTEX
8
06_REMBLAI
10
479.000000
20
501.633333
30
0.0
0
VERTEX
8
06_REMBLAI
10
478.000000
20
500.966667
30
0.0
0
VERTEX
8
06_REMBLAI
10
477.000000
20
500.300000
30
0.0
0
VERTEX
8
06_REMBLAI
10
476.000000
20
499.633333
30
0.0
0
VERTEX
8
06_REMBLAI
10
475.000000
20
498.966667
30
0.0
0
VERTEX
8
06_REMBLAI
10
474.000000
20
498.300000
30
0.0
0
VERTEX
8
06_REMBLAI
10
473.000000
20
497.633333
30
0.0
0
VERTEX
8
06_REMBLAI
10
472.000000
20
496.966667
30
0.0
0
VERTEX
8
06_REMBLAI
10
471.000000
20
496.300000
30
0.0
0
VERTEX
8
06_REMBLAI
10
470.000000
20
495.633333
30
0.0
0
VERTEX
8
06_REMBLAI
10
469.000000
20
494.966667
30
0.0
0
VERTEX
8
06_REMBLAI
10
468.000000
20
494.300000
30
0.0
0
VERTEX
8
06_REMBLAI
10
467.000000
20
493.633333
30
0.0
0
VERTEX
8
06_REMBLAI
10
466.000000
20
492.966667
30
0.0
0
VERTEX
8
06_REMBLAI
10
465.000000
20
492.300000
30
0.0
0
VERTEX
8
06_REMBLAI
10
464.000000
20
491.633333
30
0.0
0
VERTEX
8
06_REMBLAI
10
463.000000
20
490.966667
30
0.0
0
VERTEX
8
06_REMBLAI
10
462.000000
20
490.300000
30
0.0
0
VERTEX
8
06_REMBLAI
10
461.000000
20
489.633333
30
0.0
0
VERTEX
8
06_REMBLAI
10
460.000000
20
488.966667
30
0.0
0
VERTEX
8
06_REMBLAI
10
459.000000
20
488.300000
30
0.0
0
VERTEX
8
06_REMBLAI
10
458.000000
20
487.633333
30
0.0
0
VERTEX
8
06_REMBLAI
10
457.000000
20
486.966667
30
0.0
0
VERTEX
8
06_REMBLAI
10
456.000000
20
486.300000
30
0.0
0
VERTEX
8
06_REMBLAI
10
455.000000
20
485.633333
30
0.0
0
VERTEX
8
06_REMBLAI
10
454.000000
20
484.966667
30
0.0
0
VERTEX
8
06_REMBLAI
10
453.000000
20
484.300000
30
0.0
0
VERTEX
8
06_REMBLAI
10
452.000000
20
483.633333
30
0.0
0
VERTEX
8
06_REMBLAI
10
451.000000
20
482.966667
30
0.0
0
VERTEX
8
06_REMBLAI
10
450.000000
20
482.300000
30
0.0
0
VERTEX
8
06_REMBLAI
10
449.000000
20
481.633333
30
0.0
0
VERTEX
8
06_REMBLAI
10
448.000000
20
480.966667
30
0.0
0
VERTEX
8
06_REMBLAI
10
447.000000
20
480.300000
30
0.0
0
VERTEX
8
06_REMBLAI
10
446.000000
20
479.633333
30
0.0
0
VERTEX
8
06_REMBLAI
10
445.000000
20
478.966667
30
0.0
0
VERTEX
8
06_REMBLAI
10
444.000000
20
478.300000
30
0.0
0
VERTEX
8
06_REMBLAI
10
443.000000
20
477.633333
30
0.0
0
VERTEX
8
06_REMBLAI
10
442.000000
20
476.966667
30
0.0
0
VERTEX
8
06_REMBLAI
10
441.000000
20
476.300000
30
0.0
0
VERTEX
8
06_REMBLAI
10
440.000000
20
475.633333
30
0.0
0
VERTEX
8
06_REMBLAI
10
439.000000
20
474.966667
30
0.0
0
VERTEX
8
06_REMBLAI
10
438.000000
20
474.300000
30
0.0
0
VERTEX
8
06_REMBLAI
10
437.000000
20
473.633333
30
0.0
0
VERTEX
8
06_REMBLAI
10
436.000000
20
472.966667
30
0.0
0
VERTEX
8
06_REMBLAI
10
435.000000
20
472.300000
30
0.0
0
VERTEX
8
06_REMBLAI
10
434.000000
20
471.633333
30
0.0
0
VERTEX
8
06_REMBLAI
10
433.000000
20
470.966667
30
0.0
0
VERTEX
8
06_REMBLAI
10
432.000000
20
470.300000
30
0.0
0
VERTEX
8
06_REMBLAI
10
431.000000
20
469.633333
30
0.0
0
VERTEX
8
06_REMBLAI
10
430.000000
20
468.966667
30
0.0
0
VERTEX
8
06_REMBLAI
10
429.000000
20
468.300000
30
0.0
0
VERTEX
8
06_REMBLAI
10
428.000000
20
467.633333
30
0.0
0
VERTEX
8
06_REMBLAI
10
427.000000
20
466.966667
30
0.0
0
VERTEX
8
06_REMBLAI
10
426.000000
20
466.300000
30
0.0
0
VERTEX
8
06_REMBLAI
10
425.000000
20
465.633333
30
0.0
0
VERTEX
8
06_REMBLAI
10
424.000000
20
464.966667
30
0.0
0
VERTEX
8
06_REMBLAI
10
423.000000
20
464.300000
30
0.0
0
VERTEX
8
06_REMBLAI
10
422.000000
20
463.633333
30
0.0
0
VERTEX
8
06_REMBLAI
10
421.000000
20
462.966667
30
0.0
0
VERTEX
8
06_REMBLAI
10
420.000000
20
462.300000
30
0.0
0
VERTEX
8
06_REMBLAI
10
419.000000
20
461.633333
30
0.0
0
VERTEX
8
06_REMBLAI
10
418.000000
20
460.966667
30
0.0
0
VERTEX
8
06_REMBLAI
10
417.000000
20
460.300000
30
0.0
0
VERTEX
8
06_REMBLAI
10
416.000000
20
459.633333
30
0.0
0
VERTEX
8
06_REMBLAI
10
415.000000
20
458.966667
30
0.0
0
VERTEX
8
06_REMBLAI
10
414.000000
20
458.300000
30
0.0
0
VERTEX
8
06_REMBLAI
10
413.000000
20
457.633333
30
0.0
0
VERTEX
8
06_REMBLAI
10
412.000000
20
456.966667
30
0.0
0
VERTEX
8
06_REMBLAI
10
411.000000
20
456.300000
30
0.0
0
VERTEX
8
06_REMBLAI
10
410.000000
20
456.000000
30
0.0
0
SEQEND
8
06_REMBLAI
0
POLYLINE
8
06_REMBLAI
66
1
10
0.0
20
0.0
30
0.0
70
0
0
VERTEX
8
06_REMBLAI
10
660.000000
20
502.300000
30
0.0
0
VERTEX
8
06_REMBLAI
10
661.000000
20
501.633333
30
0.0
0
VERTEX
8
06_REMBLAI
10
662.000000
20
500.966667
30
0.0
0
VERTEX
8
06_REMBLAI
10
663.000000
20
500.300000
30
0.0
0
VERTEX
8
06_REMBLAI
10
664.000000
20
499.633333
30
0.0
0
VERTEX
8
06_REMBLAI
10
665.000000
20
498.966667
30
0.0
0
VERTEX
8
06_REMBLAI
10
666.000000
20
498.300000
30
0.0
0
VERTEX
8
06_REMBLAI
10
667.000000
20
497.633333
30
0.0
0
VERTEX
8
06_REMBLAI
10
668.000000
20
496.966667
30
0.0
0
VERTEX
8
06_REMBLAI
10
669.000000
20
496.300000
30
0.0
0
VERTEX
8
06_REMBLAI
10
670.000000
20
495.633333
30
0.0
0
VERTEX
8
06_REMBLAI
10
671.000000
20
494.966667
30
0.0
0
VERTEX
8
06_REMBLAI
10
672.000000
20
494.300000
30
0.0
0
VERTEX
8
06_REMBLAI
10
673.000000
20
493.633333
30
0.0
0
VERTEX
8
06_REMBLAI
10
674.000000
20
492.966667
30
0.0
0
VERTEX
8
06_REMBLAI
10
675.000000
20
492.300000
30
0.0
0
VERTEX
8
06_REMBLAI
10
676.000000
20
491.633333
30
0.0
0
VERTEX
8
06_REMBLAI
10
677.000000
20
490.966667
30
0.0
0
VERTEX
8
06_REMBLAI
10
678.000000
20
490.300000
30
0.0
0
VERTEX
8
06_REMBLAI
10
679.000000
20
489.633333
30
0.0
0
VERTEX
8
06_REMBLAI
10
680.000000
20
488.966667
30
0.0
0
VERTEX
8
06_REMBLAI
10
681.000000
20
488.300000
30
0.0
0
VERTEX
8
06_REMBLAI
10
682.000000
20
487.633333
30
0.0
0
VERTEX
8
06_REMBLAI
10
683.000000
20
486.966667
30
0.0
0
VERTEX
8
06_REMBLAI
10
684.000000
20
486.300000
30
0.0
0
VERTEX
8
06_REMBLAI
10
685.000000
20
485.633333
30
0.0
0
VERTEX
8
06_REMBLAI
10
686.000000
20
484.966667
30
0.0
0
VERTEX
8
06_REMBLAI
10
687.000000
20
484.300000
30
0.0
0
VERTEX
8
06_REMBLAI
10
688.000000
20
483.633333
30
0.0
0
VERTEX
8
06_REMBLAI
10
689.000000
20
482.966667
30
0.0
0
VERTEX
8
06_REMBLAI
10
690.000000
20
482.300000
30
0.0
0
VERTEX
8
06_REMBLAI
10
691.000000
20
481.633333
30
0.0
0
VERTEX
8
06_REMBLAI
10
692.000000
20
480.966667
30
0.0
0
VERTEX
8
06_REMBLAI
10
693.000000
20
480.300000
30
0.0
0
VERTEX
8
06_REMBLAI
10
694.000000
20
479.633333
30
0.0
0
VERTEX
8
06_REMBLAI
10
695.000000
20
478.966667
30
0.0
0
VERTEX
8
06_REMBLAI
10
696.000000
20
478.300000
30
0.0
0
VERTEX
8
06_REMBLAI
10
697.000000
20
477.633333
30
0.0
0
VERTEX
8
06_REMBLAI
10
698.000000
20
476.966667
30
0.0
0
VERTEX
8
06_REMBLAI
10
699.000000
20
476.300000
30
0.0
0
VERTEX
8
06_REMBLAI
10
700.000000
20
475.633333
30
0.0
0
VERTEX
8
06_REMBLAI
10
701.000000
20
474.966667
30
0.0
0
VERTEX
8
06_REMBLAI
10
702.000000
20
474.300000
30
0.0
0
VERTEX
8
06_REMBLAI
10
703.000000
20
473.633333
30
0.0
0
VERTEX
8
06_REMBLAI
10
704.000000
20
472.966667
30
0.0
0
VERTEX
8
06_REMBLAI
10
705.000000
20
472.300000
30
0.0
0
VERTEX
8
06_REMBLAI
10
706.000000
20
471.633333
30
0.0
0
VERTEX
8
06_REMBLAI
10
707.000000
20
470.966667
30
0.0
0
VERTEX
8
06_REMBLAI
10
708.000000
20
470.300000
30
0.0
0
VERTEX
8
06_REMBLAI
10
709.000000
20
469.633333
30
0.0
0
VERTEX
8
06_REMBLAI
10
710.000000
20
468.966667
30
0.0
0
VERTEX
8
06_REMBLAI
10
711.000000
20
468.300000
30
0.0
0
VERTEX
8
06_REMBLAI
10
712.000000
20
467.633333
30
0.0
0
VERTEX
8
06_REMBLAI
10
713.000000
20
466.966667
30
0.0
0
VERTEX
8
06_REMBLAI
10
714.000000
20
466.300000
30
0.0
0
VERTEX
8
06_REMBLAI
10
715.000000
20
465.633333
30
0.0
0
VERTEX
8
06_REMBLAI
10
716.000000
20
464.966667
30
0.0
0
VERTEX
8
06_REMBLAI
10
717.000000
20
464.300000
30
0.0
0
VERTEX
8
06_REMBLAI
10
718.000000
20
463.633333
30
0.0
0
VERTEX
8
06_REMBLAI
10
719.000000
20
462.966667
30
0.0
0
VERTEX
8
06_REMBLAI
10
720.000000
20
462.300000
30
0.0
0
VERTEX
8
06_REMBLAI
10
721.000000
20
461.633333
30
0.0
0
VERTEX
8
06_REMBLAI
10
722.000000
20
460.966667
30
0.0
0
VERTEX
8
06_REMBLAI
10
723.000000
20
460.300000
30
0.0
0
VERTEX
8
06_REMBLAI
10
724.000000
20
459.633333
30
0.0
0
VERTEX
8
06_REMBLAI
10
725.000000
20
458.966667
30
0.0
0
VERTEX
8
06_REMBLAI
10
726.000000
20
458.300000
30
0.0
0
VERTEX
8
06_REMBLAI
10
727.000000
20
457.633333
30
0.0
0
VERTEX
8
06_REMBLAI
10
728.000000
20
456.966667
30
0.0
0
VERTEX
8
06_REMBLAI
10
729.000000
20
456.300000
30
0.0
0
VERTEX
8
06_REMBLAI
10
730.000000
20
455.633333
30
0.0
0
VERTEX
8
06_REMBLAI
10
731.000000
20
454.966667
30
0.0
0
VERTEX
8
06_REMBLAI
10
732.000000
20
454.300000
30
0.0
0
VERTEX
8
06_REMBLAI
10
733.000000
20
453.633333
30
0.0
0
VERTEX
8
06_REMBLAI
10
734.000000
20
452.966667
30
0.0
0
VERTEX
8
06_REMBLAI
10
735.000000
20
452.750000
30
0.0
0
SEQEND
8
06_REMBLAI
0
POLYLINE
8
07_CHAUSSEE
66
1
10
0.0
20
0.0
30
0.0
70
0
0
VERTEX
8
07_CHAUSSEE
10
480.000000
20
502.300000
30
0.0
0
VERTEX
8
07_CHAUSSEE
10
570.000000
20
504.550000
30
0.0
0
VERTEX
8
07_CHAUSSEE
10
660.000000
20
502.300000
30
0.0
0
SEQEND
8
07_CHAUSSEE
0
POLYLINE
8
07_CHAUSSEE
66
1
10
0.0
20
0.0
30
0.0
70
0
0
VERTEX
8
07_CHAUSSEE
10
480.000000
20
497.300000
30
0.0
0
VERTEX
8
07_CHAUSSEE
10
570.000000
20
499.550000
30
0.0
0
VERTEX
8
07_CHAUSSEE
10
660.000000
20
497.300000
30
0.0
0
SEQEND
8
07_CHAUSSEE
0
POLYLINE
8
07_CHAUSSEE
66
1
10
0.0
20
0.0
30
0.0
70
0
0
VERTEX
8
07_CHAUSSEE
10
480.000000
20
501.300000
30
0.0
0
VERTEX
8
07_CHAUSSEE
10
570.000000
20
503.550000
30
0.0
0
VERTEX
8
07_CHAUSSEE
10
660.000000
20
501.300000
30
0.0
0
SEQEND
8
07_CHAUSSEE
0
LINE
8
07_CHAUSSEE
10
480.000000
20
502.300000
30
0.0
11
480.000000
21
497.300000
31
0.0
0
LINE
8
07_CHAUSSEE
10
660.000000
20
502.300000
30
0.0
11
660.000000
21
497.300000
31
0.0
0
POLYLINE
8
02_BETON
66
1
10
0.0
20
0.0
30
0.0
70
1
0
VERTEX
8
02_BETON
10
478.000000
20
447.300000
30
0.0
0
VERTEX
8
02_BETON
10
662.000000
20
445.500000
30
0.0
0
VERTEX
8
02_BETON
10
662.000000
20
447.500000
30
0.0
0
VERTEX
8
02_BETON
10
478.000000
20
449.300000
30
0.0
0
SEQEND
8
02_BETON
0
POLYLINE
8
02_BETON
66
1
10
0.0
20
0.0
30
0.0
70
1
0
VERTEX
8
02_BETON
10
472.000000
20
435.300000
30
0.0
0
VERTEX
8
02_BETON
10
478.000000
20
435.300000
30
0.0
0
VERTEX
8
02_BETON
10
478.000000
20
447.300000
30
0.0
0
VERTEX
8
02_BETON
10
472.000000
20
447.300000
30
0.0
0
SEQEND
8
02_BETON
0
POLYLINE
8
02_BETON
66
1
10
0.0
20
0.0
30
0.0
70
1
0
VERTEX
8
02_BETON
10
662.000000
20
433.500000
30
0.0
0
VERTEX
8
02_BETON
10
668.000000
20
433.500000
30
0.0
0
VERTEX
8
02_BETON
10
668.000000
20
445.500000
30
0.0
0
VERTEX
8
02_BETON
10
662.000000
20
445.500000
30
0.0
0
SEQEND
8
02_BETON
0
LINE
8
04_HACHURES
10
668.000000
20
443.802944
30
0.0
11
666.302944
21
445.500000
31
0.0
0
LINE
8
04_HACHURES
10
668.000000
20
440.408831
30
0.0
11
662.908831
21
445.500000
31
0.0
0
LINE
8
04_HACHURES
10
662.000000
20
446.408831
30
0.0
11
660.898051
21
447.510780
31
0.0
0
LINE
8
04_HACHURES
10
668.000000
20
437.014719
30
0.0
11
662.000000
21
443.014719
31
0.0
0
LINE
8
04_HACHURES
10
659.490166
20
445.524553
30
0.0
11
657.470407
21
447.544311
31
0.0
0
LINE
8
04_HACHURES
10
668.000000
20
433.620606
30
0.0
11
662.000000
21
439.620606
31
0.0
0
LINE
8
04_HACHURES
10
656.062522
20
445.558084
30
0.0
11
654.042764
21
447.577843
31
0.0
0
LINE
8
04_HACHURES
10
664.726494
20
433.500000
30
0.0
11
662.000000
21
436.226494
31
0.0
0
LINE
8
04_HACHURES
10
652.634878
20
445.591615
30
0.0
11
650.615120
21
447.611374
31
0.0
0
LINE
8
04_HACHURES
10
649.207234
20
445.625147
30
0.0
11
647.187476
21
447.644905
31
0.0
0
LINE
8
04_HACHURES
10
645.779591
20
445.658678
30
0.0
11
643.759832
21
447.678436
31
0.0
0
LINE
8
04_HACHURES
10
642.351947
20
445.692209
30
0.0
11
640.332188
21
447.711968
31
0.0
0
LINE
8
04_HACHURES
10
638.924303
20
445.725741
30
0.0
11
636.904544
21
447.745499
31
0.0
0
LINE
8
04_HACHURES
10
635.496659
20
445.759272
30
0.0
11
633.476900
21
447.779030
31
0.0
0
LINE
8
04_HACHURES
10
632.069015
20
445.792803
30
0.0
11
630.049257
21
447.812562
31
0.0
0
LINE
8
04_HACHURES
10
628.641371
20
445.826334
30
0.0
11
626.621613
21
447.846093
31
0.0
0
LINE
8
04_HACHURES
10
625.213727
20
445.859866
30
0.0
11
623.193969
21
447.879624
31
0.0
0
LINE
8
04_HACHURES
10
621.786084
20
445.893397
30
0.0
11
619.766325
21
447.913156
31
0.0
0
LINE
8
04_HACHURES
10
618.358440
20
445.926928
30
0.0
11
616.338681
21
447.946687
31
0.0
0
LINE
8
04_HACHURES
10
614.930796
20
445.960460
30
0.0
11
612.911037
21
447.980218
31
0.0
0
LINE
8
04_HACHURES
10
611.503152
20
445.993991
30
0.0
11
609.483394
21
448.013749
31
0.0
0
LINE
8
04_HACHURES
10
608.075508
20
446.027522
30
0.0
11
606.055750
21
448.047281
31
0.0
0
LINE
8
04_HACHURES
10
604.647864
20
446.061054
30
0.0
11
602.628106
21
448.080812
31
0.0
0
LINE
8
04_HACHURES
10
601.220220
20
446.094585
30
0.0
11
599.200462
21
448.114343
31
0.0
0
LINE
8
04_HACHURES
10
597.792577
20
446.128116
30
0.0
11
595.772818
21
448.147875
31
0.0
0
LINE
8
04_HACHURES
10
594.364933
20
446.161647
30
0.0
11
592.345174
21
448.181406
31
0.0
0
LINE
8
04_HACHURES
10
590.937289
20
446.195179
30
0.0
11
588.917530
21
448.214937
31
0.0
0
LINE
8
04_HACHURES
10
587.509645
20
446.228710
30
0.0
11
585.489887
21
448.248469
31
0.0
0
LINE
8
04_HACHURES
10
584.082001
20
446.262241
30
0.0
11
582.062243
21
448.282000
31
0.0
0
LINE
8
04_HACHURES
10
580.654357
20
446.295773
30
0.0
11
578.634599
21
448.315531
31
0.0
0
LINE
8
04_HACHURES
10
577.226714
20
446.329304
30
0.0
11
575.206955
21
448.349062
31
0.0
0
LINE
8
04_HACHURES
10
573.799070
20
446.362835
30
0.0
11
571.779311
21
448.382594
31
0.0
0
LINE
8
04_HACHURES
10
570.371426
20
446.396366
30
0.0
11
568.351667
21
448.416125
31
0.0
0
LINE
8
04_HACHURES
10
566.943782
20
446.429898
30
0.0
11
564.924023
21
448.449656
31
0.0
0
LINE
8
04_HACHURES
10
563.516138
20
446.463429
30
0.0
11
561.496380
21
448.483188
31
0.0
0
LINE
8
04_HACHURES
10
560.088494
20
446.496960
30
0.0
11
558.068736
21
448.516719
31
0.0
0
LINE
8
04_HACHURES
10
556.660850
20
446.530492
30
0.0
11
554.641092
21
448.550250
31
0.0
0
LINE
8
04_HACHURES
10
553.233207
20
446.564023
30
0.0
11
551.213448
21
448.583781
31
0.0
0
LINE
8
04_HACHURES
10
549.805563
20
446.597554
30
0.0
11
547.785804
21
448.617313
31
0.0
0
LINE
8
04_HACHURES
10
546.377919
20
446.631086
30
0.0
11
544.358160
21
448.650844
31
0.0
0
LINE
8
04_HACHURES
10
542.950275
20
446.664617
30
0.0
11
540.930517
21
448.684375
31
0.0
0
LINE
8
04_HACHURES
10
539.522631
20
446.698148
30
0.0
11
537.502873
21
448.717907
31
0.0
0
LINE
8
04_HACHURES
10
536.094987
20
446.731679
30
0.0
11
534.075229
21
448.751438
31
0.0
0
LINE
8
04_HACHURES
10
532.667344
20
446.765211
30
0.0
11
530.647585
21
448.784969
31
0.0
0
LINE
8
04_HACHURES
10
529.239700
20
446.798742
30
0.0
11
527.219941
21
448.818501
31
0.0
0
LINE
8
04_HACHURES
10
525.812056
20
446.832273
30
0.0
11
523.792297
21
448.852032
31
0.0
0
LINE
8
04_HACHURES
10
522.384412
20
446.865805
30
0.0
11
520.364653
21
448.885563
31
0.0
0
LINE
8
04_HACHURES
10
518.956768
20
446.899336
30
0.0
11
516.937010
21
448.919094
31
0.0
0
LINE
8
04_HACHURES
10
515.529124
20
446.932867
30
0.0
11
513.509366
21
448.952626
31
0.0
0
LINE
8
04_HACHURES
10
512.101480
20
446.966399
30
0.0
11
510.081722
21
448.986157
31
0.0
0
LINE
8
04_HACHURES
10
508.673837
20
446.999930
30
0.0
11
506.654078
21
449.019688
31
0.0
0
LINE
8
04_HACHURES
10
505.246193
20
447.033461
30
0.0
11
503.226434
21
449.053220
31
0.0
0
LINE
8
04_HACHURES
10
501.818549
20
447.066992
30
0.0
11
499.798790
21
449.086751
31
0.0
0
LINE
8
04_HACHURES
10
498.390905
20
447.100524
30
0.0
11
496.371147
21
449.120282
31
0.0
0
LINE
8
04_HACHURES
10
494.963261
20
447.134055
30
0.0
11
492.943503
21
449.153814
31
0.0
0
LINE
8
04_HACHURES
10
491.535617
20
447.167586
30
0.0
11
489.515859
21
449.187345
31
0.0
0
LINE
8
04_HACHURES
10
488.107973
20
447.201118
30
0.0
11
486.088215
21
449.220876
31
0.0
0
LINE
8
04_HACHURES
10
484.680330
20
447.234649
30
0.0
11
482.660571
21
449.254407
31
0.0
0
LINE
8
04_HACHURES
10
481.252686
20
447.268180
30
0.0
11
479.232927
21
449.287939
31
0.0
0
LINE
8
04_HACHURES
10
478.000000
20
447.126753
30
0.0
11
477.826753
21
447.300000
31
0.0
0
LINE
8
04_HACHURES
10
478.000000
20
443.732641
30
0.0
11
474.432641
21
447.300000
31
0.0
0
LINE
8
04_HACHURES
10
478.000000
20
440.338528
30
0.0
11
472.000000
21
446.338528
31
0.0
0
LINE
8
04_HACHURES
10
478.000000
20
436.944416
30
0.0
11
472.000000
21
442.944416
31
0.0
0
LINE
8
04_HACHURES
10
476.250303
20
435.300000
30
0.0
11
472.000000
21
439.550303
31
0.0
0
LINE
8
04_HACHURES
10
472.856191
20
435.300000
30
0.0
11
472.000000
21
436.156191
31
0.0
0
POLYLINE
8
02_BETON
66
1
10
0.0
20
0.0
30
0.0
70
1
0
VERTEX
8
02_BETON
10
480.000000
20
455.300000
30
0.0
0
VERTEX
8
02_BETON
10
660.000000
20
453.500000
30
0.0
0
VERTEX
8
02_BETON
10
660.000000
20
447.500000
30
0.0
0
VERTEX
8
02_BETON
10
480.000000
20
449.300000
30
0.0
0
SEQEND
8
02_BETON
0
POLYLINE
8
02_BETON
66
1
10
0.0
20
0.0
30
0.0
70
1
0
VERTEX
8
02_BETON
10
480.000000
20
485.300000
30
0.0
0
VERTEX
8
02_BETON
10
660.000000
20
483.500000
30
0.0
0
VERTEX
8
02_BETON
10
660.000000
20
488.500000
30
0.0
0
VERTEX
8
02_BETON
10
480.000000
20
490.300000
30
0.0
0
SEQEND
8
02_BETON
0
POLYLINE
8
02_BETON
66
1
10
0.0
20
0.0
30
0.0
70
1
0
VERTEX
8
02_BETON
10
480.000000
20
490.300000
30
0.0
0
VERTEX
8
02_BETON
10
485.000000
20
490.300000
30
0.0
0
VERTEX
8
02_BETON
10
485.000000
20
502.300000
30
0.0
0
VERTEX
8
02_BETON
10
480.000000
20
502.300000
30
0.0
0
SEQEND
8
02_BETON
0
POLYLINE
8
02_BETON
66
1
10
0.0
20
0.0
30
0.0
70
1
0
VERTEX
8
02_BETON
10
655.000000
20
488.500000
30
0.0
0
VERTEX
8
02_BETON
10
660.000000
20
488.500000
30
0.0
0
VERTEX
8
02_BETON
10
660.000000
20
502.300000
30
0.0
0
VERTEX
8
02_BETON
10
655.000000
20
502.300000
30
0.0
0
SEQEND
8
02_BETON
0
LINE
8
04_HACHURES
10
658.459767
20
447.515402
30
0.0
11
660.000000
21
449.055635
31
0.0
0
LINE
8
04_HACHURES
10
655.379302
20
447.546207
30
0.0
11
660.000000
21
452.166905
31
0.0
0
LINE
8
04_HACHURES
10
652.298837
20
447.577012
30
0.0
11
658.239431
21
453.517606
31
0.0
0
LINE
8
04_HACHURES
10
649.218372
20
447.607816
30
0.0
11
655.158966
21
453.548410
31
0.0
0
LINE
8
04_HACHURES
10
646.137907
20
447.638621
30
0.0
11
652.078501
21
453.579215
31
0.0
0
LINE
8
04_HACHURES
10
643.057441
20
447.669426
30
0.0
11
648.998036
21
453.610020
31
0.0
0
LINE
8
04_HACHURES
10
639.976976
20
447.700230
30
0.0
11
645.917570
21
453.640824
31
0.0
0
LINE
8
04_HACHURES
10
636.896511
20
447.731035
30
0.0
11
642.837105
21
453.671629
31
0.0
0
LINE
8
04_HACHURES
10
633.816046
20
447.761840
30
0.0
11
639.756640
21
453.702434
31
0.0
0
LINE
8
04_HACHURES
10
630.735581
20
447.792644
30
0.0
11
636.676175
21
453.733238
31
0.0
0
LINE
8
04_HACHURES
10
627.655116
20
447.823449
30
0.0
11
633.595710
21
453.764043
31
0.0
0
LINE
8
04_HACHURES
10
624.574650
20
447.854253
30
0.0
11
630.515244
21
453.794848
31
0.0
0
LINE
8
04_HACHURES
10
621.494185
20
447.885058
30
0.0
11
627.434779
21
453.825652
31
0.0
0
LINE
8
04_HACHURES
10
618.413720
20
447.915863
30
0.0
11
624.354314
21
453.856457
31
0.0
0
LINE
8
04_HACHURES
10
615.333255
20
447.946667
30
0.0
11
621.273849
21
453.887262
31
0.0
0
LINE
8
04_HACHURES
10
612.252790
20
447.977472
30
0.0
11
618.193384
21
453.918066
31
0.0
0
LINE
8
04_HACHURES
10
609.172324
20
448.008277
30
0.0
11
615.112919
21
453.948871
31
0.0
0
LINE
8
04_HACHURES
10
606.091859
20
448.039081
30
0.0
11
612.032453
21
453.979675
31
0.0
0
LINE
8
04_HACHURES
10
603.011394
20
448.069886
30
0.0
11
608.951988
21
454.010480
31
0.0
0
LINE
8
04_HACHURES
10
599.930929
20
448.100691
30
0.0
11
605.871523
21
454.041285
31
0.0
0
LINE
8
04_HACHURES
10
596.850464
20
448.131495
30
0.0
11
602.791058
21
454.072089
31
0.0
0
LINE
8
04_HACHURES
10
593.769999
20
448.162300
30
0.0
11
599.710593
21
454.102894
31
0.0
0
LINE
8
04_HACHURES
10
590.689533
20
448.193105
30
0.0
11
596.630127
21
454.133699
31
0.0
0
LINE
8
04_HACHURES
10
587.609068
20
448.223909
30
0.0
11
593.549662
21
454.164503
31
0.0
0
LINE
8
04_HACHURES
10
584.528603
20
448.254714
30
0.0
11
590.469197
21
454.195308
31
0.0
0
LINE
8
04_HACHURES
10
581.448138
20
448.285519
30
0.0
11
587.388732
21
454.226113
31
0.0
0
LINE
8
04_HACHURES
10
578.367673
20
448.316323
30
0.0
11
584.308267
21
454.256917
31
0.0
0
LINE
8
04_HACHURES
10
575.287207
20
448.347128
30
0.0
11
581.227801
21
454.287722
31
0.0
0
LINE
8
04_HACHURES
10
572.206742
20
448.377933
30
0.0
11
578.147336
21
454.318527
31
0.0
0
LINE
8
04_HACHURES
10
569.126277
20
448.408737
30
0.0
11
575.066871
21
454.349331
31
0.0
0
LINE
8
04_HACHURES
10
566.045812
20
448.439542
30
0.0
11
571.986406
21
454.380136
31
0.0
0
LINE
8
04_HACHURES
10
562.965347
20
448.470347
30
0.0
11
568.905941
21
454.410941
31
0.0
0
LINE
8
04_HACHURES
10
559.884881
20
448.501151
30
0.0
11
565.825476
21
454.441745
31
0.0
0
LINE
8
04_HACHURES
10
556.804416
20
448.531956
30
0.0
11
562.745010
21
454.472550
31
0.0
0
LINE
8
04_HACHURES
10
553.723951
20
448.562760
30
0.0
11
559.664545
21
454.503355
31
0.0
0
LINE
8
04_HACHURES
10
550.643486
20
448.593565
30
0.0
11
556.584080
21
454.534159
31
0.0
0
LINE
8
04_HACHURES
10
547.563021
20
448.624370
30
0.0
11
553.503615
21
454.564964
31
0.0
0
LINE
8
04_HACHURES
10
544.482556
20
448.655174
30
0.0
11
550.423150
21
454.595769
31
0.0
0
LINE
8
04_HACHURES
10
541.402090
20
448.685979
30
0.0
11
547.342684
21
454.626573
31
0.0
0
LINE
8
04_HACHURES
10
538.321625
20
448.716784
30
0.0
11
544.262219
21
454.657378
31
0.0
0
LINE
8
04_HACHURES
10
535.241160
20
448.747588
30
0.0
11
541.181754
21
454.688182
31
0.0
0
LINE
8
04_HACHURES
10
532.160695
20
448.778393
30
0.0
11
538.101289
21
454.718987
31
0.0
0
LINE
8
04_HACHURES
10
529.080230
20
448.809198
30
0.0
11
535.020824
21
454.749792
31
0.0
0
LINE
8
04_HACHURES
10
525.999764
20
448.840002
30
0.0
11
531.940358
21
454.780596
31
0.0
0
LINE
8
04_HACHURES
10
522.919299
20
448.870807
30
0.0
11
528.859893
21
454.811401
31
0.0
0
LINE
8
04_HACHURES
10
519.838834
20
448.901612
30
0.0
11
525.779428
21
454.842206
31
0.0
0
LINE
8
04_HACHURES
10
516.758369
20
448.932416
30
0.0
11
522.698963
21
454.873010
31
0.0
0
LINE
8
04_HACHURES
10
513.677904
20
448.963221
30
0.0
11
519.618498
21
454.903815
31
0.0
0
LINE
8
04_HACHURES
10
510.597439
20
448.994026
30
0.0
11
516.538033
21
454.934620
31
0.0
0
LINE
8
04_HACHURES
10
507.516973
20
449.024830
30
0.0
11
513.457567
21
454.965424
31
0.0
0
LINE
8
04_HACHURES
10
504.436508
20
449.055635
30
0.0
11
510.377102
21
454.996229
31
0.0
0
LINE
8
04_HACHURES
10
501.356043
20
449.086440
30
0.0
11
507.296637
21
455.027034
31
0.0
0
LINE
8
04_HACHURES
10
498.275578
20
449.117244
30
0.0
11
504.216172
21
455.057838
31
0.0
0
LINE
8
04_HACHURES
10
495.195113
20
449.148049
30
0.0
11
501.135707
21
455.088643
31
0.0
0
LINE
8
04_HACHURES
10
492.114647
20
449.178854
30
0.0
11
498.055241
21
455.119448
31
0.0
0
LINE
8
04_HACHURES
10
489.034182
20
449.209658
30
0.0
11
494.974776
21
455.150252
31
0.0
0
LINE
8
04_HACHURES
10
485.953717
20
449.240463
30
0.0
11
491.894311
21
455.181057
31
0.0
0
LINE
8
04_HACHURES
10
482.873252
20
449.271267
30
0.0
11
488.813846
21
455.211862
31
0.0
0
LINE
8
04_HACHURES
10
480.000000
20
449.509285
30
0.0
11
485.733381
21
455.242666
31
0.0
0
LINE
8
04_HACHURES
10
480.000000
20
452.620555
30
0.0
11
482.652916
21
455.273471
31
0.0
0
LINE
8
04_HACHURES
10
658.459767
20
483.515402
30
0.0
11
660.000000
21
485.055635
31
0.0
0
LINE
8
04_HACHURES
10
655.379302
20
483.546207
30
0.0
11
660.000000
21
488.166905
31
0.0
0
LINE
8
04_HACHURES
10
652.298837
20
483.577012
30
0.0
11
657.249332
21
488.527507
31
0.0
0
LINE
8
04_HACHURES
10
649.218372
20
483.607816
30
0.0
11
654.168867
21
488.558311
31
0.0
0
LINE
8
04_HACHURES
10
646.137907
20
483.638621
30
0.0
11
651.088402
21
488.589116
31
0.0
0
LINE
8
04_HACHURES
10
643.057441
20
483.669426
30
0.0
11
648.007937
21
488.619921
31
0.0
0
LINE
8
04_HACHURES
10
639.976976
20
483.700230
30
0.0
11
644.927471
21
488.650725
31
0.0
0
LINE
8
04_HACHURES
10
636.896511
20
483.731035
30
0.0
11
641.847006
21
488.681530
31
0.0
0
LINE
8
04_HACHURES
10
633.816046
20
483.761840
30
0.0
11
638.766541
21
488.712335
31
0.0
0
LINE
8
04_HACHURES
10
630.735581
20
483.792644
30
0.0
11
635.686076
21
488.743139
31
0.0
0
LINE
8
04_HACHURES
10
627.655116
20
483.823449
30
0.0
11
632.605611
21
488.773944
31
0.0
0
LINE
8
04_HACHURES
10
624.574650
20
483.854253
30
0.0
11
629.525145
21
488.804749
31
0.0
0
LINE
8
04_HACHURES
10
621.494185
20
483.885058
30
0.0
11
626.444680
21
488.835553
31
0.0
0
LINE
8
04_HACHURES
10
618.413720
20
483.915863
30
0.0
11
623.364215
21
488.866358
31
0.0
0
LINE
8
04_HACHURES
10
615.333255
20
483.946667
30
0.0
11
620.283750
21
488.897163
31
0.0
0
LINE
8
04_HACHURES
10
612.252790
20
483.977472
30
0.0
11
617.203285
21
488.927967
31
0.0
0
LINE
8
04_HACHURES
10
609.172324
20
484.008277
30
0.0
11
614.122819
21
488.958772
31
0.0
0
LINE
8
04_HACHURES
10
606.091859
20
484.039081
30
0.0
11
611.042354
21
488.989576
31
0.0
0
LINE
8
04_HACHURES
10
603.011394
20
484.069886
30
0.0
11
607.961889
21
489.020381
31
0.0
0
LINE
8
04_HACHURES
10
599.930929
20
484.100691
30
0.0
11
604.881424
21
489.051186
31
0.0
0
LINE
8
04_HACHURES
10
596.850464
20
484.131495
30
0.0
11
601.800959
21
489.081990
31
0.0
0
LINE
8
04_HACHURES
10
593.769999
20
484.162300
30
0.0
11
598.720494
21
489.112795
31
0.0
0
LINE
8
04_HACHURES
10
590.689533
20
484.193105
30
0.0
11
595.640028
21
489.143600
31
0.0
0
LINE
8
04_HACHURES
10
587.609068
20
484.223909
30
0.0
11
592.559563
21
489.174404
31
0.0
0
LINE
8
04_HACHURES
10
584.528603
20
484.254714
30
0.0
11
589.479098
21
489.205209
31
0.0
0
LINE
8
04_HACHURES
10
581.448138
20
484.285519
30
0.0
11
586.398633
21
489.236014
31
0.0
0
LINE
8
04_HACHURES
10
578.367673
20
484.316323
30
0.0
11
583.318168
21
489.266818
31
0.0
0
LINE
8
04_HACHURES
10
575.287207
20
484.347128
30
0.0
11
580.237702
21
489.297623
31
0.0
0
LINE
8
04_HACHURES
10
572.206742
20
484.377933
30
0.0
11
577.157237
21
489.328428
31
0.0
0
LINE
8
04_HACHURES
10
569.126277
20
484.408737
30
0.0
11
574.076772
21
489.359232
31
0.0
0
LINE
8
04_HACHURES
10
566.045812
20
484.439542
30
0.0
11
570.996307
21
489.390037
31
0.0
0
LINE
8
04_HACHURES
10
562.965347
20
484.470347
30
0.0
11
567.915842
21
489.420842
31
0.0
0
LINE
8
04_HACHURES
10
559.884881
20
484.501151
30
0.0
11
564.835377
21
489.451646
31
0.0
0
LINE
8
04_HACHURES
10
556.804416
20
484.531956
30
0.0
11
561.754911
21
489.482451
31
0.0
0
LINE
8
04_HACHURES
10
553.723951
20
484.562760
30
0.0
11
558.674446
21
489.513256
31
0.0
0
LINE
8
04_HACHURES
10
550.643486
20
484.593565
30
0.0
11
555.593981
21
489.544060
31
0.0
0
LINE
8
04_HACHURES
10
547.563021
20
484.624370
30
0.0
11
552.513516
21
489.574865
31
0.0
0
LINE
8
04_HACHURES
10
544.482556
20
484.655174
30
0.0
11
549.433051
21
489.605669
31
0.0
0
LINE
8
04_HACHURES
10
541.402090
20
484.685979
30
0.0
11
546.352585
21
489.636474
31
0.0
0
LINE
8
04_HACHURES
10
538.321625
20
484.716784
30
0.0
11
543.272120
21
489.667279
31
0.0
0
LINE
8
04_HACHURES
10
535.241160
20
484.747588
30
0.0
11
540.191655
21
489.698083
31
0.0
0
LINE
8
04_HACHURES
10
532.160695
20
484.778393
30
0.0
11
537.111190
21
489.728888
31
0.0
0
LINE
8
04_HACHURES
10
529.080230
20
484.809198
30
0.0
11
534.030725
21
489.759693
31
0.0
0
LINE
8
04_HACHURES
10
525.999764
20
484.840002
30
0.0
11
530.950259
21
489.790497
31
0.0
0
LINE
8
04_HACHURES
10
522.919299
20
484.870807
30
0.0
11
527.869794
21
489.821302
31
0.0
0
LINE
8
04_HACHURES
10
519.838834
20
484.901612
30
0.0
11
524.789329
21
489.852107
31
0.0
0
LINE
8
04_HACHURES
10
516.758369
20
484.932416
30
0.0
11
521.708864
21
489.882911
31
0.0
0
LINE
8
04_HACHURES
10
513.677904
20
484.963221
30
0.0
11
518.628399
21
489.913716
31
0.0
0
LINE
8
04_HACHURES
10
510.597439
20
484.994026
30
0.0
11
515.547934
21
489.944521
31
0.0
0
LINE
8
04_HACHURES
10
507.516973
20
485.024830
30
0.0
11
512.467468
21
489.975325
31
0.0
0
LINE
8
04_HACHURES
10
504.436508
20
485.055635
30
0.0
11
509.387003
21
490.006130
31
0.0
0
LINE
8
04_HACHURES
10
501.356043
20
485.086440
30
0.0
11
506.306538
21
490.036935
31
0.0
0
LINE
8
04_HACHURES
10
498.275578
20
485.117244
30
0.0
11
503.226073
21
490.067739
31
0.0
0
LINE
8
04_HACHURES
10
495.195113
20
485.148049
30
0.0
11
500.145608
21
490.098544
31
0.0
0
LINE
8
04_HACHURES
10
492.114647
20
485.178854
30
0.0
11
497.065142
21
490.129349
31
0.0
0
LINE
8
04_HACHURES
10
489.034182
20
485.209658
30
0.0
11
493.984677
21
490.160153
31
0.0
0
LINE
8
04_HACHURES
10
485.953717
20
485.240463
30
0.0
11
490.904212
21
490.190958
31
0.0
0
LINE
8
04_HACHURES
10
482.873252
20
485.271267
30
0.0
11
487.823747
21
490.221763
31
0.0
0
LINE
8
04_HACHURES
10
480.000000
20
485.509285
30
0.0
11
484.743282
21
490.252567
31
0.0
0
LINE
8
04_HACHURES
10
480.000000
20
488.620555
30
0.0
11
481.662817
21
490.283372
31
0.0
0
LINE
8
04_HACHURES
10
483.444365
20
490.300000
30
0.0
11
485.000000
21
491.855635
31
0.0
0
LINE
8
04_HACHURES
10
480.333095
20
490.300000
30
0.0
11
485.000000
21
494.966905
31
0.0
0
LINE
8
04_HACHURES
10
480.000000
20
493.078175
30
0.0
11
485.000000
21
498.078175
31
0.0
0
LINE
8
04_HACHURES
10
480.000000
20
496.189444
30
0.0
11
485.000000
21
501.189444
31
0.0
0
LINE
8
04_HACHURES
10
480.000000
20
499.300714
30
0.0
11
482.999286
21
502.300000
31
0.0
0
LINE
8
04_HACHURES
10
658.444365
20
488.500000
30
0.0
11
660.000000
21
490.055635
31
0.0
0
LINE
8
04_HACHURES
10
655.333095
20
488.500000
30
0.0
11
660.000000
21
493.166905
31
0.0
0
LINE
8
04_HACHURES
10
655.000000
20
491.278175
30
0.0
11
660.000000
21
496.278175
31
0.0
0
LINE
8
04_HACHURES
10
655.000000
20
494.389444
30
0.0
11
660.000000
21
499.389444
31
0.0
0
LINE
8
04_HACHURES
10
655.000000
20
497.500714
30
0.0
11
659.799286
21
502.300000
31
0.0
0
LINE
8
04_HACHURES
10
655.000000
20
500.611984
30
0.0
11
656.688016
21
502.300000
31
0.0
0
POLYLINE
8
14_ENROCHEMENT
66
1
10
0.0
20
0.0
30
0.0
70
1
0
VERTEX
8
14_ENROCHEMENT
10
442.000000
20
447.300000
30
0.0
0
VERTEX
8
14_ENROCHEMENT
10
472.000000
20
447.300000
30
0.0
0
VERTEX
8
14_ENROCHEMENT
10
472.000000
20
455.300000
30
0.0
0
VERTEX
8
14_ENROCHEMENT
10
442.000000
20
455.300000
30
0.0
0
SEQEND
8
14_ENROCHEMENT
0
POLYLINE
8
14_ENROCHEMENT
66
1
10
0.0
20
0.0
30
0.0
70
1
0
VERTEX
8
14_ENROCHEMENT
10
442.720000
20
448.100000
30
0.0
0
VERTEX
8
14_ENROCHEMENT
10
444.400000
20
451.140000
30
0.0
0
VERTEX
8
14_ENROCHEMENT
10
446.320000
20
450.500000
30
0.0
0
VERTEX
8
14_ENROCHEMENT
10
447.520000
20
448.100000
30
0.0
0
SEQEND
8
14_ENROCHEMENT
0
POLYLINE
8
14_ENROCHEMENT
66
1
10
0.0
20
0.0
30
0.0
70
1
0
VERTEX
8
14_ENROCHEMENT
10
448.240000
20
448.100000
30
0.0
0
VERTEX
8
14_ENROCHEMENT
10
449.920000
20
451.140000
30
0.0
0
VERTEX
8
14_ENROCHEMENT
10
451.840000
20
450.500000
30
0.0
0
VERTEX
8
14_ENROCHEMENT
10
453.040000
20
448.100000
30
0.0
0
SEQEND
8
14_ENROCHEMENT
0
POLYLINE
8
14_ENROCHEMENT
66
1
10
0.0
20
0.0
30
0.0
70
1
0
VERTEX
8
14_ENROCHEMENT
10
453.760000
20
448.100000
30
0.0
0
VERTEX
8
14_ENROCHEMENT
10
455.440000
20
451.140000
30
0.0
0
VERTEX
8
14_ENROCHEMENT
10
457.360000
20
450.500000
30
0.0
0
VERTEX
8
14_ENROCHEMENT
10
458.560000
20
448.100000
30
0.0
0
SEQEND
8
14_ENROCHEMENT
0
POLYLINE
8
14_ENROCHEMENT
66
1
10
0.0
20
0.0
30
0.0
70
1
0
VERTEX
8
14_ENROCHEMENT
10
459.280000
20
448.100000
30
0.0
0
VERTEX
8
14_ENROCHEMENT
10
460.960000
20
451.140000
30
0.0
0
VERTEX
8
14_ENROCHEMENT
10
462.880000
20
450.500000
30
0.0
0
VERTEX
8
14_ENROCHEMENT
10
464.080000
20
448.100000
30
0.0
0
SEQEND
8
14_ENROCHEMENT
0
POLYLINE
8
14_ENROCHEMENT
66
1
10
0.0
20
0.0
30
0.0
70
1
0
VERTEX
8
14_ENROCHEMENT
10
464.800000
20
448.100000
30
0.0
0
VERTEX
8
14_ENROCHEMENT
10
466.480000
20
451.140000
30
0.0
0
VERTEX
8
14_ENROCHEMENT
10
468.400000
20
450.500000
30
0.0
0
VERTEX
8
14_ENROCHEMENT
10
469.600000
20
448.100000
30
0.0
0
SEQEND
8
14_ENROCHEMENT
0
POLYLINE
8
14_ENROCHEMENT
66
1
10
0.0
20
0.0
30
0.0
70
1
0
VERTEX
8
14_ENROCHEMENT
10
444.400000
20
451.700000
30
0.0
0
VERTEX
8
14_ENROCHEMENT
10
446.080000
20
454.740000
30
0.0
0
VERTEX
8
14_ENROCHEMENT
10
448.000000
20
454.100000
30
0.0
0
VERTEX
8
14_ENROCHEMENT
10
449.200000
20
451.700000
30
0.0
0
SEQEND
8
14_ENROCHEMENT
0
POLYLINE
8
14_ENROCHEMENT
66
1
10
0.0
20
0.0
30
0.0
70
1
0
VERTEX
8
14_ENROCHEMENT
10
449.920000
20
451.700000
30
0.0
0
VERTEX
8
14_ENROCHEMENT
10
451.600000
20
454.740000
30
0.0
0
VERTEX
8
14_ENROCHEMENT
10
453.520000
20
454.100000
30
0.0
0
VERTEX
8
14_ENROCHEMENT
10
454.720000
20
451.700000
30
0.0
0
SEQEND
8
14_ENROCHEMENT
0
POLYLINE
8
14_ENROCHEMENT
66
1
10
0.0
20
0.0
30
0.0
70
1
0
VERTEX
8
14_ENROCHEMENT
10
455.440000
20
451.700000
30
0.0
0
VERTEX
8
14_ENROCHEMENT
10
457.120000
20
454.740000
30
0.0
0
VERTEX
8
14_ENROCHEMENT
10
459.040000
20
454.100000
30
0.0
0
VERTEX
8
14_ENROCHEMENT
10
460.240000
20
451.700000
30
0.0
0
SEQEND
8
14_ENROCHEMENT
0
POLYLINE
8
14_ENROCHEMENT
66
1
10
0.0
20
0.0
30
0.0
70
1
0
VERTEX
8
14_ENROCHEMENT
10
460.960000
20
451.700000
30
0.0
0
VERTEX
8
14_ENROCHEMENT
10
462.640000
20
454.740000
30
0.0
0
VERTEX
8
14_ENROCHEMENT
10
464.560000
20
454.100000
30
0.0
0
VERTEX
8
14_ENROCHEMENT
10
465.760000
20
451.700000
30
0.0
0
SEQEND
8
14_ENROCHEMENT
0
POLYLINE
8
14_ENROCHEMENT
66
1
10
0.0
20
0.0
30
0.0
70
1
0
VERTEX
8
14_ENROCHEMENT
10
466.480000
20
451.700000
30
0.0
0
VERTEX
8
14_ENROCHEMENT
10
468.160000
20
454.740000
30
0.0
0
VERTEX
8
14_ENROCHEMENT
10
470.080000
20
454.100000
30
0.0
0
VERTEX
8
14_ENROCHEMENT
10
471.280000
20
451.700000
30
0.0
0
SEQEND
8
14_ENROCHEMENT
0
POLYLINE
8
14_ENROCHEMENT
66
1
10
0.0
20
0.0
30
0.0
70
1
0
VERTEX
8
14_ENROCHEMENT
10
668.000000
20
445.500000
30
0.0
0
VERTEX
8
14_ENROCHEMENT
10
698.000000
20
445.500000
30
0.0
0
VERTEX
8
14_ENROCHEMENT
10
698.000000
20
453.500000
30
0.0
0
VERTEX
8
14_ENROCHEMENT
10
668.000000
20
453.500000
30
0.0
0
SEQEND
8
14_ENROCHEMENT
0
POLYLINE
8
14_ENROCHEMENT
66
1
10
0.0
20
0.0
30
0.0
70
1
0
VERTEX
8
14_ENROCHEMENT
10
668.720000
20
446.300000
30
0.0
0
VERTEX
8
14_ENROCHEMENT
10
670.400000
20
449.340000
30
0.0
0
VERTEX
8
14_ENROCHEMENT
10
672.320000
20
448.700000
30
0.0
0
VERTEX
8
14_ENROCHEMENT
10
673.520000
20
446.300000
30
0.0
0
SEQEND
8
14_ENROCHEMENT
0
POLYLINE
8
14_ENROCHEMENT
66
1
10
0.0
20
0.0
30
0.0
70
1
0
VERTEX
8
14_ENROCHEMENT
10
674.240000
20
446.300000
30
0.0
0
VERTEX
8
14_ENROCHEMENT
10
675.920000
20
449.340000
30
0.0
0
VERTEX
8
14_ENROCHEMENT
10
677.840000
20
448.700000
30
0.0
0
VERTEX
8
14_ENROCHEMENT
10
679.040000
20
446.300000
30
0.0
0
SEQEND
8
14_ENROCHEMENT
0
POLYLINE
8
14_ENROCHEMENT
66
1
10
0.0
20
0.0
30
0.0
70
1
0
VERTEX
8
14_ENROCHEMENT
10
679.760000
20
446.300000
30
0.0
0
VERTEX
8
14_ENROCHEMENT
10
681.440000
20
449.340000
30
0.0
0
VERTEX
8
14_ENROCHEMENT
10
683.360000
20
448.700000
30
0.0
0
VERTEX
8
14_ENROCHEMENT
10
684.560000
20
446.300000
30
0.0
0
SEQEND
8
14_ENROCHEMENT
0
POLYLINE
8
14_ENROCHEMENT
66
1
10
0.0
20
0.0
30
0.0
70
1
0
VERTEX
8
14_ENROCHEMENT
10
685.280000
20
446.300000
30
0.0
0
VERTEX
8
14_ENROCHEMENT
10
686.960000
20
449.340000
30
0.0
0
VERTEX
8
14_ENROCHEMENT
10
688.880000
20
448.700000
30
0.0
0
VERTEX
8
14_ENROCHEMENT
10
690.080000
20
446.300000
30
0.0
0
SEQEND
8
14_ENROCHEMENT
0
POLYLINE
8
14_ENROCHEMENT
66
1
10
0.0
20
0.0
30
0.0
70
1
0
VERTEX
8
14_ENROCHEMENT
10
690.800000
20
446.300000
30
0.0
0
VERTEX
8
14_ENROCHEMENT
10
692.480000
20
449.340000
30
0.0
0
VERTEX
8
14_ENROCHEMENT
10
694.400000
20
448.700000
30
0.0
0
VERTEX
8
14_ENROCHEMENT
10
695.600000
20
446.300000
30
0.0
0
SEQEND
8
14_ENROCHEMENT
0
POLYLINE
8
14_ENROCHEMENT
66
1
10
0.0
20
0.0
30
0.0
70
1
0
VERTEX
8
14_ENROCHEMENT
10
670.400000
20
449.900000
30
0.0
0
VERTEX
8
14_ENROCHEMENT
10
672.080000
20
452.940000
30
0.0
0
VERTEX
8
14_ENROCHEMENT
10
674.000000
20
452.300000
30
0.0
0
VERTEX
8
14_ENROCHEMENT
10
675.200000
20
449.900000
30
0.0
0
SEQEND
8
14_ENROCHEMENT
0
POLYLINE
8
14_ENROCHEMENT
66
1
10
0.0
20
0.0
30
0.0
70
1
0
VERTEX
8
14_ENROCHEMENT
10
675.920000
20
449.900000
30
0.0
0
VERTEX
8
14_ENROCHEMENT
10
677.600000
20
452.940000
30
0.0
0
VERTEX
8
14_ENROCHEMENT
10
679.520000
20
452.300000
30
0.0
0
VERTEX
8
14_ENROCHEMENT
10
680.720000
20
449.900000
30
0.0
0
SEQEND
8
14_ENROCHEMENT
0
POLYLINE
8
14_ENROCHEMENT
66
1
10
0.0
20
0.0
30
0.0
70
1
0
VERTEX
8
14_ENROCHEMENT
10
681.440000
20
449.900000
30
0.0
0
VERTEX
8
14_ENROCHEMENT
10
683.120000
20
452.940000
30
0.0
0
VERTEX
8
14_ENROCHEMENT
10
685.040000
20
452.300000
30
0.0
0
VERTEX
8
14_ENROCHEMENT
10
686.240000
20
449.900000
30
0.0
0
SEQEND
8
14_ENROCHEMENT
0
POLYLINE
8
14_ENROCHEMENT
66
1
10
0.0
20
0.0
30
0.0
70
1
0
VERTEX
8
14_ENROCHEMENT
10
686.960000
20
449.900000
30
0.0
0
VERTEX
8
14_ENROCHEMENT
10
688.640000
20
452.940000
30
0.0
0
VERTEX
8
14_ENROCHEMENT
10
690.560000
20
452.300000
30
0.0
0
VERTEX
8
14_ENROCHEMENT
10
691.760000
20
449.900000
30
0.0
0
SEQEND
8
14_ENROCHEMENT
0
POLYLINE
8
14_ENROCHEMENT
66
1
10
0.0
20
0.0
30
0.0
70
1
0
VERTEX
8
14_ENROCHEMENT
10
692.480000
20
449.900000
30
0.0
0
VERTEX
8
14_ENROCHEMENT
10
694.160000
20
452.940000
30
0.0
0
VERTEX
8
14_ENROCHEMENT
10
696.080000
20
452.300000
30
0.0
0
VERTEX
8
14_ENROCHEMENT
10
697.280000
20
449.900000
30
0.0
0
SEQEND
8
14_ENROCHEMENT
0
POLYLINE
8
15_VU_ARRIERE
66
1
10
0.0
20
0.0
30
0.0
70
0
0
VERTEX
8
15_VU_ARRIERE
10
480.000000
20
502.300000
30
0.0
0
VERTEX
8
15_VU_ARRIERE
10
428.038476
20
467.658984
30
0.0
0
VERTEX
8
15_VU_ARRIERE
10
428.038476
20
443.300000
30
0.0
0
VERTEX
8
15_VU_ARRIERE
10
480.000000
20
443.300000
30
0.0
0
SEQEND
8
15_VU_ARRIERE
0
POLYLINE
8
03_BETON_CACHE
66
1
10
0.0
20
0.0
30
0.0
70
0
0
VERTEX
8
03_BETON_CACHE
10
428.038476
20
443.300000
30
0.0
0
VERTEX
8
03_BETON_CACHE
10
428.038476
20
436.300000
30
0.0
0
VERTEX
8
03_BETON_CACHE
10
480.000000
20
436.300000
30
0.0
0
VERTEX
8
03_BETON_CACHE
10
480.000000
20
443.300000
30
0.0
0
SEQEND
8
03_BETON_CACHE
0
POLYLINE
8
15_VU_ARRIERE
66
1
10
0.0
20
0.0
30
0.0
70
0
0
VERTEX
8
15_VU_ARRIERE
10
660.000000
20
502.300000
30
0.0
0
VERTEX
8
15_VU_ARRIERE
10
711.961524
20
467.658984
30
0.0
0
VERTEX
8
15_VU_ARRIERE
10
711.961524
20
441.500000
30
0.0
0
VERTEX
8
15_VU_ARRIERE
10
660.000000
20
441.500000
30
0.0
0
SEQEND
8
15_VU_ARRIERE
0
POLYLINE
8
03_BETON_CACHE
66
1
10
0.0
20
0.0
30
0.0
70
0
0
VERTEX
8
03_BETON_CACHE
10
711.961524
20
441.500000
30
0.0
0
VERTEX
8
03_BETON_CACHE
10
711.961524
20
434.500000
30
0.0
0
VERTEX
8
03_BETON_CACHE
10
660.000000
20
434.500000
30
0.0
0
VERTEX
8
03_BETON_CACHE
10
660.000000
20
441.500000
30
0.0
0
SEQEND
8
03_BETON_CACHE
0
LINE
8
07_CHAUSSEE
10
492.000000
20
502.300000
30
0.0
11
492.000000
21
517.300000
31
0.0
0
LINE
8
07_CHAUSSEE
10
487.000000
20
514.300000
30
0.0
11
497.000000
21
514.300000
31
0.0
0
LINE
8
07_CHAUSSEE
10
648.000000
20
502.300000
30
0.0
11
648.000000
21
517.300000
31
0.0
0
LINE
8
07_CHAUSSEE
10
643.000000
20
514.300000
30
0.0
11
653.000000
21
514.300000
31
0.0
0
LINE
8
01_AXES
10
570.000000
20
421.300000
30
0.0
11
570.000000
21
530.550000
31
0.0
0
LINE
8
01_AXES
10
570.000000
20
433.300000
30
0.0
11
570.000000
21
518.550000
31
0.0
0
LINE
8
01_AXES
10
570.000000
20
433.300000
30
0.0
11
560.000000
21
433.300000
31
0.0
0
SOLID
8
11_TEXTE
10
560.000000
20
433.300000
30
0.0
11
562.500000
21
432.850000
31
0.0
12
562.500000
22
433.750000
32
0.0
13
562.500000
23
433.750000
33
0.0
0
TEXT
8
11_TEXTE
10
556.000000
20
433.300000
30
0.0
40
3.500000
1
B
41
0.850000
7
STANDARD
72
1
11
556.000000
21
433.300000
31
0.0
73
2
0
LINE
8
01_AXES
10
570.000000
20
518.550000
30
0.0
11
560.000000
21
518.550000
31
0.0
0
SOLID
8
11_TEXTE
10
560.000000
20
518.550000
30
0.0
11
562.500000
21
518.100000
31
0.0
12
562.500000
22
519.000000
32
0.0
13
562.500000
23
519.000000
33
0.0
0
TEXT
8
11_TEXTE
10
556.000000
20
518.550000
30
0.0
40
3.500000
1
B
41
0.850000
7
STANDARD
72
1
11
556.000000
21
518.550000
31
0.0
73
2
0
LINE
8
10_COTATION
10
480.000000
20
434.300000
30
0.0
11
480.000000
21
418.000000
31
0.0
0
LINE
8
10_COTATION
10
500.000000
20
434.300000
30
0.0
11
500.000000
21
418.000000
31
0.0
0
LINE
8
10_COTATION
10
480.000000
20
419.500000
30
0.0
11
500.000000
21
419.500000
31
0.0
0
LINE
8
10_COTATION
10
479.116117
20
418.616117
30
0.0
11
480.883883
21
420.383883
31
0.0
0
LINE
8
10_COTATION
10
499.116117
20
418.616117
30
0.0
11
500.883883
21
420.383883
31
0.0
0
TEXT
8
10_COTATION
10
490.000000
20
420.300000
30
0.0
40
2.000000
1
1.00
41
0.850000
7
STANDARD
72
1
11
490.000000
21
420.300000
31
0.0
73
1
0
LINE
8
10_COTATION
10
500.000000
20
434.300000
30
0.0
11
500.000000
21
418.000000
31
0.0
0
LINE
8
10_COTATION
10
640.000000
20
434.300000
30
0.0
11
640.000000
21
418.000000
31
0.0
0
LINE
8
10_COTATION
10
500.000000
20
419.500000
30
0.0
11
640.000000
21
419.500000
31
0.0
0
LINE
8
10_COTATION
10
499.116117
20
418.616117
30
0.0
11
500.883883
21
420.383883
31
0.0
0
LINE
8
10_COTATION
10
639.116117
20
418.616117
30
0.0
11
640.883883
21
420.383883
31
0.0
0
TEXT
8
10_COTATION
10
570.000000
20
420.300000
30
0.0
40
2.000000
1
7.00
41
0.850000
7
STANDARD
72
1
11
570.000000
21
420.300000
31
0.0
73
1
0
LINE
8
10_COTATION
10
640.000000
20
434.300000
30
0.0
11
640.000000
21
418.000000
31
0.0
0
LINE
8
10_COTATION
10
660.000000
20
434.300000
30
0.0
11
660.000000
21
418.000000
31
0.0
0
LINE
8
10_COTATION
10
640.000000
20
419.500000
30
0.0
11
660.000000
21
419.500000
31
0.0
0
LINE
8
10_COTATION
10
639.116117
20
418.616117
30
0.0
11
640.883883
21
420.383883
31
0.0
0
LINE
8
10_COTATION
10
659.116117
20
418.616117
30
0.0
11
660.883883
21
420.383883
31
0.0
0
TEXT
8
10_COTATION
10
650.000000
20
420.300000
30
0.0
40
2.000000
1
1.00
41
0.850000
7
STANDARD
72
1
11
650.000000
21
420.300000
31
0.0
73
1
0
LINE
8
10_COTATION
10
480.000000
20
434.300000
30
0.0
11
480.000000
21
406.000000
31
0.0
0
LINE
8
10_COTATION
10
660.000000
20
434.300000
30
0.0
11
660.000000
21
406.000000
31
0.0
0
LINE
8
10_COTATION
10
480.000000
20
407.500000
30
0.0
11
660.000000
21
407.500000
31
0.0
0
LINE
8
10_COTATION
10
479.116117
20
406.616117
30
0.0
11
480.883883
21
408.383883
31
0.0
0
LINE
8
10_COTATION
10
659.116117
20
406.616117
30
0.0
11
660.883883
21
408.383883
31
0.0
0
TEXT
8
10_COTATION
10
570.000000
20
408.300000
30
0.0
40
2.000000
1
9.00
41
0.850000
7
STANDARD
72
1
11
570.000000
21
408.300000
31
0.0
73
1
0
LINE
8
10_COTATION
10
410.000000
20
406.500000
30
0.0
11
410.000000
21
406.000000
31
0.0
0
LINE
8
10_COTATION
10
480.000000
20
406.500000
30
0.0
11
480.000000
21
406.000000
31
0.0
0
LINE
8
10_COTATION
10
410.000000
20
407.500000
30
0.0
11
480.000000
21
407.500000
31
0.0
0
LINE
8
10_COTATION
10
409.116117
20
406.616117
30
0.0
11
410.883883
21
408.383883
31
0.0
0
LINE
8
10_COTATION
10
479.116117
20
406.616117
30
0.0
11
480.883883
21
408.383883
31
0.0
0
TEXT
8
10_COTATION
10
445.000000
20
408.300000
30
0.0
40
2.000000
1
TALUS 3/2
41
0.850000
7
STANDARD
72
1
11
445.000000
21
408.300000
31
0.0
73
1
0
LINE
8
10_COTATION
10
660.000000
20
406.500000
30
0.0
11
660.000000
21
406.000000
31
0.0
0
LINE
8
10_COTATION
10
735.000000
20
406.500000
30
0.0
11
735.000000
21
406.000000
31
0.0
0
LINE
8
10_COTATION
10
660.000000
20
407.500000
30
0.0
11
735.000000
21
407.500000
31
0.0
0
LINE
8
10_COTATION
10
659.116117
20
406.616117
30
0.0
11
660.883883
21
408.383883
31
0.0
0
LINE
8
10_COTATION
10
734.116117
20
406.616117
30
0.0
11
735.883883
21
408.383883
31
0.0
0
TEXT
8
10_COTATION
10
697.500000
20
408.300000
30
0.0
40
2.000000
1
TALUS 3/2
41
0.850000
7
STANDARD
72
1
11
697.500000
21
408.300000
31
0.0
73
1
0
LINE
8
10_COTATION
10
479.000000
20
455.300000
30
0.0
11
390.500000
21
455.300000
31
0.0
0
LINE
8
10_COTATION
10
479.000000
20
485.300000
30
0.0
11
390.500000
21
485.300000
31
0.0
0
LINE
8
10_COTATION
10
392.000000
20
455.300000
30
0.0
11
392.000000
21
485.300000
31
0.0
0
LINE
8
10_COTATION
10
391.116117
20
454.416117
30
0.0
11
392.883883
21
456.183883
31
0.0
0
LINE
8
10_COTATION
10
391.116117
20
484.416117
30
0.0
11
392.883883
21
486.183883
31
0.0
0
TEXT
8
10_COTATION
10
391.200000
20
470.300000
30
0.0
40
2.000000
1
1.50
50
90.000000
41
0.850000
7
STANDARD
72
1
11
391.200000
21
470.300000
31
0.0
73
3
0
LINE
8
10_COTATION
10
479.000000
20
490.300000
30
0.0
11
390.500000
21
490.300000
31
0.0
0
LINE
8
10_COTATION
10
479.000000
20
502.300000
30
0.0
11
390.500000
21
502.300000
31
0.0
0
LINE
8
10_COTATION
10
392.000000
20
490.300000
30
0.0
11
392.000000
21
502.300000
31
0.0
0
LINE
8
10_COTATION
10
391.116117
20
489.416117
30
0.0
11
392.883883
21
491.183883
31
0.0
0
LINE
8
10_COTATION
10
391.116117
20
501.416117
30
0.0
11
392.883883
21
503.183883
31
0.0
0
TEXT
8
10_COTATION
10
391.200000
20
496.300000
30
0.0
40
2.000000
1
0.60
50
90.000000
41
0.850000
7
STANDARD
72
1
11
391.200000
21
496.300000
31
0.0
73
3
0
POLYLINE
8
10_COTATION
66
1
10
0.0
20
0.0
30
0.0
70
1
0
VERTEX
8
10_COTATION
10
460.400000
20
458.100000
30
0.0
0
VERTEX
8
10_COTATION
10
463.600000
20
458.100000
30
0.0
0
VERTEX
8
10_COTATION
10
462.000000
20
455.300000
30
0.0
0
SEQEND
8
10_COTATION
0
LINE
8
10_COTATION
10
462.000000
20
458.100000
30
0.0
11
438.000000
21
458.100000
31
0.0
0
TEXT
8
10_COTATION
10
438.000000
20
458.900000
30
0.0
40
2.000000
1
-0.000  F.E. AMONT
41
0.850000
7
STANDARD
72
0
11
438.000000
21
458.900000
31
0.0
73
1
0
POLYLINE
8
10_COTATION
66
1
10
0.0
20
0.0
30
0.0
70
1
0
VERTEX
8
10_COTATION
10
676.400000
20
456.300000
30
0.0
0
VERTEX
8
10_COTATION
10
679.600000
20
456.300000
30
0.0
0
VERTEX
8
10_COTATION
10
678.000000
20
453.500000
30
0.0
0
SEQEND
8
10_COTATION
0
LINE
8
10_COTATION
10
678.000000
20
456.300000
30
0.0
11
702.000000
21
456.300000
31
0.0
0
TEXT
8
10_COTATION
10
702.000000
20
457.100000
30
0.0
40
2.000000
1
-0.090  F.E. AVAL
41
0.850000
7
STANDARD
72
2
11
702.000000
21
457.100000
31
0.0
73
1
0
POLYLINE
8
10_COTATION
66
1
10
0.0
20
0.0
30
0.0
70
1
0
VERTEX
8
10_COTATION
10
568.400000
20
507.350000
30
0.0
0
VERTEX
8
10_COTATION
10
571.600000
20
507.350000
30
0.0
0
VERTEX
8
10_COTATION
10
570.000000
20
504.550000
30
0.0
0
SEQEND
8
10_COTATION
0
LINE
8
10_COTATION
10
570.000000
20
507.350000
30
0.0
11
596.000000
21
507.350000
31
0.0
0
TEXT
8
10_COTATION
10
596.000000
20
508.150000
30
0.0
40
2.000000
1
+2.462  AXE CHAUSSEE
41
0.850000
7
STANDARD
72
2
11
596.000000
21
508.150000
31
0.0
73
1
0
TEXT
8
11_TEXTE
10
444.000000
20
526.300000
30
0.0
40
3.500000
1
AMONT
41
0.850000
7
STANDARD
72
1
11
444.000000
21
526.300000
31
0.0
73
2
0
TEXT
8
11_TEXTE
10
696.000000
20
526.300000
30
0.0
40
3.500000
1
AVAL
41
0.850000
7
STANDARD
72
1
11
696.000000
21
526.300000
31
0.0
73
2
0
TEXT
8
11_TEXTE
10
570.000000
20
438.300000
30
0.0
40
2.200000
1
PENTE DU RADIER 1.0 % VERS L'AVAL
41
0.850000
7
STANDARD
72
1
11
570.000000
21
438.300000
31
0.0
73
2
0
SOLID
8
11_TEXTE
10
606.000000
20
438.300000
30
0.0
11
603.500000
21
438.750000
31
0.0
12
603.500000
22
437.850000
32
0.0
13
603.500000
23
437.850000
33
0.0
0
LINE
8
11_TEXTE
10
482.500000
20
496.300000
30
0.0
11
436.000000
21
514.300000
31
0.0
0
LINE
8
11_TEXTE
10
436.000000
20
514.300000
30
0.0
11
432.000000
21
514.300000
31
0.0
0
SOLID
8
11_TEXTE
10
482.500000
20
496.300000
30
0.0
11
480.331027
21
497.622141
31
0.0
12
480.006132
22
496.782830
32
0.0
13
480.006132
23
496.782830
33
0.0
0
TEXT
8
11_TEXTE
10
431.000000
20
514.300000
30
0.0
40
2.500000
1
MUR DE TETE ep. 0.25
41
0.850000
7
STANDARD
72
2
11
431.000000
21
514.300000
31
0.0
73
2
0
LINE
8
11_TEXTE
10
452.000000
20
480.300000
30
0.0
11
416.000000
21
494.300000
31
0.0
0
LINE
8
11_TEXTE
10
416.000000
20
494.300000
30
0.0
11
412.000000
21
494.300000
31
0.0
0
SOLID
8
11_TEXTE
10
452.000000
20
480.300000
30
0.0
11
449.833089
21
481.625518
31
0.0
12
449.506888
22
480.786714
32
0.0
13
449.506888
23
480.786714
33
0.0
0
TEXT
8
11_TEXTE
10
411.000000
20
494.300000
30
0.0
40
2.500000
1
MUR EN AILE (VU)
41
0.850000
7
STANDARD
72
2
11
411.000000
21
494.300000
31
0.0
73
2
0
LINE
8
11_TEXTE
10
475.000000
20
441.300000
30
0.0
11
432.000000
21
429.300000
31
0.0
0
LINE
8
11_TEXTE
10
432.000000
20
429.300000
30
0.0
11
428.000000
21
429.300000
31
0.0
0
SOLID
8
11_TEXTE
10
475.000000
20
441.300000
30
0.0
11
472.471050
21
441.061441
31
0.0
12
472.712969
22
440.194564
32
0.0
13
472.712969
23
440.194564
33
0.0
0
TEXT
8
11_TEXTE
10
427.000000
20
429.300000
30
0.0
40
2.500000
1
BECHE 0.30 x 0.60
41
0.850000
7
STANDARD
72
2
11
427.000000
21
429.300000
31
0.0
73
2
0
LINE
8
11_TEXTE
10
683.000000
20
449.500000
30
0.0
11
700.000000
21
427.500000
31
0.0
0
LINE
8
11_TEXTE
10
700.000000
20
427.500000
30
0.0
11
704.000000
21
427.500000
31
0.0
0
SOLID
8
11_TEXTE
10
683.000000
20
449.500000
30
0.0
11
684.172541
21
447.246636
31
0.0
12
684.884697
22
447.796939
32
0.0
13
684.884697
23
447.796939
33
0.0
0
TEXT
8
11_TEXTE
10
705.000000
20
427.500000
30
0.0
40
2.500000
1
ENROCHEMENT ep. 0.40 SUR 1.50 m
41
0.850000
7
STANDARD
72
0
11
705.000000
21
427.500000
31
0.0
73
2
0
LINE
8
11_TEXTE
10
648.000000
20
514.300000
30
0.0
11
688.000000
21
540.300000
31
0.0
0
LINE
8
11_TEXTE
10
688.000000
20
540.300000
30
0.0
11
692.000000
21
540.300000
31
0.0
0
SOLID
8
11_TEXTE
10
648.000000
20
514.300000
30
0.0
11
650.341354
21
515.285171
31
0.0
12
649.850864
22
516.039771
32
0.0
13
649.850864
23
516.039771
33
0.0
0
TEXT
8
11_TEXTE
10
693.000000
20
540.300000
30
0.0
40
2.500000
1
DISPOSITIF DE RETENUE (POUR MEMOIRE)
41
0.850000
7
STANDARD
72
0
11
693.000000
21
540.300000
31
0.0
73
2
0
LINE
8
06_REMBLAI
10
710.557359
20
259.500000
30
0.0
11
714.800000
21
263.742641
31
0.0
0
LINE
8
06_REMBLAI
10
702.072078
20
259.500000
30
0.0
11
714.800000
21
272.227922
31
0.0
0
LINE
8
06_REMBLAI
10
693.586797
20
259.500000
30
0.0
11
714.800000
21
280.713203
31
0.0
0
LINE
8
06_REMBLAI
10
685.101515
20
259.500000
30
0.0
11
714.800000
21
289.198485
31
0.0
0
LINE
8
06_REMBLAI
10
676.616234
20
259.500000
30
0.0
11
714.800000
21
297.683766
31
0.0
0
LINE
8
06_REMBLAI
10
668.130952
20
259.500000
30
0.0
11
714.800000
21
306.169048
31
0.0
0
LINE
8
06_REMBLAI
10
659.645671
20
259.500000
30
0.0
11
714.800000
21
314.654329
31
0.0
0
LINE
8
06_REMBLAI
10
651.160390
20
259.500000
30
0.0
11
714.800000
21
323.139610
31
0.0
0
LINE
8
06_REMBLAI
10
626.675108
20
243.500000
30
0.0
11
714.800000
21
331.624892
31
0.0
0
LINE
8
06_REMBLAI
10
618.189827
20
243.500000
30
0.0
11
714.800000
21
340.110173
31
0.0
0
LINE
8
06_REMBLAI
10
613.704546
20
247.500000
30
0.0
11
714.800000
21
348.595454
31
0.0
0
LINE
8
06_REMBLAI
10
610.800000
20
253.080736
30
0.0
11
707.519264
21
349.800000
31
0.0
0
LINE
8
06_REMBLAI
10
610.800000
20
261.566017
30
0.0
11
699.033983
21
349.800000
31
0.0
0
LINE
8
06_REMBLAI
10
610.800000
20
270.051299
30
0.0
11
690.548701
21
349.800000
31
0.0
0
LINE
8
06_REMBLAI
10
610.800000
20
278.536580
30
0.0
11
682.063420
21
349.800000
31
0.0
0
LINE
8
06_REMBLAI
10
610.800000
20
287.021861
30
0.0
11
673.578139
21
349.800000
31
0.0
0
LINE
8
06_REMBLAI
10
610.800000
20
295.507143
30
0.0
11
665.092857
21
349.800000
31
0.0
0
LINE
8
06_REMBLAI
10
610.800000
20
303.992424
30
0.0
11
656.607576
21
349.800000
31
0.0
0
LINE
8
06_REMBLAI
10
610.800000
20
312.477705
30
0.0
11
648.122295
21
349.800000
31
0.0
0
LINE
8
06_REMBLAI
10
610.800000
20
320.962987
30
0.0
11
639.637013
21
349.800000
31
0.0
0
LINE
8
06_REMBLAI
10
610.800000
20
329.448268
30
0.0
11
631.151732
21
349.800000
31
0.0
0
LINE
8
06_REMBLAI
10
602.366450
20
329.500000
30
0.0
11
622.666450
21
349.800000
31
0.0
0
LINE
8
06_REMBLAI
10
593.881169
20
329.500000
30
0.0
11
614.181169
21
349.800000
31
0.0
0
LINE
8
06_REMBLAI
10
499.395888
20
243.500000
30
0.0
11
510.800000
21
254.904112
31
0.0
0
LINE
8
06_REMBLAI
10
585.395888
20
329.500000
30
0.0
11
605.695888
21
349.800000
31
0.0
0
LINE
8
06_REMBLAI
10
490.910606
20
243.500000
30
0.0
11
510.800000
21
263.389394
31
0.0
0
LINE
8
06_REMBLAI
10
576.910606
20
329.500000
30
0.0
11
597.210606
21
349.800000
31
0.0
0
LINE
8
06_REMBLAI
10
484.612662
20
245.687338
30
0.0
11
510.800000
21
271.874675
31
0.0
0
LINE
8
06_REMBLAI
10
568.425325
20
329.500000
30
0.0
11
588.725325
21
349.800000
31
0.0
0
LINE
8
06_REMBLAI
10
480.370022
20
249.929978
30
0.0
11
510.800000
21
280.359956
31
0.0
0
LINE
8
06_REMBLAI
10
559.940044
20
329.500000
30
0.0
11
580.240044
21
349.800000
31
0.0
0
LINE
8
06_REMBLAI
10
476.127381
20
254.172619
30
0.0
11
510.800000
21
288.845238
31
0.0
0
LINE
8
06_REMBLAI
10
551.454762
20
329.500000
30
0.0
11
571.754762
21
349.800000
31
0.0
0
LINE
8
06_REMBLAI
10
471.884740
20
258.415260
30
0.0
11
510.800000
21
297.330519
31
0.0
0
LINE
8
06_REMBLAI
10
542.969481
20
329.500000
30
0.0
11
563.269481
21
349.800000
31
0.0
0
LINE
8
06_REMBLAI
10
464.484199
20
259.500000
30
0.0
11
510.800000
21
305.815801
31
0.0
0
LINE
8
06_REMBLAI
10
534.484199
20
329.500000
30
0.0
11
554.784199
21
349.800000
31
0.0
0
LINE
8
06_REMBLAI
10
455.998918
20
259.500000
30
0.0
11
510.800000
21
314.301082
31
0.0
0
LINE
8
06_REMBLAI
10
525.998918
20
329.500000
30
0.0
11
546.298918
21
349.800000
31
0.0
0
LINE
8
06_REMBLAI
10
447.513637
20
259.500000
30
0.0
11
510.800000
21
322.786363
31
0.0
0
LINE
8
06_REMBLAI
10
517.513637
20
329.500000
30
0.0
11
537.813637
21
349.800000
31
0.0
0
LINE
8
06_REMBLAI
10
439.028355
20
259.500000
30
0.0
11
529.328355
21
349.800000
31
0.0
0
LINE
8
06_REMBLAI
10
430.543074
20
259.500000
30
0.0
11
520.843074
21
349.800000
31
0.0
0
LINE
8
06_REMBLAI
10
422.057793
20
259.500000
30
0.0
11
512.357793
21
349.800000
31
0.0
0
LINE
8
06_REMBLAI
10
413.572511
20
259.500000
30
0.0
11
503.872511
21
349.800000
31
0.0
0
LINE
8
06_REMBLAI
10
406.800000
20
261.212770
30
0.0
11
495.387230
21
349.800000
31
0.0
0
LINE
8
06_REMBLAI
10
406.800000
20
269.698052
30
0.0
11
486.901948
21
349.800000
31
0.0
0
LINE
8
06_REMBLAI
10
406.800000
20
278.183333
30
0.0
11
478.416667
21
349.800000
31
0.0
0
LINE
8
06_REMBLAI
10
406.800000
20
286.668614
30
0.0
11
469.931386
21
349.800000
31
0.0
0
LINE
8
06_REMBLAI
10
406.800000
20
295.153896
30
0.0
11
461.446104
21
349.800000
31
0.0
0
LINE
8
06_REMBLAI
10
406.800000
20
303.639177
30
0.0
11
452.960823
21
349.800000
31
0.0
0
LINE
8
06_REMBLAI
10
406.800000
20
312.124458
30
0.0
11
444.475542
21
349.800000
31
0.0
0
LINE
8
06_REMBLAI
10
406.800000
20
320.609740
30
0.0
11
435.990260
21
349.800000
31
0.0
0
LINE
8
06_REMBLAI
10
406.800000
20
329.095021
30
0.0
11
427.504979
21
349.800000
31
0.0
0
LINE
8
06_REMBLAI
10
406.800000
20
337.580303
30
0.0
11
419.019697
21
349.800000
31
0.0
0
LINE
8
06_REMBLAI
10
406.800000
20
346.065584
30
0.0
11
410.534416
21
349.800000
31
0.0
0
LINE
8
06_REMBLAI
10
714.800000
20
345.557359
30
0.0
11
710.557359
21
349.800000
31
0.0
0
LINE
8
06_REMBLAI
10
714.800000
20
337.072078
30
0.0
11
702.072078
21
349.800000
31
0.0
0
LINE
8
06_REMBLAI
10
714.800000
20
328.586797
30
0.0
11
693.586797
21
349.800000
31
0.0
0
LINE
8
06_REMBLAI
10
714.800000
20
320.101515
30
0.0
11
685.101515
21
349.800000
31
0.0
0
LINE
8
06_REMBLAI
10
714.800000
20
311.616234
30
0.0
11
676.616234
21
349.800000
31
0.0
0
LINE
8
06_REMBLAI
10
714.800000
20
303.130952
30
0.0
11
668.130952
21
349.800000
31
0.0
0
LINE
8
06_REMBLAI
10
714.800000
20
294.645671
30
0.0
11
659.645671
21
349.800000
31
0.0
0
LINE
8
06_REMBLAI
10
714.800000
20
286.160390
30
0.0
11
651.160390
21
349.800000
31
0.0
0
LINE
8
06_REMBLAI
10
714.800000
20
277.675108
30
0.0
11
642.675108
21
349.800000
31
0.0
0
LINE
8
06_REMBLAI
10
714.800000
20
269.189827
30
0.0
11
634.189827
21
349.800000
31
0.0
0
LINE
8
06_REMBLAI
10
714.800000
20
260.704546
30
0.0
11
625.704546
21
349.800000
31
0.0
0
LINE
8
06_REMBLAI
10
707.519264
20
259.500000
30
0.0
11
617.219264
21
349.800000
31
0.0
0
LINE
8
06_REMBLAI
10
699.033983
20
259.500000
30
0.0
11
608.733983
21
349.800000
31
0.0
0
LINE
8
06_REMBLAI
10
690.548701
20
259.500000
30
0.0
11
600.248701
21
349.800000
31
0.0
0
LINE
8
06_REMBLAI
10
682.063420
20
259.500000
30
0.0
11
591.763420
21
349.800000
31
0.0
0
LINE
8
06_REMBLAI
10
673.578139
20
259.500000
30
0.0
11
610.800000
21
322.278139
31
0.0
0
LINE
8
06_REMBLAI
10
603.578139
20
329.500000
30
0.0
11
583.278139
21
349.800000
31
0.0
0
LINE
8
06_REMBLAI
10
665.092857
20
259.500000
30
0.0
11
610.800000
21
313.792857
31
0.0
0
LINE
8
06_REMBLAI
10
595.092857
20
329.500000
30
0.0
11
574.792857
21
349.800000
31
0.0
0
LINE
8
06_REMBLAI
10
656.607576
20
259.500000
30
0.0
11
610.800000
21
305.307576
31
0.0
0
LINE
8
06_REMBLAI
10
586.607576
20
329.500000
30
0.0
11
566.307576
21
349.800000
31
0.0
0
LINE
8
06_REMBLAI
10
649.461147
20
258.161147
30
0.0
11
610.800000
21
296.822295
31
0.0
0
LINE
8
06_REMBLAI
10
578.122295
20
329.500000
30
0.0
11
557.822295
21
349.800000
31
0.0
0
LINE
8
06_REMBLAI
10
645.218507
20
253.918507
30
0.0
11
610.800000
21
288.337013
31
0.0
0
LINE
8
06_REMBLAI
10
569.637013
20
329.500000
30
0.0
11
549.337013
21
349.800000
31
0.0
0
LINE
8
06_REMBLAI
10
640.975866
20
249.675866
30
0.0
11
610.800000
21
279.851732
31
0.0
0
LINE
8
06_REMBLAI
10
561.151732
20
329.500000
30
0.0
11
540.851732
21
349.800000
31
0.0
0
LINE
8
06_REMBLAI
10
636.733225
20
245.433225
30
0.0
11
610.800000
21
271.366450
31
0.0
0
LINE
8
06_REMBLAI
10
552.666450
20
329.500000
30
0.0
11
532.366450
21
349.800000
31
0.0
0
LINE
8
06_REMBLAI
10
630.181169
20
243.500000
30
0.0
11
610.800000
21
262.881169
31
0.0
0
LINE
8
06_REMBLAI
10
544.181169
20
329.500000
30
0.0
11
523.881169
21
349.800000
31
0.0
0
LINE
8
06_REMBLAI
10
621.695888
20
243.500000
30
0.0
11
610.800000
21
254.395888
31
0.0
0
LINE
8
06_REMBLAI
10
535.695888
20
329.500000
30
0.0
11
515.395888
21
349.800000
31
0.0
0
LINE
8
06_REMBLAI
10
527.210606
20
329.500000
30
0.0
11
506.910606
21
349.800000
31
0.0
0
LINE
8
06_REMBLAI
10
518.725325
20
329.500000
30
0.0
11
498.425325
21
349.800000
31
0.0
0
LINE
8
06_REMBLAI
10
510.800000
20
328.940044
30
0.0
11
489.940044
21
349.800000
31
0.0
0
LINE
8
06_REMBLAI
10
510.800000
20
320.454762
30
0.0
11
481.454762
21
349.800000
31
0.0
0
LINE
8
06_REMBLAI
10
510.800000
20
311.969481
30
0.0
11
472.969481
21
349.800000
31
0.0
0
LINE
8
06_REMBLAI
10
510.800000
20
303.484199
30
0.0
11
464.484199
21
349.800000
31
0.0
0
LINE
8
06_REMBLAI
10
510.800000
20
294.998918
30
0.0
11
455.998918
21
349.800000
31
0.0
0
LINE
8
06_REMBLAI
10
510.800000
20
286.513637
30
0.0
11
447.513637
21
349.800000
31
0.0
0
LINE
8
06_REMBLAI
10
510.800000
20
278.028355
30
0.0
11
439.028355
21
349.800000
31
0.0
0
LINE
8
06_REMBLAI
10
510.800000
20
269.543074
30
0.0
11
430.543074
21
349.800000
31
0.0
0
LINE
8
06_REMBLAI
10
510.800000
20
261.057793
30
0.0
11
422.057793
21
349.800000
31
0.0
0
LINE
8
06_REMBLAI
10
510.800000
20
252.572511
30
0.0
11
413.572511
21
349.800000
31
0.0
0
LINE
8
06_REMBLAI
10
507.387230
20
247.500000
30
0.0
11
406.800000
21
348.087230
31
0.0
0
LINE
8
06_REMBLAI
10
502.901948
20
243.500000
30
0.0
11
406.800000
21
339.601948
31
0.0
0
LINE
8
06_REMBLAI
10
494.416667
20
243.500000
30
0.0
11
406.800000
21
331.116667
31
0.0
0
LINE
8
06_REMBLAI
10
469.931386
20
259.500000
30
0.0
11
406.800000
21
322.631386
31
0.0
0
LINE
8
06_REMBLAI
10
461.446104
20
259.500000
30
0.0
11
406.800000
21
314.146104
31
0.0
0
LINE
8
06_REMBLAI
10
452.960823
20
259.500000
30
0.0
11
406.800000
21
305.660823
31
0.0
0
LINE
8
06_REMBLAI
10
444.475542
20
259.500000
30
0.0
11
406.800000
21
297.175542
31
0.0
0
LINE
8
06_REMBLAI
10
435.990260
20
259.500000
30
0.0
11
406.800000
21
288.690260
31
0.0
0
LINE
8
06_REMBLAI
10
427.504979
20
259.500000
30
0.0
11
406.800000
21
280.204979
31
0.0
0
LINE
8
06_REMBLAI
10
419.019697
20
259.500000
30
0.0
11
406.800000
21
271.719697
31
0.0
0
LINE
8
06_REMBLAI
10
410.534416
20
259.500000
30
0.0
11
406.800000
21
263.234416
31
0.0
0
POLYLINE
8
03_BETON_CACHE
66
1
10
0.0
20
0.0
30
0.0
70
0
0
VERTEX
8
03_BETON_CACHE
10
470.800000
20
259.500000
30
0.0
0
VERTEX
8
03_BETON_CACHE
10
486.800000
20
243.500000
30
0.0
0
SEQEND
8
03_BETON_CACHE
0
POLYLINE
8
03_BETON_CACHE
66
1
10
0.0
20
0.0
30
0.0
70
0
0
VERTEX
8
03_BETON_CACHE
10
650.800000
20
259.500000
30
0.0
0
VERTEX
8
03_BETON_CACHE
10
634.800000
20
243.500000
30
0.0
0
SEQEND
8
03_BETON_CACHE
0
POLYLINE
8
05_TERRAIN
66
1
10
0.0
20
0.0
30
0.0
70
0
0
VERTEX
8
05_TERRAIN
10
406.800000
20
259.500000
30
0.0
0
VERTEX
8
05_TERRAIN
10
470.800000
20
259.500000
30
0.0
0
SEQEND
8
05_TERRAIN
0
LINE
8
05_TERRAIN
10
408.800000
20
259.500000
30
0.0
11
407.200000
21
257.900000
31
0.0
0
LINE
8
05_TERRAIN
10
412.800000
20
259.500000
30
0.0
11
411.200000
21
257.900000
31
0.0
0
LINE
8
05_TERRAIN
10
416.800000
20
259.500000
30
0.0
11
415.200000
21
257.900000
31
0.0
0
LINE
8
05_TERRAIN
10
420.800000
20
259.500000
30
0.0
11
419.200000
21
257.900000
31
0.0
0
LINE
8
05_TERRAIN
10
424.800000
20
259.500000
30
0.0
11
423.200000
21
257.900000
31
0.0
0
LINE
8
05_TERRAIN
10
428.800000
20
259.500000
30
0.0
11
427.200000
21
257.900000
31
0.0
0
LINE
8
05_TERRAIN
10
432.800000
20
259.500000
30
0.0
11
431.200000
21
257.900000
31
0.0
0
LINE
8
05_TERRAIN
10
436.800000
20
259.500000
30
0.0
11
435.200000
21
257.900000
31
0.0
0
LINE
8
05_TERRAIN
10
440.800000
20
259.500000
30
0.0
11
439.200000
21
257.900000
31
0.0
0
LINE
8
05_TERRAIN
10
444.800000
20
259.500000
30
0.0
11
443.200000
21
257.900000
31
0.0
0
LINE
8
05_TERRAIN
10
448.800000
20
259.500000
30
0.0
11
447.200000
21
257.900000
31
0.0
0
LINE
8
05_TERRAIN
10
452.800000
20
259.500000
30
0.0
11
451.200000
21
257.900000
31
0.0
0
LINE
8
05_TERRAIN
10
456.800000
20
259.500000
30
0.0
11
455.200000
21
257.900000
31
0.0
0
LINE
8
05_TERRAIN
10
460.800000
20
259.500000
30
0.0
11
459.200000
21
257.900000
31
0.0
0
LINE
8
05_TERRAIN
10
464.800000
20
259.500000
30
0.0
11
463.200000
21
257.900000
31
0.0
0
LINE
8
05_TERRAIN
10
468.800000
20
259.500000
30
0.0
11
467.200000
21
257.900000
31
0.0
0
POLYLINE
8
05_TERRAIN
66
1
10
0.0
20
0.0
30
0.0
70
0
0
VERTEX
8
05_TERRAIN
10
650.800000
20
259.500000
30
0.0
0
VERTEX
8
05_TERRAIN
10
714.800000
20
259.500000
30
0.0
0
SEQEND
8
05_TERRAIN
0
LINE
8
05_TERRAIN
10
652.800000
20
259.500000
30
0.0
11
651.200000
21
257.900000
31
0.0
0
LINE
8
05_TERRAIN
10
656.800000
20
259.500000
30
0.0
11
655.200000
21
257.900000
31
0.0
0
LINE
8
05_TERRAIN
10
660.800000
20
259.500000
30
0.0
11
659.200000
21
257.900000
31
0.0
0
LINE
8
05_TERRAIN
10
664.800000
20
259.500000
30
0.0
11
663.200000
21
257.900000
31
0.0
0
LINE
8
05_TERRAIN
10
668.800000
20
259.500000
30
0.0
11
667.200000
21
257.900000
31
0.0
0
LINE
8
05_TERRAIN
10
672.800000
20
259.500000
30
0.0
11
671.200000
21
257.900000
31
0.0
0
LINE
8
05_TERRAIN
10
676.800000
20
259.500000
30
0.0
11
675.200000
21
257.900000
31
0.0
0
LINE
8
05_TERRAIN
10
680.800000
20
259.500000
30
0.0
11
679.200000
21
257.900000
31
0.0
0
LINE
8
05_TERRAIN
10
684.800000
20
259.500000
30
0.0
11
683.200000
21
257.900000
31
0.0
0
LINE
8
05_TERRAIN
10
688.800000
20
259.500000
30
0.0
11
687.200000
21
257.900000
31
0.0
0
LINE
8
05_TERRAIN
10
692.800000
20
259.500000
30
0.0
11
691.200000
21
257.900000
31
0.0
0
LINE
8
05_TERRAIN
10
696.800000
20
259.500000
30
0.0
11
695.200000
21
257.900000
31
0.0
0
LINE
8
05_TERRAIN
10
700.800000
20
259.500000
30
0.0
11
699.200000
21
257.900000
31
0.0
0
LINE
8
05_TERRAIN
10
704.800000
20
259.500000
30
0.0
11
703.200000
21
257.900000
31
0.0
0
LINE
8
05_TERRAIN
10
708.800000
20
259.500000
30
0.0
11
707.200000
21
257.900000
31
0.0
0
LINE
8
05_TERRAIN
10
712.800000
20
259.500000
30
0.0
11
711.200000
21
257.900000
31
0.0
0
POLYLINE
8
07_CHAUSSEE
66
1
10
0.0
20
0.0
30
0.0
70
1
0
VERTEX
8
07_CHAUSSEE
10
406.800000
20
349.800000
30
0.0
0
VERTEX
8
07_CHAUSSEE
10
714.800000
20
349.800000
30
0.0
0
VERTEX
8
07_CHAUSSEE
10
714.800000
20
359.800000
30
0.0
0
VERTEX
8
07_CHAUSSEE
10
406.800000
20
359.800000
30
0.0
0
SEQEND
8
07_CHAUSSEE
0
LINE
8
07_CHAUSSEE
10
406.800000
20
357.800000
30
0.0
11
714.800000
21
357.800000
31
0.0
0
LINE
8
07_CHAUSSEE
10
406.800000
20
350.400000
30
0.0
11
714.800000
21
350.400000
31
0.0
0
LINE
8
07_CHAUSSEE
10
406.800000
20
351.600000
30
0.0
11
714.800000
21
351.600000
31
0.0
0
LINE
8
07_CHAUSSEE
10
406.800000
20
352.800000
30
0.0
11
714.800000
21
352.800000
31
0.0
0
LINE
8
07_CHAUSSEE
10
406.800000
20
354.000000
30
0.0
11
714.800000
21
354.000000
31
0.0
0
LINE
8
07_CHAUSSEE
10
406.800000
20
355.200000
30
0.0
11
714.800000
21
355.200000
31
0.0
0
LINE
8
07_CHAUSSEE
10
406.800000
20
356.400000
30
0.0
11
714.800000
21
356.400000
31
0.0
0
LINE
8
07_CHAUSSEE
10
406.800000
20
357.600000
30
0.0
11
714.800000
21
357.600000
31
0.0
0
POLYLINE
8
02_BETON
66
1
10
0.0
20
0.0
30
0.0
70
1
0
VERTEX
8
02_BETON
10
506.800000
20
243.500000
30
0.0
0
VERTEX
8
02_BETON
10
614.800000
20
243.500000
30
0.0
0
VERTEX
8
02_BETON
10
614.800000
20
247.500000
30
0.0
0
VERTEX
8
02_BETON
10
506.800000
20
247.500000
30
0.0
0
SEQEND
8
02_BETON
0
LINE
8
04_HACHURES
10
614.800000
20
246.368629
30
0.0
11
613.668629
21
247.500000
31
0.0
0
LINE
8
04_HACHURES
10
614.800000
20
244.105887
30
0.0
11
611.405887
21
247.500000
31
0.0
0
LINE
8
04_HACHURES
10
613.143146
20
243.500000
30
0.0
11
609.143146
21
247.500000
31
0.0
0
LINE
8
04_HACHURES
10
610.880404
20
243.500000
30
0.0
11
606.880404
21
247.500000
31
0.0
0
LINE
8
04_HACHURES
10
608.617662
20
243.500000
30
0.0
11
604.617662
21
247.500000
31
0.0
0
LINE
8
04_HACHURES
10
606.354921
20
243.500000
30
0.0
11
602.354921
21
247.500000
31
0.0
0
LINE
8
04_HACHURES
10
604.092179
20
243.500000
30
0.0
11
600.092179
21
247.500000
31
0.0
0
LINE
8
04_HACHURES
10
601.829437
20
243.500000
30
0.0
11
597.829437
21
247.500000
31
0.0
0
LINE
8
04_HACHURES
10
599.566696
20
243.500000
30
0.0
11
595.566696
21
247.500000
31
0.0
0
LINE
8
04_HACHURES
10
597.303954
20
243.500000
30
0.0
11
593.303954
21
247.500000
31
0.0
0
LINE
8
04_HACHURES
10
595.041212
20
243.500000
30
0.0
11
591.041212
21
247.500000
31
0.0
0
LINE
8
04_HACHURES
10
592.778470
20
243.500000
30
0.0
11
588.778470
21
247.500000
31
0.0
0
LINE
8
04_HACHURES
10
590.515729
20
243.500000
30
0.0
11
586.515729
21
247.500000
31
0.0
0
LINE
8
04_HACHURES
10
588.252987
20
243.500000
30
0.0
11
584.252987
21
247.500000
31
0.0
0
LINE
8
04_HACHURES
10
585.990245
20
243.500000
30
0.0
11
581.990245
21
247.500000
31
0.0
0
LINE
8
04_HACHURES
10
583.727504
20
243.500000
30
0.0
11
579.727504
21
247.500000
31
0.0
0
LINE
8
04_HACHURES
10
581.464762
20
243.500000
30
0.0
11
577.464762
21
247.500000
31
0.0
0
LINE
8
04_HACHURES
10
579.202020
20
243.500000
30
0.0
11
575.202020
21
247.500000
31
0.0
0
LINE
8
04_HACHURES
10
576.939279
20
243.500000
30
0.0
11
572.939279
21
247.500000
31
0.0
0
LINE
8
04_HACHURES
10
574.676537
20
243.500000
30
0.0
11
570.676537
21
247.500000
31
0.0
0
LINE
8
04_HACHURES
10
572.413795
20
243.500000
30
0.0
11
568.413795
21
247.500000
31
0.0
0
LINE
8
04_HACHURES
10
570.151053
20
243.500000
30
0.0
11
566.151053
21
247.500000
31
0.0
0
LINE
8
04_HACHURES
10
567.888312
20
243.500000
30
0.0
11
563.888312
21
247.500000
31
0.0
0
LINE
8
04_HACHURES
10
565.625570
20
243.500000
30
0.0
11
561.625570
21
247.500000
31
0.0
0
LINE
8
04_HACHURES
10
563.362828
20
243.500000
30
0.0
11
559.362828
21
247.500000
31
0.0
0
LINE
8
04_HACHURES
10
561.100087
20
243.500000
30
0.0
11
557.100087
21
247.500000
31
0.0
0
LINE
8
04_HACHURES
10
558.837345
20
243.500000
30
0.0
11
554.837345
21
247.500000
31
0.0
0
LINE
8
04_HACHURES
10
556.574603
20
243.500000
30
0.0
11
552.574603
21
247.500000
31
0.0
0
LINE
8
04_HACHURES
10
554.311862
20
243.500000
30
0.0
11
550.311862
21
247.500000
31
0.0
0
LINE
8
04_HACHURES
10
552.049120
20
243.500000
30
0.0
11
548.049120
21
247.500000
31
0.0
0
LINE
8
04_HACHURES
10
549.786378
20
243.500000
30
0.0
11
545.786378
21
247.500000
31
0.0
0
LINE
8
04_HACHURES
10
547.523636
20
243.500000
30
0.0
11
543.523636
21
247.500000
31
0.0
0
LINE
8
04_HACHURES
10
545.260895
20
243.500000
30
0.0
11
541.260895
21
247.500000
31
0.0
0
LINE
8
04_HACHURES
10
542.998153
20
243.500000
30
0.0
11
538.998153
21
247.500000
31
0.0
0
LINE
8
04_HACHURES
10
540.735411
20
243.500000
30
0.0
11
536.735411
21
247.500000
31
0.0
0
LINE
8
04_HACHURES
10
538.472670
20
243.500000
30
0.0
11
534.472670
21
247.500000
31
0.0
0
LINE
8
04_HACHURES
10
536.209928
20
243.500000
30
0.0
11
532.209928
21
247.500000
31
0.0
0
LINE
8
04_HACHURES
10
533.947186
20
243.500000
30
0.0
11
529.947186
21
247.500000
31
0.0
0
LINE
8
04_HACHURES
10
531.684445
20
243.500000
30
0.0
11
527.684445
21
247.500000
31
0.0
0
LINE
8
04_HACHURES
10
529.421703
20
243.500000
30
0.0
11
525.421703
21
247.500000
31
0.0
0
LINE
8
04_HACHURES
10
527.158961
20
243.500000
30
0.0
11
523.158961
21
247.500000
31
0.0
0
LINE
8
04_HACHURES
10
524.896219
20
243.500000
30
0.0
11
520.896219
21
247.500000
31
0.0
0
LINE
8
04_HACHURES
10
522.633478
20
243.500000
30
0.0
11
518.633478
21
247.500000
31
0.0
0
LINE
8
04_HACHURES
10
520.370736
20
243.500000
30
0.0
11
516.370736
21
247.500000
31
0.0
0
LINE
8
04_HACHURES
10
518.107994
20
243.500000
30
0.0
11
514.107994
21
247.500000
31
0.0
0
LINE
8
04_HACHURES
10
515.845253
20
243.500000
30
0.0
11
511.845253
21
247.500000
31
0.0
0
LINE
8
04_HACHURES
10
513.582511
20
243.500000
30
0.0
11
509.582511
21
247.500000
31
0.0
0
LINE
8
04_HACHURES
10
511.319769
20
243.500000
30
0.0
11
507.319769
21
247.500000
31
0.0
0
LINE
8
04_HACHURES
10
509.057028
20
243.500000
30
0.0
11
506.800000
21
245.757028
31
0.0
0
POLYLINE
8
02_BETON
66
1
10
0.0
20
0.0
30
0.0
70
1
0
VERTEX
8
02_BETON
10
510.800000
20
247.500000
30
0.0
0
VERTEX
8
02_BETON
10
610.800000
20
247.500000
30
0.0
0
VERTEX
8
02_BETON
10
610.800000
20
329.500000
30
0.0
0
VERTEX
8
02_BETON
10
510.800000
20
329.500000
30
0.0
0
SEQEND
8
02_BETON
0
POLYLINE
8
02_BETON
66
1
10
0.0
20
0.0
30
0.0
70
1
0
VERTEX
8
02_BETON
10
520.800000
20
267.500000
30
0.0
0
VERTEX
8
02_BETON
10
528.800000
20
259.500000
30
0.0
0
VERTEX
8
02_BETON
10
592.800000
20
259.500000
30
0.0
0
VERTEX
8
02_BETON
10
600.800000
20
267.500000
30
0.0
0
VERTEX
8
02_BETON
10
600.800000
20
311.500000
30
0.0
0
VERTEX
8
02_BETON
10
592.800000
20
319.500000
30
0.0
0
VERTEX
8
02_BETON
10
528.800000
20
319.500000
30
0.0
0
VERTEX
8
02_BETON
10
520.800000
20
311.500000
30
0.0
0
SEQEND
8
02_BETON
0
LINE
8
04_HACHURES
10
609.244365
20
247.500000
30
0.0
11
610.800000
21
249.055635
31
0.0
0
LINE
8
04_HACHURES
10
606.133095
20
247.500000
30
0.0
11
610.800000
21
252.166905
31
0.0
0
LINE
8
04_HACHURES
10
603.021825
20
247.500000
30
0.0
11
610.800000
21
255.278175
31
0.0
0
LINE
8
04_HACHURES
10
599.910556
20
247.500000
30
0.0
11
610.800000
21
258.389444
31
0.0
0
LINE
8
04_HACHURES
10
596.799286
20
247.500000
30
0.0
11
610.800000
21
261.500714
31
0.0
0
LINE
8
04_HACHURES
10
593.688016
20
247.500000
30
0.0
11
610.800000
21
264.611984
31
0.0
0
LINE
8
04_HACHURES
10
590.576746
20
247.500000
30
0.0
11
610.800000
21
267.723254
31
0.0
0
LINE
8
04_HACHURES
10
587.465476
20
247.500000
30
0.0
11
610.800000
21
270.834524
31
0.0
0
LINE
8
04_HACHURES
10
584.354206
20
247.500000
30
0.0
11
610.800000
21
273.945794
31
0.0
0
LINE
8
04_HACHURES
10
581.242937
20
247.500000
30
0.0
11
610.800000
21
277.057063
31
0.0
0
LINE
8
04_HACHURES
10
578.131667
20
247.500000
30
0.0
11
590.131667
21
259.500000
31
0.0
0
LINE
8
04_HACHURES
10
600.800000
20
270.168333
30
0.0
11
610.800000
21
280.168333
31
0.0
0
LINE
8
04_HACHURES
10
575.020397
20
247.500000
30
0.0
11
587.020397
21
259.500000
31
0.0
0
LINE
8
04_HACHURES
10
600.800000
20
273.279603
30
0.0
11
610.800000
21
283.279603
31
0.0
0
LINE
8
04_HACHURES
10
571.909127
20
247.500000
30
0.0
11
583.909127
21
259.500000
31
0.0
0
LINE
8
04_HACHURES
10
600.800000
20
276.390873
30
0.0
11
610.800000
21
286.390873
31
0.0
0
LINE
8
04_HACHURES
10
568.797857
20
247.500000
30
0.0
11
580.797857
21
259.500000
31
0.0
0
LINE
8
04_HACHURES
10
600.800000
20
279.502143
30
0.0
11
610.800000
21
289.502143
31
0.0
0
LINE
8
04_HACHURES
10
565.686587
20
247.500000
30
0.0
11
577.686587
21
259.500000
31
0.0
0
LINE
8
04_HACHURES
10
600.800000
20
282.613413
30
0.0
11
610.800000
21
292.613413
31
0.0
0
LINE
8
04_HACHURES
10
562.575318
20
247.500000
30
0.0
11
574.575318
21
259.500000
31
0.0
0
LINE
8
04_HACHURES
10
600.800000
20
285.724682
30
0.0
11
610.800000
21
295.724682
31
0.0
0
LINE
8
04_HACHURES
10
559.464048
20
247.500000
30
0.0
11
571.464048
21
259.500000
31
0.0
0
LINE
8
04_HACHURES
10
600.800000
20
288.835952
30
0.0
11
610.800000
21
298.835952
31
0.0
0
LINE
8
04_HACHURES
10
556.352778
20
247.500000
30
0.0
11
568.352778
21
259.500000
31
0.0
0
LINE
8
04_HACHURES
10
600.800000
20
291.947222
30
0.0
11
610.800000
21
301.947222
31
0.0
0
LINE
8
04_HACHURES
10
553.241508
20
247.500000
30
0.0
11
565.241508
21
259.500000
31
0.0
0
LINE
8
04_HACHURES
10
600.800000
20
295.058492
30
0.0
11
610.800000
21
305.058492
31
0.0
0
LINE
8
04_HACHURES
10
550.130238
20
247.500000
30
0.0
11
562.130238
21
259.500000
31
0.0
0
LINE
8
04_HACHURES
10
600.800000
20
298.169762
30
0.0
11
610.800000
21
308.169762
31
0.0
0
LINE
8
04_HACHURES
10
547.018968
20
247.500000
30
0.0
11
559.018968
21
259.500000
31
0.0
0
LINE
8
04_HACHURES
10
600.800000
20
301.281032
30
0.0
11
610.800000
21
311.281032
31
0.0
0
LINE
8
04_HACHURES
10
543.907698
20
247.500000
30
0.0
11
555.907698
21
259.500000
31
0.0
0
LINE
8
04_HACHURES
10
600.800000
20
304.392302
30
0.0
11
610.800000
21
314.392302
31
0.0
0
LINE
8
04_HACHURES
10
540.796429
20
247.500000
30
0.0
11
552.796429
21
259.500000
31
0.0
0
LINE
8
04_HACHURES
10
600.800000
20
307.503571
30
0.0
11
610.800000
21
317.503571
31
0.0
0
LINE
8
04_HACHURES
10
537.685159
20
247.500000
30
0.0
11
549.685159
21
259.500000
31
0.0
0
LINE
8
04_HACHURES
10
600.800000
20
310.614841
30
0.0
11
610.800000
21
320.614841
31
0.0
0
LINE
8
04_HACHURES
10
534.573889
20
247.500000
30
0.0
11
546.573889
21
259.500000
31
0.0
0
LINE
8
04_HACHURES
10
599.686944
20
312.613056
30
0.0
11
610.800000
21
323.726111
31
0.0
0
LINE
8
04_HACHURES
10
531.462619
20
247.500000
30
0.0
11
543.462619
21
259.500000
31
0.0
0
LINE
8
04_HACHURES
10
598.131310
20
314.168690
30
0.0
11
610.800000
21
326.837381
31
0.0
0
LINE
8
04_HACHURES
10
528.351349
20
247.500000
30
0.0
11
540.351349
21
259.500000
31
0.0
0
LINE
8
04_HACHURES
10
596.575675
20
315.724325
30
0.0
11
610.351349
21
329.500000
31
0.0
0
LINE
8
04_HACHURES
10
525.240079
20
247.500000
30
0.0
11
537.240079
21
259.500000
31
0.0
0
LINE
8
04_HACHURES
10
595.020040
20
317.279960
30
0.0
11
607.240079
21
329.500000
31
0.0
0
LINE
8
04_HACHURES
10
522.128810
20
247.500000
30
0.0
11
534.128810
21
259.500000
31
0.0
0
LINE
8
04_HACHURES
10
593.464405
20
318.835595
30
0.0
11
604.128810
21
329.500000
31
0.0
0
LINE
8
04_HACHURES
10
519.017540
20
247.500000
30
0.0
11
531.017540
21
259.500000
31
0.0
0
LINE
8
04_HACHURES
10
591.017540
20
319.500000
30
0.0
11
601.017540
21
329.500000
31
0.0
0
LINE
8
04_HACHURES
10
515.906270
20
247.500000
30
0.0
11
528.353135
21
259.946865
31
0.0
0
LINE
8
04_HACHURES
10
587.906270
20
319.500000
30
0.0
11
597.906270
21
329.500000
31
0.0
0
LINE
8
04_HACHURES
10
512.795000
20
247.500000
30
0.0
11
526.797500
21
261.502500
31
0.0
0
LINE
8
04_HACHURES
10
584.795000
20
319.500000
30
0.0
11
594.795000
21
329.500000
31
0.0
0
LINE
8
04_HACHURES
10
510.800000
20
248.616270
30
0.0
11
525.241865
21
263.058135
31
0.0
0
LINE
8
04_HACHURES
10
581.683730
20
319.500000
30
0.0
11
591.683730
21
329.500000
31
0.0
0
LINE
8
04_HACHURES
10
510.800000
20
251.727540
30
0.0
11
523.686230
21
264.613770
31
0.0
0
LINE
8
04_HACHURES
10
578.572460
20
319.500000
30
0.0
11
588.572460
21
329.500000
31
0.0
0
LINE
8
04_HACHURES
10
510.800000
20
254.838809
30
0.0
11
522.130595
21
266.169405
31
0.0
0
LINE
8
04_HACHURES
10
575.461191
20
319.500000
30
0.0
11
585.461191
21
329.500000
31
0.0
0
LINE
8
04_HACHURES
10
510.800000
20
257.950079
30
0.0
11
520.800000
21
267.950079
31
0.0
0
LINE
8
04_HACHURES
10
572.349921
20
319.500000
30
0.0
11
582.349921
21
329.500000
31
0.0
0
LINE
8
04_HACHURES
10
510.800000
20
261.061349
30
0.0
11
520.800000
21
271.061349
31
0.0
0
LINE
8
04_HACHURES
10
569.238651
20
319.500000
30
0.0
11
579.238651
21
329.500000
31
0.0
0
LINE
8
04_HACHURES
10
510.800000
20
264.172619
30
0.0
11
520.800000
21
274.172619
31
0.0
0
LINE
8
04_HACHURES
10
566.127381
20
319.500000
30
0.0
11
576.127381
21
329.500000
31
0.0
0
LINE
8
04_HACHURES
10
510.800000
20
267.283889
30
0.0
11
520.800000
21
277.283889
31
0.0
0
LINE
8
04_HACHURES
10
563.016111
20
319.500000
30
0.0
11
573.016111
21
329.500000
31
0.0
0
LINE
8
04_HACHURES
10
510.800000
20
270.395159
30
0.0
11
520.800000
21
280.395159
31
0.0
0
LINE
8
04_HACHURES
10
559.904841
20
319.500000
30
0.0
11
569.904841
21
329.500000
31
0.0
0
LINE
8
04_HACHURES
10
510.800000
20
273.506428
30
0.0
11
520.800000
21
283.506428
31
0.0
0
LINE
8
04_HACHURES
10
556.793572
20
319.500000
30
0.0
11
566.793572
21
329.500000
31
0.0
0
LINE
8
04_HACHURES
10
510.800000
20
276.617698
30
0.0
11
520.800000
21
286.617698
31
0.0
0
LINE
8
04_HACHURES
10
553.682302
20
319.500000
30
0.0
11
563.682302
21
329.500000
31
0.0
0
LINE
8
04_HACHURES
10
510.800000
20
279.728968
30
0.0
11
520.800000
21
289.728968
31
0.0
0
LINE
8
04_HACHURES
10
550.571032
20
319.500000
30
0.0
11
560.571032
21
329.500000
31
0.0
0
LINE
8
04_HACHURES
10
510.800000
20
282.840238
30
0.0
11
520.800000
21
292.840238
31
0.0
0
LINE
8
04_HACHURES
10
547.459762
20
319.500000
30
0.0
11
557.459762
21
329.500000
31
0.0
0
LINE
8
04_HACHURES
10
510.800000
20
285.951508
30
0.0
11
520.800000
21
295.951508
31
0.0
0
LINE
8
04_HACHURES
10
544.348492
20
319.500000
30
0.0
11
554.348492
21
329.500000
31
0.0
0
LINE
8
04_HACHURES
10
510.800000
20
289.062778
30
0.0
11
520.800000
21
299.062778
31
0.0
0
LINE
8
04_HACHURES
10
541.237222
20
319.500000
30
0.0
11
551.237222
21
329.500000
31
0.0
0
LINE
8
04_HACHURES
10
510.800000
20
292.174047
30
0.0
11
520.800000
21
302.174047
31
0.0
0
LINE
8
04_HACHURES
10
538.125953
20
319.500000
30
0.0
11
548.125953
21
329.500000
31
0.0
0
LINE
8
04_HACHURES
10
510.800000
20
295.285317
30
0.0
11
520.800000
21
305.285317
31
0.0
0
LINE
8
04_HACHURES
10
535.014683
20
319.500000
30
0.0
11
545.014683
21
329.500000
31
0.0
0
LINE
8
04_HACHURES
10
510.800000
20
298.396587
30
0.0
11
520.800000
21
308.396587
31
0.0
0
LINE
8
04_HACHURES
10
531.903413
20
319.500000
30
0.0
11
541.903413
21
329.500000
31
0.0
0
LINE
8
04_HACHURES
10
510.800000
20
301.507857
30
0.0
11
538.792143
21
329.500000
31
0.0
0
LINE
8
04_HACHURES
10
510.800000
20
304.619127
30
0.0
11
535.680873
21
329.500000
31
0.0
0
LINE
8
04_HACHURES
10
510.800000
20
307.730397
30
0.0
11
532.569603
21
329.500000
31
0.0
0
LINE
8
04_HACHURES
10
510.800000
20
310.841666
30
0.0
11
529.458334
21
329.500000
31
0.0
0
LINE
8
04_HACHURES
10
510.800000
20
313.952936
30
0.0
11
526.347064
21
329.500000
31
0.0
0
LINE
8
04_HACHURES
10
510.800000
20
317.064206
30
0.0
11
523.235794
21
329.500000
31
0.0
0
LINE
8
04_HACHURES
10
510.800000
20
320.175476
30
0.0
11
520.124524
21
329.500000
31
0.0
0
LINE
8
04_HACHURES
10
510.800000
20
323.286746
30
0.0
11
517.013254
21
329.500000
31
0.0
0
LINE
8
04_HACHURES
10
510.800000
20
326.398016
30
0.0
11
513.901984
21
329.500000
31
0.0
0
LINE
8
13_EAU
10
520.800000
20
307.500000
30
0.0
11
600.800000
21
307.500000
31
0.0
0
LINE
8
13_EAU
10
538.800000
20
309.100000
30
0.0
11
542.800000
21
309.100000
31
0.0
0
LINE
8
13_EAU
10
578.800000
20
309.100000
30
0.0
11
582.800000
21
309.100000
31
0.0
0
TEXT
8
13_EAU
10
560.800000
20
310.300000
30
0.0
40
2.000000
1
NIVEAU DE CALCUL 0.80 H
41
0.850000
7
STANDARD
72
1
11
560.800000
21
310.300000
31
0.0
73
1
0
LINE
8
01_AXES
10
560.800000
20
237.500000
30
0.0
11
560.800000
21
365.800000
31
0.0
0
LINE
8
10_COTATION
10
510.800000
20
242.500000
30
0.0
11
510.800000
21
224.000000
31
0.0
0
LINE
8
10_COTATION
10
520.800000
20
242.500000
30
0.0
11
520.800000
21
224.000000
31
0.0
0
LINE
8
10_COTATION
10
510.800000
20
225.500000
30
0.0
11
520.800000
21
225.500000
31
0.0
0
LINE
8
10_COTATION
10
509.916117
20
224.616117
30
0.0
11
511.683883
21
226.383883
31
0.0
0
LINE
8
10_COTATION
10
519.916117
20
224.616117
30
0.0
11
521.683883
21
226.383883
31
0.0
0
TEXT
8
10_COTATION
10
515.800000
20
226.300000
30
0.0
40
2.000000
1
0.25
41
0.850000
7
STANDARD
72
1
11
515.800000
21
226.300000
31
0.0
73
1
0
LINE
8
10_COTATION
10
520.800000
20
242.500000
30
0.0
11
520.800000
21
224.000000
31
0.0
0
LINE
8
10_COTATION
10
600.800000
20
242.500000
30
0.0
11
600.800000
21
224.000000
31
0.0
0
LINE
8
10_COTATION
10
520.800000
20
225.500000
30
0.0
11
600.800000
21
225.500000
31
0.0
0
LINE
8
10_COTATION
10
519.916117
20
224.616117
30
0.0
11
521.683883
21
226.383883
31
0.0
0
LINE
8
10_COTATION
10
599.916117
20
224.616117
30
0.0
11
601.683883
21
226.383883
31
0.0
0
TEXT
8
10_COTATION
10
560.800000
20
226.300000
30
0.0
40
2.000000
1
2.00
41
0.850000
7
STANDARD
72
1
11
560.800000
21
226.300000
31
0.0
73
1
0
LINE
8
10_COTATION
10
600.800000
20
242.500000
30
0.0
11
600.800000
21
224.000000
31
0.0
0
LINE
8
10_COTATION
10
610.800000
20
242.500000
30
0.0
11
610.800000
21
224.000000
31
0.0
0
LINE
8
10_COTATION
10
600.800000
20
225.500000
30
0.0
11
610.800000
21
225.500000
31
0.0
0
LINE
8
10_COTATION
10
599.916117
20
224.616117
30
0.0
11
601.683883
21
226.383883
31
0.0
0
LINE
8
10_COTATION
10
609.916117
20
224.616117
30
0.0
11
611.683883
21
226.383883
31
0.0
0
TEXT
8
10_COTATION
10
605.800000
20
226.300000
30
0.0
40
2.000000
1
0.25
41
0.850000
7
STANDARD
72
1
11
605.800000
21
226.300000
31
0.0
73
1
0
LINE
8
10_COTATION
10
510.800000
20
242.500000
30
0.0
11
510.800000
21
206.000000
31
0.0
0
LINE
8
10_COTATION
10
610.800000
20
242.500000
30
0.0
11
610.800000
21
206.000000
31
0.0
0
LINE
8
10_COTATION
10
510.800000
20
207.500000
30
0.0
11
610.800000
21
207.500000
31
0.0
0
LINE
8
10_COTATION
10
509.916117
20
206.616117
30
0.0
11
511.683883
21
208.383883
31
0.0
0
LINE
8
10_COTATION
10
609.916117
20
206.616117
30
0.0
11
611.683883
21
208.383883
31
0.0
0
TEXT
8
10_COTATION
10
560.800000
20
208.300000
30
0.0
40
2.000000
1
2.50
41
0.850000
7
STANDARD
72
1
11
560.800000
21
208.300000
31
0.0
73
1
0
LINE
8
10_COTATION
10
506.800000
20
242.500000
30
0.0
11
506.800000
21
188.000000
31
0.0
0
LINE
8
10_COTATION
10
614.800000
20
242.500000
30
0.0
11
614.800000
21
188.000000
31
0.0
0
LINE
8
10_COTATION
10
506.800000
20
189.500000
30
0.0
11
614.800000
21
189.500000
31
0.0
0
LINE
8
10_COTATION
10
505.916117
20
188.616117
30
0.0
11
507.683883
21
190.383883
31
0.0
0
LINE
8
10_COTATION
10
613.916117
20
188.616117
30
0.0
11
615.683883
21
190.383883
31
0.0
0
TEXT
8
10_COTATION
10
560.800000
20
190.300000
30
0.0
40
2.000000
1
2.70
41
0.850000
7
STANDARD
72
1
11
560.800000
21
190.300000
31
0.0
73
1
0
LINE
8
10_COTATION
10
611.800000
20
247.500000
30
0.0
11
634.300000
21
247.500000
31
0.0
0
LINE
8
10_COTATION
10
611.800000
20
259.500000
30
0.0
11
634.300000
21
259.500000
31
0.0
0
LINE
8
10_COTATION
10
632.800000
20
247.500000
30
0.0
11
632.800000
21
259.500000
31
0.0
0
LINE
8
10_COTATION
10
631.916117
20
246.616117
30
0.0
11
633.683883
21
248.383883
31
0.0
0
LINE
8
10_COTATION
10
631.916117
20
258.616117
30
0.0
11
633.683883
21
260.383883
31
0.0
0
TEXT
8
10_COTATION
10
632.000000
20
253.500000
30
0.0
40
2.000000
1
0.30
50
90.000000
41
0.850000
7
STANDARD
72
1
11
632.000000
21
253.500000
31
0.0
73
3
0
LINE
8
10_COTATION
10
611.800000
20
259.500000
30
0.0
11
634.300000
21
259.500000
31
0.0
0
LINE
8
10_COTATION
10
611.800000
20
319.500000
30
0.0
11
634.300000
21
319.500000
31
0.0
0
LINE
8
10_COTATION
10
632.800000
20
259.500000
30
0.0
11
632.800000
21
319.500000
31
0.0
0
LINE
8
10_COTATION
10
631.916117
20
258.616117
30
0.0
11
633.683883
21
260.383883
31
0.0
0
LINE
8
10_COTATION
10
631.916117
20
318.616117
30
0.0
11
633.683883
21
320.383883
31
0.0
0
TEXT
8
10_COTATION
10
632.000000
20
289.500000
30
0.0
40
2.000000
1
1.50
50
90.000000
41
0.850000
7
STANDARD
72
1
11
632.000000
21
289.500000
31
0.0
73
3
0
LINE
8
10_COTATION
10
611.800000
20
319.500000
30
0.0
11
634.300000
21
319.500000
31
0.0
0
LINE
8
10_COTATION
10
611.800000
20
329.500000
30
0.0
11
634.300000
21
329.500000
31
0.0
0
LINE
8
10_COTATION
10
632.800000
20
319.500000
30
0.0
11
632.800000
21
329.500000
31
0.0
0
LINE
8
10_COTATION
10
631.916117
20
318.616117
30
0.0
11
633.683883
21
320.383883
31
0.0
0
LINE
8
10_COTATION
10
631.916117
20
328.616117
30
0.0
11
633.683883
21
330.383883
31
0.0
0
TEXT
8
10_COTATION
10
632.000000
20
324.500000
30
0.0
40
2.000000
1
0.25
50
90.000000
41
0.850000
7
STANDARD
72
1
11
632.000000
21
324.500000
31
0.0
73
3
0
LINE
8
10_COTATION
10
611.800000
20
247.500000
30
0.0
11
652.300000
21
247.500000
31
0.0
0
LINE
8
10_COTATION
10
611.800000
20
329.500000
30
0.0
11
652.300000
21
329.500000
31
0.0
0
LINE
8
10_COTATION
10
650.800000
20
247.500000
30
0.0
11
650.800000
21
329.500000
31
0.0
0
LINE
8
10_COTATION
10
649.916117
20
246.616117
30
0.0
11
651.683883
21
248.383883
31
0.0
0
LINE
8
10_COTATION
10
649.916117
20
328.616117
30
0.0
11
651.683883
21
330.383883
31
0.0
0
TEXT
8
10_COTATION
10
650.000000
20
288.500000
30
0.0
40
2.000000
1
2.05
50
90.000000
41
0.850000
7
STANDARD
72
1
11
650.000000
21
288.500000
31
0.0
73
3
0
LINE
8
10_COTATION
10
611.800000
20
329.500000
30
0.0
11
634.300000
21
329.500000
31
0.0
0
LINE
8
10_COTATION
10
611.800000
20
359.800000
30
0.0
11
634.300000
21
359.800000
31
0.0
0
LINE
8
10_COTATION
10
632.800000
20
329.500000
30
0.0
11
632.800000
21
359.800000
31
0.0
0
LINE
8
10_COTATION
10
631.916117
20
328.616117
30
0.0
11
633.683883
21
330.383883
31
0.0
0
LINE
8
10_COTATION
10
631.916117
20
358.916117
30
0.0
11
633.683883
21
360.683883
31
0.0
0
TEXT
8
10_COTATION
10
632.000000
20
344.650000
30
0.0
40
2.000000
1
0.76
50
90.000000
41
0.850000
7
STANDARD
72
1
11
632.000000
21
344.650000
31
0.0
73
3
0
LINE
8
10_COTATION
10
611.800000
20
243.500000
30
0.0
11
634.300000
21
243.500000
31
0.0
0
LINE
8
10_COTATION
10
611.800000
20
247.500000
30
0.0
11
634.300000
21
247.500000
31
0.0
0
LINE
8
10_COTATION
10
632.800000
20
243.500000
30
0.0
11
632.800000
21
247.500000
31
0.0
0
LINE
8
10_COTATION
10
631.916117
20
242.616117
30
0.0
11
633.683883
21
244.383883
31
0.0
0
LINE
8
10_COTATION
10
631.916117
20
246.616117
30
0.0
11
633.683883
21
248.383883
31
0.0
0
TEXT
8
10_COTATION
10
632.000000
20
245.500000
30
0.0
40
2.000000
1
0.10
50
90.000000
41
0.850000
7
STANDARD
72
1
11
632.000000
21
245.500000
31
0.0
73
3
0
POLYLINE
8
10_COTATION
66
1
10
0.0
20
0.0
30
0.0
70
1
0
VERTEX
8
10_COTATION
10
531.200000
20
262.300000
30
0.0
0
VERTEX
8
10_COTATION
10
534.400000
20
262.300000
30
0.0
0
VERTEX
8
10_COTATION
10
532.800000
20
259.500000
30
0.0
0
SEQEND
8
10_COTATION
0
LINE
8
10_COTATION
10
532.800000
20
262.300000
30
0.0
11
510.800000
21
262.300000
31
0.0
0
TEXT
8
10_COTATION
10
510.800000
20
263.100000
30
0.0
40
2.000000
1
0.00  FIL D'EAU
41
0.850000
7
STANDARD
72
0
11
510.800000
21
263.100000
31
0.0
73
1
0
POLYLINE
8
10_COTATION
66
1
10
0.0
20
0.0
30
0.0
70
1
0
VERTEX
8
10_COTATION
10
429.200000
20
362.600000
30
0.0
0
VERTEX
8
10_COTATION
10
432.400000
20
362.600000
30
0.0
0
VERTEX
8
10_COTATION
10
430.800000
20
359.800000
30
0.0
0
SEQEND
8
10_COTATION
0
LINE
8
10_COTATION
10
430.800000
20
362.600000
30
0.0
11
456.800000
21
362.600000
31
0.0
0
TEXT
8
10_COTATION
10
456.800000
20
363.400000
30
0.0
40
2.000000
1
+2.46  AXE CHAUSSEE
41
0.850000
7
STANDARD
72
2
11
456.800000
21
363.400000
31
0.0
73
1
0
LINE
8
11_TEXTE
10
560.800000
20
324.500000
30
0.0
11
690.800000
21
351.500000
31
0.0
0
LINE
8
11_TEXTE
10
690.800000
20
351.500000
30
0.0
11
694.800000
21
351.500000
31
0.0
0
SOLID
8
11_TEXTE
10
560.800000
20
324.500000
30
0.0
11
563.339273
21
324.567784
31
0.0
12
563.156255
22
325.448979
32
0.0
13
563.156255
23
325.448979
33
0.0
0
TEXT
8
11_TEXTE
10
695.800000
20
351.500000
30
0.0
40
2.500000
1
TRAVERSE SUPERIEURE ep. 0.25
41
0.850000
7
STANDARD
72
0
11
695.800000
21
351.500000
31
0.0
73
2
0
LINE
8
11_TEXTE
10
515.800000
20
289.500000
30
0.0
11
430.800000
21
313.500000
31
0.0
0
LINE
8
11_TEXTE
10
430.800000
20
313.500000
30
0.0
11
426.800000
21
313.500000
31
0.0
0
SOLID
8
11_TEXTE
10
515.800000
20
289.500000
30
0.0
11
513.516344
21
290.612391
31
0.0
12
513.271787
22
289.746254
32
0.0
13
513.271787
23
289.746254
33
0.0
0
TEXT
8
11_TEXTE
10
425.800000
20
313.500000
30
0.0
40
2.500000
1
PIEDROIT ep. 0.25
41
0.850000
7
STANDARD
72
2
11
425.800000
21
313.500000
31
0.0
73
2
0
LINE
8
11_TEXTE
10
582.800000
20
253.500000
30
0.0
11
690.800000
21
229.500000
31
0.0
0
LINE
8
11_TEXTE
10
690.800000
20
229.500000
30
0.0
11
694.800000
21
229.500000
31
0.0
0
SOLID
8
11_TEXTE
10
582.800000
20
253.500000
30
0.0
11
585.142849
21
252.518390
31
0.0
12
585.338086
22
253.396958
32
0.0
13
585.338086
23
253.396958
33
0.0
0
TEXT
8
11_TEXTE
10
695.800000
20
229.500000
30
0.0
40
2.500000
1
RADIER ep. 0.30
41
0.850000
7
STANDARD
72
0
11
695.800000
21
229.500000
31
0.0
73
2
0
LINE
8
11_TEXTE
10
524.800000
20
263.500000
30
0.0
11
430.800000
21
237.500000
31
0.0
0
LINE
8
11_TEXTE
10
430.800000
20
237.500000
30
0.0
11
426.800000
21
237.500000
31
0.0
0
SOLID
8
11_TEXTE
10
524.800000
20
263.500000
30
0.0
11
522.270508
21
263.267250
31
0.0
12
522.510436
22
262.399820
32
0.0
13
522.510436
23
262.399820
33
0.0
0
TEXT
8
11_TEXTE
10
425.800000
20
237.500000
30
0.0
40
2.500000
1
GOUSSET 0.20 x 0.20
41
0.850000
7
STANDARD
72
2
11
425.800000
21
237.500000
31
0.0
73
2
0
LINE
8
11_TEXTE
10
608.800000
20
245.500000
30
0.0
11
690.800000
21
209.500000
31
0.0
0
LINE
8
11_TEXTE
10
690.800000
20
209.500000
30
0.0
11
694.800000
21
209.500000
31
0.0
0
SOLID
8
11_TEXTE
10
608.800000
20
245.500000
30
0.0
11
610.908215
21
244.082985
31
0.0
12
611.270006
22
244.907065
32
0.0
13
611.270006
23
244.907065
33
0.0
0
TEXT
8
11_TEXTE
10
695.800000
20
209.500000
30
0.0
40
2.500000
1
BETON DE PROPRETE ep. 0.10
41
0.850000
7
STANDARD
72
0
11
695.800000
21
209.500000
31
0.0
73
2
0
LINE
8
11_TEXTE
10
480.800000
20
311.500000
30
0.0
11
430.800000
21
341.500000
31
0.0
0
LINE
8
11_TEXTE
10
430.800000
20
341.500000
30
0.0
11
426.800000
21
341.500000
31
0.0
0
SOLID
8
11_TEXTE
10
480.800000
20
311.500000
30
0.0
11
478.887791
21
313.172111
31
0.0
12
478.424745
22
312.400368
32
0.0
13
478.424745
23
312.400368
33
0.0
0
TEXT
8
11_TEXTE
10
425.800000
20
341.500000
30
0.0
40
2.500000
1
REMBLAI CONTIGU COMPACTE A 95 %% OPM
41
0.850000
7
STANDARD
72
2
11
425.800000
21
341.500000
31
0.0
73
2
0
LINE
8
11_TEXTE
10
624.800000
20
355.000000
30
0.0
11
690.800000
21
383.800000
31
0.0
0
LINE
8
11_TEXTE
10
690.800000
20
383.800000
30
0.0
11
694.800000
21
383.800000
31
0.0
0
SOLID
8
11_TEXTE
10
624.800000
20
355.000000
30
0.0
11
627.271323
21
355.587418
31
0.0
12
626.911373
22
356.412304
32
0.0
13
626.911373
23
356.412304
33
0.0
0
TEXT
8
11_TEXTE
10
695.800000
20
383.800000
30
0.0
40
2.500000
1
CORPS DE CHAUSSEE ep. 0.25
41
0.850000
7
STANDARD
72
0
11
695.800000
21
383.800000
31
0.0
73
2
0
TEXT
8
11_TEXTE
10
560.800000
20
289.500000
30
0.0
40
3.250000
1
2.00 x 1.50
41
0.850000
7
STANDARD
72
1
11
560.800000
21
289.500000
31
0.0
73
2
0
ENDSEC
0
EOF
